receipt stored: .sot/receipts/5dad132722e635555370ee7fbcc0635944f162a026d99db45cacc44b54b84906.json
{
  "schema_version": "2.0.0",
  "snapshot_generation": 58,
  "manifest_digest": "sha256:e2800c798688c63fc284691ba5942df3733fe8b23f607dea7ef870b6a38e676a",
  "completeness": "COMPLETE_WITHIN_INDEX_CAPABILITY",
  "providers": [
    {
      "name": "tree-sitter-ast",
      "version": "0.26.0",
      "capability": "AST_HEURISTIC_PARSER"
    }
  ],
  "fallbacks_applied": [],
  "conflicts_detected": [],
  "data": {
    "schema_version": "1.7",
    "kind": "diff_impact",
    "proof_scope": "post_change",
    "diff_identity": {
      "target": "HEAD",
      "staged": false,
      "working_tree": true
    },
    "changed_files": [
      "plan/python-c-monorepo/evidence/completion-goals/M3b/20260906-managed-dispatch-v1/claims.log",
      "plan/python-c-monorepo/evidence/completion-goals/M3b/20260906-managed-dispatch-v1/doctor.log",
      "plan/python-c-monorepo/evidence/completion-goals/M3b/20260906-managed-dispatch-v1/final-doctor.log",
      "plan/python-c-monorepo/evidence/completion-goals/M3b/20260906-managed-dispatch-v1/final-full-pytest.log",
      "plan/python-c-monorepo/evidence/completion-goals/M3b/20260906-managed-dispatch-v1/final-impact.log",
      "plan/python-c-monorepo/evidence/completion-goals/M3b/20260906-managed-dispatch-v1/final-lint.log",
      "plan/python-c-monorepo/evidence/completion-goals/M3b/20260906-managed-dispatch-v1/final-reconcile.log",
      "plan/python-c-monorepo/evidence/completion-goals/M3b/20260906-managed-dispatch-v1/final-types.log",
      "plan/python-c-monorepo/evidence/completion-goals/M3b/20260906-managed-dispatch-v1/full-pytest.log",
      "plan/python-c-monorepo/evidence/completion-goals/M3b/20260906-managed-dispatch-v1/impact.log",
      "plan/python-c-monorepo/evidence/completion-goals/M3b/20260906-managed-dispatch-v1/lint.log",
      "plan/python-c-monorepo/evidence/completion-goals/M3b/20260906-managed-dispatch-v1/quality.log",
      "plan/python-c-monorepo/evidence/completion-goals/M3b/20260906-managed-dispatch-v1/reconcile.log",
      "plan/python-c-monorepo/evidence/completion-goals/M3b/20260906-managed-dispatch-v1/types.log",
      "plan/python-c-monorepo/trusted-opt-in-runbook.md",
      "plan/remaining-work-phased-plan-2026-09-05.md",
      "src/sot_graph/assurance/orchestrator.py",
      "src/sot_graph/cli.py",
      "src/sot_graph/mcp_service.py",
      "tests/test_managed_policy_parity.py",
      "tests/test_managed_read_dispatch.py"
    ],
    "changed_files_total": 21,
    "changed_files_truncated": false,
    "direct_nodes": [
      {
        "id": "file:051819ccb3cb",
        "path": "/Users/giapminh79/code/GitHub/sot-graph/plan/python-c-monorepo/trusted-opt-in-runbook.md",
        "kind": "file",
        "symbol": "trusted-opt-in-runbook.md",
        "fqn": "plan.python-c-monorepo.trusted-opt-in-runbook.md",
        "label": "File: plan/python-c-monorepo/trusted-opt-in-runbook.md",
        "line_start": 1,
        "line_end": 106,
        "change_type": "modified",
        "intersected_lines": [
          [
            1,
            1
          ],
          [
            5,
            5
          ],
          [
            7,
            7
          ],
          [
            63,
            78
          ],
          [
            82,
            82
          ],
          [
            86,
            88
          ],
          [
            94,
            94
          ]
        ]
      },
      {
        "id": "file:7b2e2b978702",
        "path": "/Users/giapminh79/code/GitHub/sot-graph/plan/remaining-work-phased-plan-2026-09-05.md",
        "kind": "file",
        "symbol": "remaining-work-phased-plan-2026-09-05.md",
        "fqn": "plan.remaining-work-phased-plan-2026-09-05.md",
        "label": "File: plan/remaining-work-phased-plan-2026-09-05.md",
        "line_start": 1,
        "line_end": 149,
        "change_type": "modified",
        "intersected_lines": [
          [
            1,
            148
          ]
        ]
      },
      {
        "id": "file:5d1e1f7db31a",
        "path": "/Users/giapminh79/code/GitHub/sot-graph/src/sot_graph/assurance/orchestrator.py",
        "kind": "file",
        "symbol": "orchestrator.py",
        "fqn": "sot_graph.assurance.orchestrator",
        "label": "File: src/sot_graph/assurance/orchestrator.py",
        "line_start": 1,
        "line_end": 966,
        "change_type": "modified",
        "intersected_lines": [
          [
            24,
            24
          ],
          [
            36,
            218
          ]
        ]
      },
      {
        "id": "sym:5d1e1f7db31a:managed_read_dispatch",
        "path": "/Users/giapminh79/code/GitHub/sot-graph/src/sot_graph/assurance/orchestrator.py",
        "kind": "function",
        "symbol": "managed_read_dispatch",
        "fqn": "sot_graph.assurance.orchestrator.managed_read_dispatch",
        "label": "def managed_read_dispatch \u2014 src/sot_graph/assurance/orchestrator.py:36",
        "line_start": 36,
        "line_end": 216,
        "change_type": "modified",
        "intersected_lines": [
          [
            36,
            218
          ]
        ]
      },
      {
        "id": "sym:5d1e1f7db31a:managed_read_dispatch.refuse",
        "path": "/Users/giapminh79/code/GitHub/sot-graph/src/sot_graph/assurance/orchestrator.py",
        "kind": "method",
        "symbol": "managed_read_dispatch.refuse",
        "fqn": "sot_graph.assurance.orchestrator.managed_read_dispatch.refuse",
        "label": "def refuse \u2014 src/sot_graph/assurance/orchestrator.py:57",
        "line_start": 57,
        "line_end": 73,
        "change_type": "modified",
        "intersected_lines": [
          [
            36,
            218
          ]
        ]
      },
      {
        "id": "file:a299afe5c13c",
        "path": "/Users/giapminh79/code/GitHub/sot-graph/src/sot_graph/cli.py",
        "kind": "file",
        "symbol": "cli.py",
        "fqn": "sot_graph.cli",
        "label": "File: src/sot_graph/cli.py",
        "line_start": 1,
        "line_end": 2699,
        "change_type": "modified",
        "intersected_lines": [
          [
            212,
            276
          ],
          [
            278,
            280
          ],
          [
            287,
            288
          ],
          [
            298,
            298
          ],
          [
            375,
            376
          ],
          [
            379,
            379
          ],
          [
            644,
            646
          ],
          [
            649,
            655
          ],
          [
            663,
            663
          ],
          [
            686,
            687
          ],
          [
            691,
            691
          ],
          [
            2188,
            2188
          ],
          [
            2214,
            2214
          ],
          [
            2216,
            2221
          ],
          [
            2529,
            2535
          ],
          [
            2582,
            2608
          ]
        ]
      },
      {
        "id": "sym:a299afe5c13c:_ExplicitProviderAction",
        "path": "/Users/giapminh79/code/GitHub/sot-graph/src/sot_graph/cli.py",
        "kind": "class",
        "symbol": "_ExplicitProviderAction",
        "fqn": "sot_graph.cli._ExplicitProviderAction",
        "label": "class _ExplicitProviderAction \u2014 src/sot_graph/cli.py:212",
        "line_start": 212,
        "line_end": 215,
        "change_type": "modified",
        "intersected_lines": [
          [
            212,
            276
          ]
        ]
      },
      {
        "id": "sym:a299afe5c13c:_ExplicitProviderAction.__call__",
        "path": "/Users/giapminh79/code/GitHub/sot-graph/src/sot_graph/cli.py",
        "kind": "method",
        "symbol": "_ExplicitProviderAction.__call__",
        "fqn": "sot_graph.cli._ExplicitProviderAction.__call__",
        "label": "def __call__ \u2014 src/sot_graph/cli.py:213",
        "line_start": 213,
        "line_end": 215,
        "change_type": "modified",
        "intersected_lines": [
          [
            212,
            276
          ]
        ]
      },
      {
        "id": "sym:a299afe5c13c:_managed_policy_metadata",
        "path": "/Users/giapminh79/code/GitHub/sot-graph/src/sot_graph/cli.py",
        "kind": "function",
        "symbol": "_managed_policy_metadata",
        "fqn": "sot_graph.cli._managed_policy_metadata",
        "label": "def _managed_policy_metadata \u2014 src/sot_graph/cli.py:218",
        "line_start": 218,
        "line_end": 224,
        "change_type": "modified",
        "intersected_lines": [
          [
            212,
            276
          ]
        ]
      },
      {
        "id": "sym:a299afe5c13c:_cli_managed_read",
        "path": "/Users/giapminh79/code/GitHub/sot-graph/src/sot_graph/cli.py",
        "kind": "function",
        "symbol": "_cli_managed_read",
        "fqn": "sot_graph.cli._cli_managed_read",
        "label": "def _cli_managed_read \u2014 src/sot_graph/cli.py:227",
        "line_start": 227,
        "line_end": 250,
        "change_type": "modified",
        "intersected_lines": [
          [
            212,
            276
          ]
        ]
      },
      {
        "id": "sym:a299afe5c13c:_print_managed_error",
        "path": "/Users/giapminh79/code/GitHub/sot-graph/src/sot_graph/cli.py",
        "kind": "function",
        "symbol": "_print_managed_error",
        "fqn": "sot_graph.cli._print_managed_error",
        "label": "def _print_managed_error \u2014 src/sot_graph/cli.py:253",
        "line_start": 253,
        "line_end": 261,
        "change_type": "modified",
        "intersected_lines": [
          [
            212,
            276
          ]
        ]
      },
      {
        "id": "sym:a299afe5c13c:_print_managed_read",
        "path": "/Users/giapminh79/code/GitHub/sot-graph/src/sot_graph/cli.py",
        "kind": "function",
        "symbol": "_print_managed_read",
        "fqn": "sot_graph.cli._print_managed_read",
        "label": "def _print_managed_read \u2014 src/sot_graph/cli.py:264",
        "line_start": 264,
        "line_end": 274,
        "change_type": "modified",
        "intersected_lines": [
          [
            212,
            276
          ]
        ]
      },
      {
        "id": "sym:a299afe5c13c:cmd_search",
        "path": "/Users/giapminh79/code/GitHub/sot-graph/src/sot_graph/cli.py",
        "kind": "function",
        "symbol": "cmd_search",
        "fqn": "sot_graph.cli.cmd_search",
        "label": "def cmd_search \u2014 src/sot_graph/cli.py:277",
        "line_start": 277,
        "line_end": 419,
        "change_type": "modified",
        "intersected_lines": [
          [
            278,
            280
          ],
          [
            287,
            288
          ],
          [
            298,
            298
          ],
          [
            375,
            376
          ],
          [
            379,
            379
          ]
        ]
      },
      {
        "id": "sym:a299afe5c13c:cmd_usages",
        "path": "/Users/giapminh79/code/GitHub/sot-graph/src/sot_graph/cli.py",
        "kind": "function",
        "symbol": "cmd_usages",
        "fqn": "sot_graph.cli.cmd_usages",
        "label": "def cmd_usages \u2014 src/sot_graph/cli.py:642",
        "line_start": 642,
        "line_end": 714,
        "change_type": "modified",
        "intersected_lines": [
          [
            644,
            646
          ],
          [
            649,
            655
          ],
          [
            663,
            663
          ],
          [
            686,
            687
          ],
          [
            691,
            691
          ]
        ]
      },
      {
        "id": "sym:a299afe5c13c:build_parser",
        "path": "/Users/giapminh79/code/GitHub/sot-graph/src/sot_graph/cli.py",
        "kind": "function",
        "symbol": "build_parser",
        "fqn": "sot_graph.cli.build_parser",
        "label": "def build_parser \u2014 src/sot_graph/cli.py:2170",
        "line_start": 2170,
        "line_end": 2510,
        "change_type": "modified",
        "intersected_lines": [
          [
            2188,
            2188
          ],
          [
            2214,
            2214
          ],
          [
            2216,
            2221
          ]
        ]
      },
      {
        "id": "sym:a299afe5c13c:main",
        "path": "/Users/giapminh79/code/GitHub/sot-graph/src/sot_graph/cli.py",
        "kind": "function",
        "symbol": "main",
        "fqn": "sot_graph.cli.main",
        "label": "def main \u2014 src/sot_graph/cli.py:2513",
        "line_start": 2513,
        "line_end": 2694,
        "change_type": "modified",
        "intersected_lines": [
          [
            2529,
            2535
          ],
          [
            2582,
            2608
          ]
        ]
      },
      {
        "id": "file:0430ca2f393f",
        "path": "/Users/giapminh79/code/GitHub/sot-graph/src/sot_graph/mcp_service.py",
        "kind": "file",
        "symbol": "mcp_service.py",
        "fqn": "sot_graph.mcp_service",
        "label": "File: src/sot_graph/mcp_service.py",
        "line_start": 1,
        "line_end": 1944,
        "change_type": "modified",
        "intersected_lines": [
          [
            69,
            69
          ],
          [
            72,
            72
          ],
          [
            75,
            79
          ],
          [
            134,
            175
          ],
          [
            727,
            727
          ],
          [
            730,
            730
          ],
          [
            781,
            783
          ],
          [
            795,
            795
          ],
          [
            901,
            901
          ],
          [
            1021,
            1022
          ],
          [
            984,
            984
          ],
          [
            1035,
            1037
          ],
          [
            1084,
            1084
          ],
          [
            1090,
            1105
          ]
        ]
      },
      {
        "id": "sym:0430ca2f393f:McpServiceError",
        "path": "/Users/giapminh79/code/GitHub/sot-graph/src/sot_graph/mcp_service.py",
        "kind": "class",
        "symbol": "McpServiceError",
        "fqn": "sot_graph.mcp_service.McpServiceError",
        "label": "class McpServiceError \u2014 src/sot_graph/mcp_service.py:66",
        "line_start": 66,
        "line_end": 79,
        "change_type": "modified",
        "intersected_lines": [
          [
            69,
            69
          ],
          [
            72,
            72
          ],
          [
            75,
            79
          ]
        ]
      },
      {
        "id": "sym:0430ca2f393f:McpServiceError.__init__",
        "path": "/Users/giapminh79/code/GitHub/sot-graph/src/sot_graph/mcp_service.py",
        "kind": "method",
        "symbol": "McpServiceError.__init__",
        "fqn": "sot_graph.mcp_service.McpServiceError.__init__",
        "label": "def __init__ \u2014 src/sot_graph/mcp_service.py:69",
        "line_start": 69,
        "line_end": 73,
        "change_type": "modified",
        "intersected_lines": [
          [
            69,
            69
          ],
          [
            72,
            72
          ]
        ]
      },
      {
        "id": "sym:0430ca2f393f:McpServiceError.as_dict",
        "path": "/Users/giapminh79/code/GitHub/sot-graph/src/sot_graph/mcp_service.py",
        "kind": "method",
        "symbol": "McpServiceError.as_dict",
        "fqn": "sot_graph.mcp_service.McpServiceError.as_dict",
        "label": "def as_dict \u2014 src/sot_graph/mcp_service.py:75",
        "line_start": 75,
        "line_end": 79,
        "change_type": "modified",
        "intersected_lines": [
          [
            75,
            79
          ]
        ]
      },
      {
        "id": "sym:0430ca2f393f:_managed_read_fields",
        "path": "/Users/giapminh79/code/GitHub/sot-graph/src/sot_graph/mcp_service.py",
        "kind": "function",
        "symbol": "_managed_read_fields",
        "fqn": "sot_graph.mcp_service._managed_read_fields",
        "label": "def _managed_read_fields \u2014 src/sot_graph/mcp_service.py:134",
        "line_start": 134,
        "line_end": 173,
        "change_type": "modified",
        "intersected_lines": [
          [
            134,
            175
          ]
        ]
      },
      {
        "id": "sym:0430ca2f393f:McpService",
        "path": "/Users/giapminh79/code/GitHub/sot-graph/src/sot_graph/mcp_service.py",
        "kind": "class",
        "symbol": "McpService",
        "fqn": "sot_graph.mcp_service.McpService",
        "label": "class McpService \u2014 src/sot_graph/mcp_service.py:208",
        "line_start": 208,
        "line_end": 1940,
        "change_type": "modified",
        "intersected_lines": [
          [
            727,
            727
          ],
          [
            730,
            730
          ],
          [
            781,
            783
          ],
          [
            795,
            795
          ],
          [
            901,
            901
          ],
          [
            1021,
            1022
          ],
          [
            984,
            984
          ],
          [
            1035,
            1037
          ],
          [
            1084,
            1084
          ],
          [
            1090,
            1105
          ]
        ]
      },
      {
        "id": "sym:0430ca2f393f:McpService._degrade_assurance_after_trim",
        "path": "/Users/giapminh79/code/GitHub/sot-graph/src/sot_graph/mcp_service.py",
        "kind": "method",
        "symbol": "McpService._degrade_assurance_after_trim",
        "fqn": "sot_graph.mcp_service.McpService._degrade_assurance_after_trim",
        "label": "def _degrade_assurance_after_trim \u2014 src/sot_graph/mcp_service.py:697",
        "line_start": 697,
        "line_end": 755,
        "change_type": "modified",
        "intersected_lines": [
          [
            727,
            727
          ],
          [
            730,
            730
          ]
        ]
      },
      {
        "id": "sym:0430ca2f393f:McpService.search",
        "path": "/Users/giapminh79/code/GitHub/sot-graph/src/sot_graph/mcp_service.py",
        "kind": "method",
        "symbol": "McpService.search",
        "fqn": "sot_graph.mcp_service.McpService.search",
        "label": "def search \u2014 src/sot_graph/mcp_service.py:757",
        "line_start": 757,
        "line_end": 913,
        "change_type": "modified",
        "intersected_lines": [
          [
            781,
            783
          ],
          [
            795,
            795
          ],
          [
            901,
            901
          ]
        ]
      },
      {
        "id": "sym:0430ca2f393f:McpService.search.empty_op",
        "path": "/Users/giapminh79/code/GitHub/sot-graph/src/sot_graph/mcp_service.py",
        "kind": "method",
        "symbol": "McpService.search.empty_op",
        "fqn": "sot_graph.mcp_service.McpService.search.empty_op",
        "label": "def empty_op \u2014 src/sot_graph/mcp_service.py:789",
        "line_start": 789,
        "line_end": 808,
        "change_type": "modified",
        "intersected_lines": [
          [
            795,
            795
          ]
        ]
      },
      {
        "id": "sym:0430ca2f393f:McpService.search.op",
        "path": "/Users/giapminh79/code/GitHub/sot-graph/src/sot_graph/mcp_service.py",
        "kind": "method",
        "symbol": "McpService.search.op",
        "fqn": "sot_graph.mcp_service.McpService.search.op",
        "label": "def op \u2014 src/sot_graph/mcp_service.py:812",
        "line_start": 812,
        "line_end": 912,
        "change_type": "modified",
        "intersected_lines": [
          [
            901,
            901
          ]
        ]
      },
      {
        "id": "sym:0430ca2f393f:McpService.explore",
        "path": "/Users/giapminh79/code/GitHub/sot-graph/src/sot_graph/mcp_service.py",
        "kind": "method",
        "symbol": "McpService.explore",
        "fqn": "sot_graph.mcp_service.McpService.explore",
        "label": "def explore \u2014 src/sot_graph/mcp_service.py:915",
        "line_start": 915,
        "line_end": 998,
        "change_type": "modified",
        "intersected_lines": [
          [
            984,
            984
          ]
        ]
      },
      {
        "id": "sym:0430ca2f393f:McpService.explore.op",
        "path": "/Users/giapminh79/code/GitHub/sot-graph/src/sot_graph/mcp_service.py",
        "kind": "method",
        "symbol": "McpService.explore.op",
        "fqn": "sot_graph.mcp_service.McpService.explore.op",
        "label": "def op \u2014 src/sot_graph/mcp_service.py:923",
        "line_start": 923,
        "line_end": 997,
        "change_type": "modified",
        "intersected_lines": [
          [
            984,
            984
          ]
        ]
      },
      {
        "id": "sym:0430ca2f393f:McpService.usages",
        "path": "/Users/giapminh79/code/GitHub/sot-graph/src/sot_graph/mcp_service.py",
        "kind": "method",
        "symbol": "McpService.usages",
        "fqn": "sot_graph.mcp_service.McpService.usages",
        "label": "def usages \u2014 src/sot_graph/mcp_service.py:1017",
        "line_start": 1017,
        "line_end": 1105,
        "change_type": "modified",
        "intersected_lines": [
          [
            1021,
            1022
          ],
          [
            1035,
            1037
          ],
          [
            1084,
            1084
          ],
          [
            1090,
            1105
          ]
        ]
      },
      {
        "id": "sym:0430ca2f393f:McpService.usages.op",
        "path": "/Users/giapminh79/code/GitHub/sot-graph/src/sot_graph/mcp_service.py",
        "kind": "method",
        "symbol": "McpService.usages.op",
        "fqn": "sot_graph.mcp_service.McpService.usages.op",
        "label": "def op \u2014 src/sot_graph/mcp_service.py:1039",
        "line_start": 1039,
        "line_end": 1089,
        "change_type": "modified",
        "intersected_lines": [
          [
            1084,
            1084
          ]
        ]
      },
      {
        "id": "file:1747a3cf05a2",
        "path": "/Users/giapminh79/code/GitHub/sot-graph/tests/test_managed_policy_parity.py",
        "kind": "file",
        "symbol": "test_managed_policy_parity.py",
        "fqn": "tests.test_managed_policy_parity",
        "label": "File: tests/test_managed_policy_parity.py",
        "line_start": 1,
        "line_end": 268,
        "change_type": "modified",
        "intersected_lines": [
          [
            1,
            267
          ]
        ]
      },
      {
        "id": "sym:1747a3cf05a2:repo",
        "path": "/Users/giapminh79/code/GitHub/sot-graph/tests/test_managed_policy_parity.py",
        "kind": "function",
        "symbol": "repo",
        "fqn": "tests.test_managed_policy_parity.repo",
        "label": "def repo \u2014 tests/test_managed_policy_parity.py:17",
        "line_start": 17,
        "line_end": 35,
        "change_type": "modified",
        "intersected_lines": [
          [
            1,
            267
          ]
        ]
      },
      {
        "id": "sym:1747a3cf05a2:repo.git_only",
        "path": "/Users/giapminh79/code/GitHub/sot-graph/tests/test_managed_policy_parity.py",
        "kind": "method",
        "symbol": "repo.git_only",
        "fqn": "tests.test_managed_policy_parity.repo.git_only",
        "label": "def git_only \u2014 tests/test_managed_policy_parity.py:30",
        "line_start": 30,
        "line_end": 32,
        "change_type": "modified",
        "intersected_lines": [
          [
            1,
            267
          ]
        ]
      },
      {
        "id": "sym:1747a3cf05a2:snapshot",
        "path": "/Users/giapminh79/code/GitHub/sot-graph/tests/test_managed_policy_parity.py",
        "kind": "function",
        "symbol": "snapshot",
        "fqn": "tests.test_managed_policy_parity.snapshot",
        "label": "def snapshot \u2014 tests/test_managed_policy_parity.py:38",
        "line_start": 38,
        "line_end": 40,
        "change_type": "modified",
        "intersected_lines": [
          [
            1,
            267
          ]
        ]
      },
      {
        "id": "sym:1747a3cf05a2:service",
        "path": "/Users/giapminh79/code/GitHub/sot-graph/tests/test_managed_policy_parity.py",
        "kind": "function",
        "symbol": "service",
        "fqn": "tests.test_managed_policy_parity.service",
        "label": "def service \u2014 tests/test_managed_policy_parity.py:43",
        "line_start": 43,
        "line_end": 44,
        "change_type": "modified",
        "intersected_lines": [
          [
            1,
            267
          ]
        ]
      },
      {
        "id": "sym:1747a3cf05a2:outcome",
        "path": "/Users/giapminh79/code/GitHub/sot-graph/tests/test_managed_policy_parity.py",
        "kind": "function",
        "symbol": "outcome",
        "fqn": "tests.test_managed_policy_parity.outcome",
        "label": "def outcome \u2014 tests/test_managed_policy_parity.py:47",
        "line_start": 47,
        "line_end": 52,
        "change_type": "modified",
        "intersected_lines": [
          [
            1,
            267
          ]
        ]
      },
      {
        "id": "sym:1747a3cf05a2:dispatch",
        "path": "/Users/giapminh79/code/GitHub/sot-graph/tests/test_managed_policy_parity.py",
        "kind": "function",
        "symbol": "dispatch",
        "fqn": "tests.test_managed_policy_parity.dispatch",
        "label": "def dispatch \u2014 tests/test_managed_policy_parity.py:55",
        "line_start": 55,
        "line_end": 58,
        "change_type": "modified",
        "intersected_lines": [
          [
            1,
            267
          ]
        ]
      },
      {
        "id": "sym:1747a3cf05a2:run_cli",
        "path": "/Users/giapminh79/code/GitHub/sot-graph/tests/test_managed_policy_parity.py",
        "kind": "function",
        "symbol": "run_cli",
        "fqn": "tests.test_managed_policy_parity.run_cli",
        "label": "def run_cli \u2014 tests/test_managed_policy_parity.py:61",
        "line_start": 61,
        "line_end": 69,
        "change_type": "modified",
        "intersected_lines": [
          [
            1,
            267
          ]
        ]
      },
      {
        "id": "sym:1747a3cf05a2:test_builtin_never_dispatches_or_loads_managed_config",
        "path": "/Users/giapminh79/code/GitHub/sot-graph/tests/test_managed_policy_parity.py",
        "kind": "function",
        "symbol": "test_builtin_never_dispatches_or_loads_managed_config",
        "fqn": "tests.test_managed_policy_parity.test_builtin_never_dispatches_or_loads_managed_config",
        "label": "def test_builtin_never_dispatches_or_loads_managed_config \u2014 tests/test_managed_policy_parity.py:73",
        "line_start": 73,
        "line_end": 84,
        "change_type": "modified",
        "intersected_lines": [
          [
            1,
            267
          ]
        ]
      },
      {
        "id": "sym:1747a3cf05a2:test_fallback_and_fail_closed_parity",
        "path": "/Users/giapminh79/code/GitHub/sot-graph/tests/test_managed_policy_parity.py",
        "kind": "function",
        "symbol": "test_fallback_and_fail_closed_parity",
        "fqn": "tests.test_managed_policy_parity.test_fallback_and_fail_closed_parity",
        "label": "def test_fallback_and_fail_closed_parity \u2014 tests/test_managed_policy_parity.py:93",
        "line_start": 93,
        "line_end": 119,
        "change_type": "modified",
        "intersected_lines": [
          [
            1,
            267
          ]
        ]
      },
      {
        "id": "sym:1747a3cf05a2:test_search_evidence_does_not_promote_builtin_trust",
        "path": "/Users/giapminh79/code/GitHub/sot-graph/tests/test_managed_policy_parity.py",
        "kind": "function",
        "symbol": "test_search_evidence_does_not_promote_builtin_trust",
        "fqn": "tests.test_managed_policy_parity.test_search_evidence_does_not_promote_builtin_trust",
        "label": "def test_search_evidence_does_not_promote_builtin_trust \u2014 tests/test_managed_policy_parity.py:122",
        "line_start": 122,
        "line_end": 139,
        "change_type": "modified",
        "intersected_lines": [
          [
            1,
            267
          ]
        ]
      },
      {
        "id": "sym:1747a3cf05a2:test_mcp_invalid_bounds_precede_dispatch",
        "path": "/Users/giapminh79/code/GitHub/sot-graph/tests/test_managed_policy_parity.py",
        "kind": "function",
        "symbol": "test_mcp_invalid_bounds_precede_dispatch",
        "fqn": "tests.test_managed_policy_parity.test_mcp_invalid_bounds_precede_dispatch",
        "label": "def test_mcp_invalid_bounds_precede_dispatch \u2014 tests/test_managed_policy_parity.py:145",
        "line_start": 145,
        "line_end": 152,
        "change_type": "modified",
        "intersected_lines": [
          [
            1,
            267
          ]
        ]
      },
      {
        "id": "sym:1747a3cf05a2:test_mcp_clamps_limit_and_budget_before_dispatch",
        "path": "/Users/giapminh79/code/GitHub/sot-graph/tests/test_managed_policy_parity.py",
        "kind": "function",
        "symbol": "test_mcp_clamps_limit_and_budget_before_dispatch",
        "fqn": "tests.test_managed_policy_parity.test_mcp_clamps_limit_and_budget_before_dispatch",
        "label": "def test_mcp_clamps_limit_and_budget_before_dispatch \u2014 tests/test_managed_policy_parity.py:156",
        "line_start": 156,
        "line_end": 161,
        "change_type": "modified",
        "intersected_lines": [
          [
            1,
            267
          ]
        ]
      },
      {
        "id": "sym:1747a3cf05a2:test_cli_explicit_legacy_provider_conflicts",
        "path": "/Users/giapminh79/code/GitHub/sot-graph/tests/test_managed_policy_parity.py",
        "kind": "function",
        "symbol": "test_cli_explicit_legacy_provider_conflicts",
        "fqn": "tests.test_managed_policy_parity.test_cli_explicit_legacy_provider_conflicts",
        "label": "def test_cli_explicit_legacy_provider_conflicts \u2014 tests/test_managed_policy_parity.py:166",
        "line_start": 166,
        "line_end": 183,
        "change_type": "modified",
        "intersected_lines": [
          [
            1,
            267
          ]
        ]
      },
      {
        "id": "sym:1747a3cf05a2:test_cli_invalid_search_bounds_precede_trusted_loader",
        "path": "/Users/giapminh79/code/GitHub/sot-graph/tests/test_managed_policy_parity.py",
        "kind": "function",
        "symbol": "test_cli_invalid_search_bounds_precede_trusted_loader",
        "fqn": "tests.test_managed_policy_parity.test_cli_invalid_search_bounds_precede_trusted_loader",
        "label": "def test_cli_invalid_search_bounds_precede_trusted_loader \u2014 tests/test_managed_policy_parity.py:188",
        "line_start": 188,
        "line_end": 198,
        "change_type": "modified",
        "intersected_lines": [
          [
            1,
            267
          ]
        ]
      },
      {
        "id": "sym:1747a3cf05a2:test_cli_external_never_reconciles_or_creates_database",
        "path": "/Users/giapminh79/code/GitHub/sot-graph/tests/test_managed_policy_parity.py",
        "kind": "function",
        "symbol": "test_cli_external_never_reconciles_or_creates_database",
        "fqn": "tests.test_managed_policy_parity.test_cli_external_never_reconciles_or_creates_database",
        "label": "def test_cli_external_never_reconciles_or_creates_database \u2014 tests/test_managed_policy_parity.py:203",
        "line_start": 203,
        "line_end": 216,
        "change_type": "modified",
        "intersected_lines": [
          [
            1,
            267
          ]
        ]
      },
      {
        "id": "sym:1747a3cf05a2:test_builtin_error_serialization_remains_code_message_only",
        "path": "/Users/giapminh79/code/GitHub/sot-graph/tests/test_managed_policy_parity.py",
        "kind": "function",
        "symbol": "test_builtin_error_serialization_remains_code_message_only",
        "fqn": "tests.test_managed_policy_parity.test_builtin_error_serialization_remains_code_message_only",
        "label": "def test_builtin_error_serialization_remains_code_message_only \u2014 tests/test_managed_policy_parity.py:219",
        "line_start": 219,
        "line_end": 225,
        "change_type": "modified",
        "intersected_lines": [
          [
            1,
            267
          ]
        ]
      },
      {
        "id": "sym:1747a3cf05a2:test_external_missing_target_retains_policy_and_managed",
        "path": "/Users/giapminh79/code/GitHub/sot-graph/tests/test_managed_policy_parity.py",
        "kind": "function",
        "symbol": "test_external_missing_target_retains_policy_and_managed",
        "fqn": "tests.test_managed_policy_parity.test_external_missing_target_retains_policy_and_managed",
        "label": "def test_external_missing_target_retains_policy_and_managed \u2014 tests/test_managed_policy_parity.py:228",
        "line_start": 228,
        "line_end": 240,
        "change_type": "modified",
        "intersected_lines": [
          [
            1,
            267
          ]
        ]
      },
      {
        "id": "sym:1747a3cf05a2:test_external_error_diagnostics_are_safe_and_metadata_retained",
        "path": "/Users/giapminh79/code/GitHub/sot-graph/tests/test_managed_policy_parity.py",
        "kind": "function",
        "symbol": "test_external_error_diagnostics_are_safe_and_metadata_retained",
        "fqn": "tests.test_managed_policy_parity.test_external_error_diagnostics_are_safe_and_metadata_retained",
        "label": "def test_external_error_diagnostics_are_safe_and_metadata_retained \u2014 tests/test_managed_policy_parity.py:244",
        "line_start": 244,
        "line_end": 267,
        "change_type": "modified",
        "intersected_lines": [
          [
            1,
            267
          ]
        ]
      },
      {
        "id": "file:b59b1cd8bb8c",
        "path": "/Users/giapminh79/code/GitHub/sot-graph/tests/test_managed_read_dispatch.py",
        "kind": "file",
        "symbol": "test_managed_read_dispatch.py",
        "fqn": "tests.test_managed_read_dispatch",
        "label": "File: tests/test_managed_read_dispatch.py",
        "line_start": 1,
        "line_end": 307,
        "change_type": "modified",
        "intersected_lines": [
          [
            1,
            306
          ]
        ]
      },
      {
        "id": "sym:b59b1cd8bb8c:no_legacy_or_writes",
        "path": "/Users/giapminh79/code/GitHub/sot-graph/tests/test_managed_read_dispatch.py",
        "kind": "function",
        "symbol": "no_legacy_or_writes",
        "fqn": "tests.test_managed_read_dispatch.no_legacy_or_writes",
        "label": "def no_legacy_or_writes \u2014 tests/test_managed_read_dispatch.py:20",
        "line_start": 20,
        "line_end": 29,
        "change_type": "modified",
        "intersected_lines": [
          [
            1,
            306
          ]
        ]
      },
      {
        "id": "sym:b59b1cd8bb8c:no_legacy_or_writes.forbidden",
        "path": "/Users/giapminh79/code/GitHub/sot-graph/tests/test_managed_read_dispatch.py",
        "kind": "method",
        "symbol": "no_legacy_or_writes.forbidden",
        "fqn": "tests.test_managed_read_dispatch.no_legacy_or_writes.forbidden",
        "label": "def forbidden \u2014 tests/test_managed_read_dispatch.py:21",
        "line_start": 21,
        "line_end": 22,
        "change_type": "modified",
        "intersected_lines": [
          [
            1,
            306
          ]
        ]
      },
      {
        "id": "sym:b59b1cd8bb8c:dispatch",
        "path": "/Users/giapminh79/code/GitHub/sot-graph/tests/test_managed_read_dispatch.py",
        "kind": "function",
        "symbol": "dispatch",
        "fqn": "tests.test_managed_read_dispatch.dispatch",
        "label": "def dispatch \u2014 tests/test_managed_read_dispatch.py:32",
        "line_start": 32,
        "line_end": 34,
        "change_type": "modified",
        "intersected_lines": [
          [
            1,
            306
          ]
        ]
      },
      {
        "id": "sym:b59b1cd8bb8c:assert_refusal",
        "path": "/Users/giapminh79/code/GitHub/sot-graph/tests/test_managed_read_dispatch.py",
        "kind": "function",
        "symbol": "assert_refusal",
        "fqn": "tests.test_managed_read_dispatch.assert_refusal",
        "label": "def assert_refusal \u2014 tests/test_managed_read_dispatch.py:37",
        "line_start": 37,
        "line_end": 45,
        "change_type": "modified",
        "intersected_lines": [
          [
            1,
            306
          ]
        ]
      },
      {
        "id": "sym:b59b1cd8bb8c:test_builtin_bypasses_all_loaders_even_corrupt_configuration",
        "path": "/Users/giapminh79/code/GitHub/sot-graph/tests/test_managed_read_dispatch.py",
        "kind": "function",
        "symbol": "test_builtin_bypasses_all_loaders_even_corrupt_configuration",
        "fqn": "tests.test_managed_read_dispatch.test_builtin_bypasses_all_loaders_even_corrupt_configuration",
        "label": "def test_builtin_bypasses_all_loaders_even_corrupt_configuration \u2014 tests/test_managed_read_dispatch.py:48",
        "line_start": 48,
        "line_end": 61,
        "change_type": "modified",
        "intersected_lines": [
          [
            1,
            306
          ]
        ]
      },
      {
        "id": "sym:b59b1cd8bb8c:test_unsupported_usages_never_loads",
        "path": "/Users/giapminh79/code/GitHub/sot-graph/tests/test_managed_read_dispatch.py",
        "kind": "function",
        "symbol": "test_unsupported_usages_never_loads",
        "fqn": "tests.test_managed_read_dispatch.test_unsupported_usages_never_loads",
        "label": "def test_unsupported_usages_never_loads \u2014 tests/test_managed_read_dispatch.py:65",
        "line_start": 65,
        "line_end": 71,
        "change_type": "modified",
        "intersected_lines": [
          [
            1,
            306
          ]
        ]
      },
      {
        "id": "sym:b59b1cd8bb8c:test_real_trusted_configuration_failures",
        "path": "/Users/giapminh79/code/GitHub/sot-graph/tests/test_managed_read_dispatch.py",
        "kind": "function",
        "symbol": "test_real_trusted_configuration_failures",
        "fqn": "tests.test_managed_read_dispatch.test_real_trusted_configuration_failures",
        "label": "def test_real_trusted_configuration_failures \u2014 tests/test_managed_read_dispatch.py:76",
        "line_start": 76,
        "line_end": 95,
        "change_type": "modified",
        "intersected_lines": [
          [
            1,
            306
          ]
        ]
      },
      {
        "id": "sym:b59b1cd8bb8c:test_explicit_repository_denial_precedes_admin_loader",
        "path": "/Users/giapminh79/code/GitHub/sot-graph/tests/test_managed_read_dispatch.py",
        "kind": "function",
        "symbol": "test_explicit_repository_denial_precedes_admin_loader",
        "fqn": "tests.test_managed_read_dispatch.test_explicit_repository_denial_precedes_admin_loader",
        "label": "def test_explicit_repository_denial_precedes_admin_loader \u2014 tests/test_managed_read_dispatch.py:99",
        "line_start": 99,
        "line_end": 106,
        "change_type": "modified",
        "intersected_lines": [
          [
            1,
            306
          ]
        ]
      },
      {
        "id": "sym:b59b1cd8bb8c:test_repository_cannot_grant_native_execution",
        "path": "/Users/giapminh79/code/GitHub/sot-graph/tests/test_managed_read_dispatch.py",
        "kind": "function",
        "symbol": "test_repository_cannot_grant_native_execution",
        "fqn": "tests.test_managed_read_dispatch.test_repository_cannot_grant_native_execution",
        "label": "def test_repository_cannot_grant_native_execution \u2014 tests/test_managed_read_dispatch.py:109",
        "line_start": 109,
        "line_end": 116,
        "change_type": "modified",
        "intersected_lines": [
          [
            1,
            306
          ]
        ]
      },
      {
        "id": "sym:b59b1cd8bb8c:test_real_adapter_retains_runtime_readiness_guard",
        "path": "/Users/giapminh79/code/GitHub/sot-graph/tests/test_managed_read_dispatch.py",
        "kind": "function",
        "symbol": "test_real_adapter_retains_runtime_readiness_guard",
        "fqn": "tests.test_managed_read_dispatch.test_real_adapter_retains_runtime_readiness_guard",
        "label": "def test_real_adapter_retains_runtime_readiness_guard \u2014 tests/test_managed_read_dispatch.py:120",
        "line_start": 120,
        "line_end": 138,
        "change_type": "modified",
        "intersected_lines": [
          [
            1,
            306
          ]
        ]
      },
      {
        "id": "sym:b59b1cd8bb8c:test_real_adapter_retains_runtime_readiness_guard.guard",
        "path": "/Users/giapminh79/code/GitHub/sot-graph/tests/test_managed_read_dispatch.py",
        "kind": "method",
        "symbol": "test_real_adapter_retains_runtime_readiness_guard.guard",
        "fqn": "tests.test_managed_read_dispatch.test_real_adapter_retains_runtime_readiness_guard.guard",
        "label": "def guard \u2014 tests/test_managed_read_dispatch.py:128",
        "line_start": 128,
        "line_end": 130,
        "change_type": "modified",
        "intersected_lines": [
          [
            1,
            306
          ]
        ]
      },
      {
        "id": "sym:b59b1cd8bb8c:test_registered_provider_and_exact_normalization_are_reused",
        "path": "/Users/giapminh79/code/GitHub/sot-graph/tests/test_managed_read_dispatch.py",
        "kind": "function",
        "symbol": "test_registered_provider_and_exact_normalization_are_reused",
        "fqn": "tests.test_managed_read_dispatch.test_registered_provider_and_exact_normalization_are_reused",
        "label": "def test_registered_provider_and_exact_normalization_are_reused \u2014 tests/test_managed_read_dispatch.py:142",
        "line_start": 142,
        "line_end": 172,
        "change_type": "modified",
        "intersected_lines": [
          [
            1,
            306
          ]
        ]
      },
      {
        "id": "sym:b59b1cd8bb8c:test_invalid_limit_errors_without_loader",
        "path": "/Users/giapminh79/code/GitHub/sot-graph/tests/test_managed_read_dispatch.py",
        "kind": "function",
        "symbol": "test_invalid_limit_errors_without_loader",
        "fqn": "tests.test_managed_read_dispatch.test_invalid_limit_errors_without_loader",
        "label": "def test_invalid_limit_errors_without_loader \u2014 tests/test_managed_read_dispatch.py:176",
        "line_start": 176,
        "line_end": 182,
        "change_type": "modified",
        "intersected_lines": [
          [
            1,
            306
          ]
        ]
      },
      {
        "id": "sym:b59b1cd8bb8c:test_scope_postfilter_and_limit_clamp",
        "path": "/Users/giapminh79/code/GitHub/sot-graph/tests/test_managed_read_dispatch.py",
        "kind": "function",
        "symbol": "test_scope_postfilter_and_limit_clamp",
        "fqn": "tests.test_managed_read_dispatch.test_scope_postfilter_and_limit_clamp",
        "label": "def test_scope_postfilter_and_limit_clamp \u2014 tests/test_managed_read_dispatch.py:185",
        "line_start": 185,
        "line_end": 199,
        "change_type": "modified",
        "intersected_lines": [
          [
            1,
            306
          ]
        ]
      },
      {
        "id": "sym:b59b1cd8bb8c:test_environment_deny_precedes_admin_loader",
        "path": "/Users/giapminh79/code/GitHub/sot-graph/tests/test_managed_read_dispatch.py",
        "kind": "function",
        "symbol": "test_environment_deny_precedes_admin_loader",
        "fqn": "tests.test_managed_read_dispatch.test_environment_deny_precedes_admin_loader",
        "label": "def test_environment_deny_precedes_admin_loader \u2014 tests/test_managed_read_dispatch.py:203",
        "line_start": 203,
        "line_end": 208,
        "change_type": "modified",
        "intersected_lines": [
          [
            1,
            306
          ]
        ]
      },
      {
        "id": "sym:b59b1cd8bb8c:test_malformed_repository_config_never_loads_admin",
        "path": "/Users/giapminh79/code/GitHub/sot-graph/tests/test_managed_read_dispatch.py",
        "kind": "function",
        "symbol": "test_malformed_repository_config_never_loads_admin",
        "fqn": "tests.test_managed_read_dispatch.test_malformed_repository_config_never_loads_admin",
        "label": "def test_malformed_repository_config_never_loads_admin \u2014 tests/test_managed_read_dispatch.py:212",
        "line_start": 212,
        "line_end": 218,
        "change_type": "modified",
        "intersected_lines": [
          [
            1,
            306
          ]
        ]
      },
      {
        "id": "sym:b59b1cd8bb8c:test_escaping_scope_is_invalid_without_loader",
        "path": "/Users/giapminh79/code/GitHub/sot-graph/tests/test_managed_read_dispatch.py",
        "kind": "function",
        "symbol": "test_escaping_scope_is_invalid_without_loader",
        "fqn": "tests.test_managed_read_dispatch.test_escaping_scope_is_invalid_without_loader",
        "label": "def test_escaping_scope_is_invalid_without_loader \u2014 tests/test_managed_read_dispatch.py:222",
        "line_start": 222,
        "line_end": 232,
        "change_type": "modified",
        "intersected_lines": [
          [
            1,
            306
          ]
        ]
      },
      {
        "id": "sym:b59b1cd8bb8c:test_invalid_query_does_not_load_admin",
        "path": "/Users/giapminh79/code/GitHub/sot-graph/tests/test_managed_read_dispatch.py",
        "kind": "function",
        "symbol": "test_invalid_query_does_not_load_admin",
        "fqn": "tests.test_managed_read_dispatch.test_invalid_query_does_not_load_admin",
        "label": "def test_invalid_query_does_not_load_admin \u2014 tests/test_managed_read_dispatch.py:236",
        "line_start": 236,
        "line_end": 243,
        "change_type": "modified",
        "intersected_lines": [
          [
            1,
            306
          ]
        ]
      },
      {
        "id": "sym:b59b1cd8bb8c:test_unsafe_repository_config_is_not_read_as_grant",
        "path": "/Users/giapminh79/code/GitHub/sot-graph/tests/test_managed_read_dispatch.py",
        "kind": "function",
        "symbol": "test_unsafe_repository_config_is_not_read_as_grant",
        "fqn": "tests.test_managed_read_dispatch.test_unsafe_repository_config_is_not_read_as_grant",
        "label": "def test_unsafe_repository_config_is_not_read_as_grant \u2014 tests/test_managed_read_dispatch.py:247",
        "line_start": 247,
        "line_end": 260,
        "change_type": "modified",
        "intersected_lines": [
          [
            1,
            306
          ]
        ]
      },
      {
        "id": "sym:b59b1cd8bb8c:test_requested_limit_truncates_normalized_evidence",
        "path": "/Users/giapminh79/code/GitHub/sot-graph/tests/test_managed_read_dispatch.py",
        "kind": "function",
        "symbol": "test_requested_limit_truncates_normalized_evidence",
        "fqn": "tests.test_managed_read_dispatch.test_requested_limit_truncates_normalized_evidence",
        "label": "def test_requested_limit_truncates_normalized_evidence \u2014 tests/test_managed_read_dispatch.py:263",
        "line_start": 263,
        "line_end": 276,
        "change_type": "modified",
        "intersected_lines": [
          [
            1,
            306
          ]
        ]
      },
      {
        "id": "sym:b59b1cd8bb8c:test_native_candidates_cannot_escape_root",
        "path": "/Users/giapminh79/code/GitHub/sot-graph/tests/test_managed_read_dispatch.py",
        "kind": "function",
        "symbol": "test_native_candidates_cannot_escape_root",
        "fqn": "tests.test_managed_read_dispatch.test_native_candidates_cannot_escape_root",
        "label": "def test_native_candidates_cannot_escape_root \u2014 tests/test_managed_read_dispatch.py:280",
        "line_start": 280,
        "line_end": 293,
        "change_type": "modified",
        "intersected_lines": [
          [
            1,
            306
          ]
        ]
      },
      {
        "id": "sym:b59b1cd8bb8c:test_native_failure_never_leaks_diagnostic",
        "path": "/Users/giapminh79/code/GitHub/sot-graph/tests/test_managed_read_dispatch.py",
        "kind": "function",
        "symbol": "test_native_failure_never_leaks_diagnostic",
        "fqn": "tests.test_managed_read_dispatch.test_native_failure_never_leaks_diagnostic",
        "label": "def test_native_failure_never_leaks_diagnostic \u2014 tests/test_managed_read_dispatch.py:297",
        "line_start": 297,
        "line_end": 306,
        "change_type": "modified",
        "intersected_lines": [
          [
            1,
            306
          ]
        ]
      }
    ],
    "caller_impacts": [
      {
        "id": "file:a19ed4a6c769",
        "path": "/Users/giapminh79/code/GitHub/sot-graph/scripts/adapter_docs_check.py",
        "kind": "file",
        "symbol": "adapter_docs_check.py",
        "fqn": "scripts.adapter_docs_check",
        "label": "File: scripts/adapter_docs_check.py",
        "line_start": 1,
        "depth": 1,
        "via_relation": "imports",
        "callee_id": "sym:a299afe5c13c:build_parser",
        "callee_symbol": "build_parser"
      },
      {
        "id": "sym:a19ed4a6c769:CliTruth.__init__",
        "path": "/Users/giapminh79/code/GitHub/sot-graph/scripts/adapter_docs_check.py",
        "kind": "method",
        "symbol": "CliTruth.__init__",
        "fqn": "scripts.adapter_docs_check.CliTruth.__init__",
        "label": "def __init__ \u2014 scripts/adapter_docs_check.py:146",
        "line_start": 146,
        "depth": 1,
        "via_relation": "calls",
        "callee_id": "sym:a299afe5c13c:build_parser",
        "callee_symbol": "build_parser"
      },
      {
        "id": "file:c3d36d674c17",
        "path": "/Users/giapminh79/code/GitHub/sot-graph/scripts/bench_holdout.py",
        "kind": "file",
        "symbol": "bench_holdout.py",
        "fqn": "scripts.bench_holdout",
        "label": "File: scripts/bench_holdout.py",
        "line_start": 1,
        "depth": 1,
        "via_relation": "imports",
        "callee_id": "sym:0430ca2f393f:McpService",
        "callee_symbol": "McpService"
      },
      {
        "id": "sym:c3d36d674c17:run_repo",
        "path": "/Users/giapminh79/code/GitHub/sot-graph/scripts/bench_holdout.py",
        "kind": "function",
        "symbol": "run_repo",
        "fqn": "scripts.bench_holdout.run_repo",
        "label": "def run_repo \u2014 scripts/bench_holdout.py:689",
        "line_start": 689,
        "depth": 1,
        "via_relation": "calls",
        "callee_id": "sym:0430ca2f393f:McpService",
        "callee_symbol": "McpService"
      },
      {
        "id": "file:d96f963a2a22",
        "path": "/Users/giapminh79/code/GitHub/sot-graph/scripts/module_eval.py",
        "kind": "file",
        "symbol": "module_eval.py",
        "fqn": "scripts.module_eval",
        "label": "File: scripts/module_eval.py",
        "line_start": 1,
        "depth": 1,
        "via_relation": "imports",
        "callee_id": "sym:a299afe5c13c:build_parser",
        "callee_symbol": "build_parser"
      },
      {
        "id": "sym:d96f963a2a22:_probe_cli_hybrid_scope_ignored",
        "path": "/Users/giapminh79/code/GitHub/sot-graph/scripts/module_eval.py",
        "kind": "function",
        "symbol": "_probe_cli_hybrid_scope_ignored",
        "fqn": "scripts.module_eval._probe_cli_hybrid_scope_ignored",
        "label": "def _probe_cli_hybrid_scope_ignored \u2014 scripts/module_eval.py:271",
        "line_start": 271,
        "depth": 1,
        "via_relation": "calls",
        "callee_id": "sym:a299afe5c13c:build_parser",
        "callee_symbol": "build_parser"
      },
      {
        "id": "file:6760c8ade414",
        "path": "/Users/giapminh79/code/GitHub/sot-graph/src/sot_graph/mcp_server.py",
        "kind": "file",
        "symbol": "mcp_server.py",
        "fqn": "sot_graph.mcp_server",
        "label": "File: src/sot_graph/mcp_server.py",
        "line_start": 1,
        "depth": 1,
        "via_relation": "imports",
        "callee_id": "sym:0430ca2f393f:McpServiceError",
        "callee_symbol": "McpServiceError"
      },
      {
        "id": "sym:6760c8ade414:create_server.get_prompt",
        "path": "/Users/giapminh79/code/GitHub/sot-graph/src/sot_graph/mcp_server.py",
        "kind": "method",
        "symbol": "create_server.get_prompt",
        "fqn": "sot_graph.mcp_server.create_server.get_prompt",
        "label": "async def get_prompt \u2014 src/sot_graph/mcp_server.py:655",
        "line_start": 655,
        "depth": 1,
        "via_relation": "calls",
        "callee_id": "sym:0430ca2f393f:McpServiceError",
        "callee_symbol": "McpServiceError"
      },
      {
        "id": "sym:6760c8ade414:create_server.read_resource",
        "path": "/Users/giapminh79/code/GitHub/sot-graph/src/sot_graph/mcp_server.py",
        "kind": "method",
        "symbol": "create_server.read_resource",
        "fqn": "sot_graph.mcp_server.create_server.read_resource",
        "label": "async def read_resource \u2014 src/sot_graph/mcp_server.py:704",
        "line_start": 704,
        "depth": 1,
        "via_relation": "calls",
        "callee_id": "sym:0430ca2f393f:McpServiceError",
        "callee_symbol": "McpServiceError"
      },
      {
        "id": "sym:6760c8ade414:main",
        "path": "/Users/giapminh79/code/GitHub/sot-graph/src/sot_graph/mcp_server.py",
        "kind": "function",
        "symbol": "main",
        "fqn": "sot_graph.mcp_server.main",
        "label": "def main \u2014 src/sot_graph/mcp_server.py:769",
        "line_start": 769,
        "depth": 1,
        "via_relation": "calls",
        "callee_id": "sym:0430ca2f393f:McpService",
        "callee_symbol": "McpService"
      },
      {
        "id": "sym:0430ca2f393f:resolve_and_validate_output_path",
        "path": "/Users/giapminh79/code/GitHub/sot-graph/src/sot_graph/mcp_service.py",
        "kind": "function",
        "symbol": "resolve_and_validate_output_path",
        "fqn": "sot_graph.mcp_service.resolve_and_validate_output_path",
        "label": "def resolve_and_validate_output_path \u2014 src/sot_graph/mcp_service.py:82",
        "line_start": 82,
        "depth": 1,
        "via_relation": "calls",
        "callee_id": "sym:0430ca2f393f:McpServiceError",
        "callee_symbol": "McpServiceError"
      },
      {
        "id": "sym:0430ca2f393f:_require_satisfiable_policy",
        "path": "/Users/giapminh79/code/GitHub/sot-graph/src/sot_graph/mcp_service.py",
        "kind": "function",
        "symbol": "_require_satisfiable_policy",
        "fqn": "sot_graph.mcp_service._require_satisfiable_policy",
        "label": "def _require_satisfiable_policy \u2014 src/sot_graph/mcp_service.py:105",
        "line_start": 105,
        "depth": 1,
        "via_relation": "calls",
        "callee_id": "sym:0430ca2f393f:McpServiceError",
        "callee_symbol": "McpServiceError"
      },
      {
        "id": "sym:0430ca2f393f:McpService.__init__",
        "path": "/Users/giapminh79/code/GitHub/sot-graph/src/sot_graph/mcp_service.py",
        "kind": "method",
        "symbol": "McpService.__init__",
        "fqn": "sot_graph.mcp_service.McpService.__init__",
        "label": "def __init__ \u2014 src/sot_graph/mcp_service.py:211",
        "line_start": 211,
        "depth": 1,
        "via_relation": "calls",
        "callee_id": "sym:0430ca2f393f:McpServiceError",
        "callee_symbol": "McpServiceError"
      },
      {
        "id": "sym:0430ca2f393f:McpService.providers_sync",
        "path": "/Users/giapminh79/code/GitHub/sot-graph/src/sot_graph/mcp_service.py",
        "kind": "method",
        "symbol": "McpService.providers_sync",
        "fqn": "sot_graph.mcp_service.McpService.providers_sync",
        "label": "def providers_sync \u2014 src/sot_graph/mcp_service.py:233",
        "line_start": 233,
        "depth": 1,
        "via_relation": "calls",
        "callee_id": "sym:0430ca2f393f:McpServiceError",
        "callee_symbol": "McpServiceError"
      },
      {
        "id": "sym:0430ca2f393f:McpService._connection",
        "path": "/Users/giapminh79/code/GitHub/sot-graph/src/sot_graph/mcp_service.py",
        "kind": "method",
        "symbol": "McpService._connection",
        "fqn": "sot_graph.mcp_service.McpService._connection",
        "label": "def _connection \u2014 src/sot_graph/mcp_service.py:307",
        "line_start": 307,
        "depth": 1,
        "via_relation": "calls",
        "callee_id": "sym:0430ca2f393f:McpServiceError",
        "callee_symbol": "McpServiceError"
      },
      {
        "id": "sym:0430ca2f393f:McpService._run",
        "path": "/Users/giapminh79/code/GitHub/sot-graph/src/sot_graph/mcp_service.py",
        "kind": "method",
        "symbol": "McpService._run",
        "fqn": "sot_graph.mcp_service.McpService._run",
        "label": "def _run \u2014 src/sot_graph/mcp_service.py:322",
        "line_start": 322,
        "depth": 1,
        "via_relation": "calls",
        "callee_id": "sym:0430ca2f393f:McpServiceError",
        "callee_symbol": "McpServiceError"
      },
      {
        "id": "sym:0430ca2f393f:McpService._reconcile_before_analysis",
        "path": "/Users/giapminh79/code/GitHub/sot-graph/src/sot_graph/mcp_service.py",
        "kind": "method",
        "symbol": "McpService._reconcile_before_analysis",
        "fqn": "sot_graph.mcp_service.McpService._reconcile_before_analysis",
        "label": "def _reconcile_before_analysis \u2014 src/sot_graph/mcp_service.py:338",
        "line_start": 338,
        "depth": 1,
        "via_relation": "calls",
        "callee_id": "sym:0430ca2f393f:McpServiceError",
        "callee_symbol": "McpServiceError"
      },
      {
        "id": "sym:0430ca2f393f:McpService._bounded",
        "path": "/Users/giapminh79/code/GitHub/sot-graph/src/sot_graph/mcp_service.py",
        "kind": "method",
        "symbol": "McpService._bounded",
        "fqn": "sot_graph.mcp_service.McpService._bounded",
        "label": "def _bounded \u2014 src/sot_graph/mcp_service.py:365",
        "line_start": 365,
        "depth": 1,
        "via_relation": "calls",
        "callee_id": "sym:0430ca2f393f:McpServiceError",
        "callee_symbol": "McpServiceError"
      },
      {
        "id": "sym:0430ca2f393f:McpService._fits_response",
        "path": "/Users/giapminh79/code/GitHub/sot-graph/src/sot_graph/mcp_service.py",
        "kind": "method",
        "symbol": "McpService._fits_response",
        "fqn": "sot_graph.mcp_service.McpService._fits_response",
        "label": "def _fits_response \u2014 src/sot_graph/mcp_service.py:462",
        "line_start": 462,
        "depth": 1,
        "via_relation": "calls",
        "callee_id": "sym:0430ca2f393f:McpServiceError",
        "callee_symbol": "McpServiceError"
      },
      {
        "id": "sym:0430ca2f393f:McpService._resolve_target_row",
        "path": "/Users/giapminh79/code/GitHub/sot-graph/src/sot_graph/mcp_service.py",
        "kind": "method",
        "symbol": "McpService._resolve_target_row",
        "fqn": "sot_graph.mcp_service.McpService._resolve_target_row",
        "label": "def _resolve_target_row \u2014 src/sot_graph/mcp_service.py:1000",
        "line_start": 1000,
        "depth": 1,
        "via_relation": "calls",
        "callee_id": "sym:0430ca2f393f:McpServiceError",
        "callee_symbol": "McpServiceError"
      },
      {
        "id": "sym:0430ca2f393f:McpService.implementations",
        "path": "/Users/giapminh79/code/GitHub/sot-graph/src/sot_graph/mcp_service.py",
        "kind": "method",
        "symbol": "McpService.implementations",
        "fqn": "sot_graph.mcp_service.McpService.implementations",
        "label": "def implementations \u2014 src/sot_graph/mcp_service.py:1107",
        "line_start": 1107,
        "depth": 1,
        "via_relation": "calls",
        "callee_id": "sym:0430ca2f393f:McpServiceError",
        "callee_symbol": "McpServiceError"
      },
      {
        "id": "sym:0430ca2f393f:McpService.repo_map",
        "path": "/Users/giapminh79/code/GitHub/sot-graph/src/sot_graph/mcp_service.py",
        "kind": "method",
        "symbol": "McpService.repo_map",
        "fqn": "sot_graph.mcp_service.McpService.repo_map",
        "label": "def repo_map \u2014 src/sot_graph/mcp_service.py:1137",
        "line_start": 1137,
        "depth": 1,
        "via_relation": "calls",
        "callee_id": "sym:0430ca2f393f:McpServiceError",
        "callee_symbol": "McpServiceError"
      },
      {
        "id": "sym:0430ca2f393f:McpService.notes",
        "path": "/Users/giapminh79/code/GitHub/sot-graph/src/sot_graph/mcp_service.py",
        "kind": "method",
        "symbol": "McpService.notes",
        "fqn": "sot_graph.mcp_service.McpService.notes",
        "label": "def notes \u2014 src/sot_graph/mcp_service.py:1179",
        "line_start": 1179,
        "depth": 1,
        "via_relation": "calls",
        "callee_id": "sym:0430ca2f393f:McpServiceError",
        "callee_symbol": "McpServiceError"
      },
      {
        "id": "sym:0430ca2f393f:McpService.node",
        "path": "/Users/giapminh79/code/GitHub/sot-graph/src/sot_graph/mcp_service.py",
        "kind": "method",
        "symbol": "McpService.node",
        "fqn": "sot_graph.mcp_service.McpService.node",
        "label": "def node \u2014 src/sot_graph/mcp_service.py:1218",
        "line_start": 1218,
        "depth": 1,
        "via_relation": "calls",
        "callee_id": "sym:0430ca2f393f:McpServiceError",
        "callee_symbol": "McpServiceError"
      },
      {
        "id": "sym:0430ca2f393f:McpService.node.op",
        "path": "/Users/giapminh79/code/GitHub/sot-graph/src/sot_graph/mcp_service.py",
        "kind": "method",
        "symbol": "McpService.node.op",
        "fqn": "sot_graph.mcp_service.McpService.node.op",
        "label": "def op \u2014 src/sot_graph/mcp_service.py:1223",
        "line_start": 1223,
        "depth": 1,
        "via_relation": "calls",
        "callee_id": "sym:0430ca2f393f:McpServiceError",
        "callee_symbol": "McpServiceError"
      },
      {
        "id": "sym:0430ca2f393f:McpService.scope_receipt",
        "path": "/Users/giapminh79/code/GitHub/sot-graph/src/sot_graph/mcp_service.py",
        "kind": "method",
        "symbol": "McpService.scope_receipt",
        "fqn": "sot_graph.mcp_service.McpService.scope_receipt",
        "label": "def scope_receipt \u2014 src/sot_graph/mcp_service.py:1691",
        "line_start": 1691,
        "depth": 1,
        "via_relation": "calls",
        "callee_id": "sym:0430ca2f393f:McpServiceError",
        "callee_symbol": "McpServiceError"
      },
      {
        "id": "sym:0430ca2f393f:McpService.cross_check",
        "path": "/Users/giapminh79/code/GitHub/sot-graph/src/sot_graph/mcp_service.py",
        "kind": "method",
        "symbol": "McpService.cross_check",
        "fqn": "sot_graph.mcp_service.McpService.cross_check",
        "label": "def cross_check \u2014 src/sot_graph/mcp_service.py:1760",
        "line_start": 1760,
        "depth": 1,
        "via_relation": "calls",
        "callee_id": "sym:0430ca2f393f:McpServiceError",
        "callee_symbol": "McpServiceError"
      },
      {
        "id": "sym:0430ca2f393f:McpService._async",
        "path": "/Users/giapminh79/code/GitHub/sot-graph/src/sot_graph/mcp_service.py",
        "kind": "method",
        "symbol": "McpService._async",
        "fqn": "sot_graph.mcp_service.McpService._async",
        "label": "async def _async \u2014 src/sot_graph/mcp_service.py:1835",
        "line_start": 1835,
        "depth": 1,
        "via_relation": "calls",
        "callee_id": "sym:0430ca2f393f:McpServiceError",
        "callee_symbol": "McpServiceError"
      },
      {
        "id": "sym:e52b67086684:_run_polling",
        "path": "/Users/giapminh79/code/GitHub/sot-graph/src/sot_graph/watcher.py",
        "kind": "function",
        "symbol": "_run_polling",
        "fqn": "sot_graph.watcher._run_polling",
        "label": "def _run_polling \u2014 src/sot_graph/watcher.py:130",
        "line_start": 130,
        "depth": 1,
        "via_relation": "calls",
        "callee_id": "sym:1747a3cf05a2:snapshot",
        "callee_symbol": "snapshot"
      },
      {
        "id": "file:7d61a587199b",
        "path": "/Users/giapminh79/code/GitHub/sot-graph/tests/test_adapters.py",
        "kind": "file",
        "symbol": "test_adapters.py",
        "fqn": "tests.test_adapters",
        "label": "File: tests/test_adapters.py",
        "line_start": 1,
        "depth": 1,
        "via_relation": "imports",
        "callee_id": "sym:a299afe5c13c:build_parser",
        "callee_symbol": "build_parser"
      },
      {
        "id": "sym:7d61a587199b:TestHarnessAdapters.test_cli_setup_pi_alias",
        "path": "/Users/giapminh79/code/GitHub/sot-graph/tests/test_adapters.py",
        "kind": "method",
        "symbol": "TestHarnessAdapters.test_cli_setup_pi_alias",
        "fqn": "tests.test_adapters.TestHarnessAdapters.test_cli_setup_pi_alias",
        "label": "def test_cli_setup_pi_alias \u2014 tests/test_adapters.py:178",
        "line_start": 178,
        "depth": 1,
        "via_relation": "calls",
        "callee_id": "sym:a299afe5c13c:build_parser",
        "callee_symbol": "build_parser"
      },
      {
        "id": "sym:7d61a587199b:TestHarnessAdapters.test_cli_setup_command",
        "path": "/Users/giapminh79/code/GitHub/sot-graph/tests/test_adapters.py",
        "kind": "method",
        "symbol": "TestHarnessAdapters.test_cli_setup_command",
        "fqn": "tests.test_adapters.TestHarnessAdapters.test_cli_setup_command",
        "label": "def test_cli_setup_command \u2014 tests/test_adapters.py:187",
        "line_start": 187,
        "depth": 1,
        "via_relation": "calls",
        "callee_id": "sym:a299afe5c13c:build_parser",
        "callee_symbol": "build_parser"
      },
      {
        "id": "file:98baf308e487",
        "path": "/Users/giapminh79/code/GitHub/sot-graph/tests/test_analytics.py",
        "kind": "file",
        "symbol": "test_analytics.py",
        "fqn": "tests.test_analytics",
        "label": "File: tests/test_analytics.py",
        "line_start": 1,
        "depth": 1,
        "via_relation": "imports",
        "callee_id": "sym:a299afe5c13c:build_parser",
        "callee_symbol": "build_parser"
      },
      {
        "id": "sym:98baf308e487:AnalyticsTests.test_cli_report_and_cluster_commands",
        "path": "/Users/giapminh79/code/GitHub/sot-graph/tests/test_analytics.py",
        "kind": "method",
        "symbol": "AnalyticsTests.test_cli_report_and_cluster_commands",
        "fqn": "tests.test_analytics.AnalyticsTests.test_cli_report_and_cluster_commands",
        "label": "def test_cli_report_and_cluster_commands \u2014 tests/test_analytics.py:204",
        "line_start": 204,
        "depth": 1,
        "via_relation": "calls",
        "callee_id": "sym:a299afe5c13c:build_parser",
        "callee_symbol": "build_parser"
      },
      {
        "id": "file:d2961abaf2fd",
        "path": "/Users/giapminh79/code/GitHub/sot-graph/tests/test_bundle.py",
        "kind": "file",
        "symbol": "test_bundle.py",
        "fqn": "tests.test_bundle",
        "label": "File: tests/test_bundle.py",
        "line_start": 1,
        "depth": 1,
        "via_relation": "imports",
        "callee_id": "sym:a299afe5c13c:build_parser",
        "callee_symbol": "build_parser"
      },
      {
        "id": "sym:d2961abaf2fd:TestArchitectureBundler.test_cli_cmd_bundle",
        "path": "/Users/giapminh79/code/GitHub/sot-graph/tests/test_bundle.py",
        "kind": "method",
        "symbol": "TestArchitectureBundler.test_cli_cmd_bundle",
        "fqn": "tests.test_bundle.TestArchitectureBundler.test_cli_cmd_bundle",
        "label": "def test_cli_cmd_bundle \u2014 tests/test_bundle.py:98",
        "line_start": 98,
        "depth": 1,
        "via_relation": "calls",
        "callee_id": "sym:a299afe5c13c:build_parser",
        "callee_symbol": "build_parser"
      },
      {
        "id": "file:c0b0e96e962a",
        "path": "/Users/giapminh79/code/GitHub/sot-graph/tests/test_cbm_contract_parity.py",
        "kind": "file",
        "symbol": "test_cbm_contract_parity.py",
        "fqn": "tests.test_cbm_contract_parity",
        "label": "File: tests/test_cbm_contract_parity.py",
        "line_start": 1,
        "depth": 1,
        "via_relation": "imports",
        "callee_id": "sym:0430ca2f393f:McpServiceError",
        "callee_symbol": "McpServiceError"
      },
      {
        "id": "sym:c0b0e96e962a:_mcp",
        "path": "/Users/giapminh79/code/GitHub/sot-graph/tests/test_cbm_contract_parity.py",
        "kind": "function",
        "symbol": "_mcp",
        "fqn": "tests.test_cbm_contract_parity._mcp",
        "label": "def _mcp \u2014 tests/test_cbm_contract_parity.py:55",
        "line_start": 55,
        "depth": 1,
        "via_relation": "calls",
        "callee_id": "sym:0430ca2f393f:McpService",
        "callee_symbol": "McpService"
      },
      {
        "id": "file:ed6bde13d2a4",
        "path": "/Users/giapminh79/code/GitHub/sot-graph/tests/test_cbm_verification.py",
        "kind": "file",
        "symbol": "test_cbm_verification.py",
        "fqn": "tests.test_cbm_verification",
        "label": "File: tests/test_cbm_verification.py",
        "line_start": 1,
        "depth": 1,
        "via_relation": "imports",
        "callee_id": "file:5d1e1f7db31a",
        "callee_symbol": "orchestrator.py"
      },
      {
        "id": "file:af09c15f617b",
        "path": "/Users/giapminh79/code/GitHub/sot-graph/tests/test_cli_provider_wiring.py",
        "kind": "file",
        "symbol": "test_cli_provider_wiring.py",
        "fqn": "tests.test_cli_provider_wiring",
        "label": "File: tests/test_cli_provider_wiring.py",
        "line_start": 1,
        "depth": 1,
        "via_relation": "imports",
        "callee_id": "sym:a299afe5c13c:main",
        "callee_symbol": "main"
      },
      {
        "id": "sym:af09c15f617b:TestBuiltinDefault.test_default_builtin_never_spawns",
        "path": "/Users/giapminh79/code/GitHub/sot-graph/tests/test_cli_provider_wiring.py",
        "kind": "method",
        "symbol": "TestBuiltinDefault.test_default_builtin_never_spawns",
        "fqn": "tests.test_cli_provider_wiring.TestBuiltinDefault.test_default_builtin_never_spawns",
        "label": "def test_default_builtin_never_spawns \u2014 tests/test_cli_provider_wiring.py:158",
        "line_start": 158,
        "depth": 1,
        "via_relation": "calls",
        "callee_id": "sym:a299afe5c13c:main",
        "callee_symbol": "main"
      },
      {
        "id": "sym:af09c15f617b:TestBuiltinDefault.test_explicit_builtin_flag_identical",
        "path": "/Users/giapminh79/code/GitHub/sot-graph/tests/test_cli_provider_wiring.py",
        "kind": "method",
        "symbol": "TestBuiltinDefault.test_explicit_builtin_flag_identical",
        "fqn": "tests.test_cli_provider_wiring.TestBuiltinDefault.test_explicit_builtin_flag_identical",
        "label": "def test_explicit_builtin_flag_identical \u2014 tests/test_cli_provider_wiring.py:168",
        "line_start": 168,
        "depth": 1,
        "via_relation": "calls",
        "callee_id": "sym:a299afe5c13c:main",
        "callee_symbol": "main"
      },
      {
        "id": "sym:af09c15f617b:TestAllowExternalGate.test_blocked_prefer_warns_and_falls_back",
        "path": "/Users/giapminh79/code/GitHub/sot-graph/tests/test_cli_provider_wiring.py",
        "kind": "method",
        "symbol": "TestAllowExternalGate.test_blocked_prefer_warns_and_falls_back",
        "fqn": "tests.test_cli_provider_wiring.TestAllowExternalGate.test_blocked_prefer_warns_and_falls_back",
        "label": "def test_blocked_prefer_warns_and_falls_back \u2014 tests/test_cli_provider_wiring.py:178",
        "line_start": 178,
        "depth": 1,
        "via_relation": "calls",
        "callee_id": "sym:a299afe5c13c:main",
        "callee_symbol": "main"
      },
      {
        "id": "sym:af09c15f617b:TestAllowExternalGate.test_blocked_require_fails_closed",
        "path": "/Users/giapminh79/code/GitHub/sot-graph/tests/test_cli_provider_wiring.py",
        "kind": "method",
        "symbol": "TestAllowExternalGate.test_blocked_require_fails_closed",
        "fqn": "tests.test_cli_provider_wiring.TestAllowExternalGate.test_blocked_require_fails_closed",
        "label": "def test_blocked_require_fails_closed \u2014 tests/test_cli_provider_wiring.py:193",
        "line_start": 193,
        "depth": 1,
        "via_relation": "calls",
        "callee_id": "sym:a299afe5c13c:main",
        "callee_symbol": "main"
      },
      {
        "id": "sym:af09c15f617b:TestAllowExternalGate.test_invalid_spec_rejected",
        "path": "/Users/giapminh79/code/GitHub/sot-graph/tests/test_cli_provider_wiring.py",
        "kind": "method",
        "symbol": "TestAllowExternalGate.test_invalid_spec_rejected",
        "fqn": "tests.test_cli_provider_wiring.TestAllowExternalGate.test_invalid_spec_rejected",
        "label": "def test_invalid_spec_rejected \u2014 tests/test_cli_provider_wiring.py:204",
        "line_start": 204,
        "depth": 1,
        "via_relation": "calls",
        "callee_id": "sym:a299afe5c13c:main",
        "callee_symbol": "main"
      },
      {
        "id": "sym:af09c15f617b:TestRequireFailsClosedUnhealthy.test_unhealthy_binary_require_exits_nonzero",
        "path": "/Users/giapminh79/code/GitHub/sot-graph/tests/test_cli_provider_wiring.py",
        "kind": "method",
        "symbol": "TestRequireFailsClosedUnhealthy.test_unhealthy_binary_require_exits_nonzero",
        "fqn": "tests.test_cli_provider_wiring.TestRequireFailsClosedUnhealthy.test_unhealthy_binary_require_exits_nonzero",
        "label": "def test_unhealthy_binary_require_exits_nonzero \u2014 tests/test_cli_provider_wiring.py:213",
        "line_start": 213,
        "depth": 1,
        "via_relation": "calls",
        "callee_id": "sym:a299afe5c13c:main",
        "callee_symbol": "main"
      },
      {
        "id": "sym:af09c15f617b:TestRequireFailsClosedUnhealthy.test_missing_binary_prefer_falls_back",
        "path": "/Users/giapminh79/code/GitHub/sot-graph/tests/test_cli_provider_wiring.py",
        "kind": "method",
        "symbol": "TestRequireFailsClosedUnhealthy.test_missing_binary_prefer_falls_back",
        "fqn": "tests.test_cli_provider_wiring.TestRequireFailsClosedUnhealthy.test_missing_binary_prefer_falls_back",
        "label": "def test_missing_binary_prefer_falls_back \u2014 tests/test_cli_provider_wiring.py:227",
        "line_start": 227,
        "depth": 1,
        "via_relation": "calls",
        "callee_id": "sym:a299afe5c13c:main",
        "callee_symbol": "main"
      },
      {
        "id": "sym:af09c15f617b:TestMergeOrderAndVerdict.test_candidates_after_builtin_with_ceiling_and_provider_tag",
        "path": "/Users/giapminh79/code/GitHub/sot-graph/tests/test_cli_provider_wiring.py",
        "kind": "method",
        "symbol": "TestMergeOrderAndVerdict.test_candidates_after_builtin_with_ceiling_and_provider_tag",
        "fqn": "tests.test_cli_provider_wiring.TestMergeOrderAndVerdict.test_candidates_after_builtin_with_ceiling_and_provider_tag",
        "label": "def test_candidates_after_builtin_with_ceiling_and_provider_tag \u2014 tests/test_cli_provider_wiring.py:256",
        "line_start": 256,
        "depth": 1,
        "via_relation": "calls",
        "callee_id": "sym:a299afe5c13c:main",
        "callee_symbol": "main"
      },
      {
        "id": "sym:af09c15f617b:TestMergeOrderAndVerdict.test_target_mismatch_recorded_as_conflict",
        "path": "/Users/giapminh79/code/GitHub/sot-graph/tests/test_cli_provider_wiring.py",
        "kind": "method",
        "symbol": "TestMergeOrderAndVerdict.test_target_mismatch_recorded_as_conflict",
        "fqn": "tests.test_cli_provider_wiring.TestMergeOrderAndVerdict.test_target_mismatch_recorded_as_conflict",
        "label": "def test_target_mismatch_recorded_as_conflict \u2014 tests/test_cli_provider_wiring.py:282",
        "line_start": 282,
        "depth": 1,
        "via_relation": "calls",
        "callee_id": "sym:a299afe5c13c:main",
        "callee_symbol": "main"
      },
      {
        "id": "sym:af09c15f617b:TestTruncationPropagation.test_has_more_sets_truncated_true",
        "path": "/Users/giapminh79/code/GitHub/sot-graph/tests/test_cli_provider_wiring.py",
        "kind": "method",
        "symbol": "TestTruncationPropagation.test_has_more_sets_truncated_true",
        "fqn": "tests.test_cli_provider_wiring.TestTruncationPropagation.test_has_more_sets_truncated_true",
        "label": "def test_has_more_sets_truncated_true \u2014 tests/test_cli_provider_wiring.py:323",
        "line_start": 323,
        "depth": 1,
        "via_relation": "calls",
        "callee_id": "sym:a299afe5c13c:main",
        "callee_symbol": "main"
      },
      {
        "id": "sym:af09c15f617b:TestProvidersSync.test_sync_invokes_index_and_emits_receipt",
        "path": "/Users/giapminh79/code/GitHub/sot-graph/tests/test_cli_provider_wiring.py",
        "kind": "method",
        "symbol": "TestProvidersSync.test_sync_invokes_index_and_emits_receipt",
        "fqn": "tests.test_cli_provider_wiring.TestProvidersSync.test_sync_invokes_index_and_emits_receipt",
        "label": "def test_sync_invokes_index_and_emits_receipt \u2014 tests/test_cli_provider_wiring.py:346",
        "line_start": 346,
        "depth": 1,
        "via_relation": "calls",
        "callee_id": "sym:a299afe5c13c:main",
        "callee_symbol": "main"
      },
      {
        "id": "sym:af09c15f617b:TestProvidersSync.test_sync_unknown_provider_fails_cleanly",
        "path": "/Users/giapminh79/code/GitHub/sot-graph/tests/test_cli_provider_wiring.py",
        "kind": "method",
        "symbol": "TestProvidersSync.test_sync_unknown_provider_fails_cleanly",
        "fqn": "tests.test_cli_provider_wiring.TestProvidersSync.test_sync_unknown_provider_fails_cleanly",
        "label": "def test_sync_unknown_provider_fails_cleanly \u2014 tests/test_cli_provider_wiring.py:373",
        "line_start": 373,
        "depth": 1,
        "via_relation": "calls",
        "callee_id": "sym:a299afe5c13c:main",
        "callee_symbol": "main"
      },
      {
        "id": "file:5dab7ee8ccb5",
        "path": "/Users/giapminh79/code/GitHub/sot-graph/tests/test_collection_accounting.py",
        "kind": "file",
        "symbol": "test_collection_accounting.py",
        "fqn": "tests.test_collection_accounting",
        "label": "File: tests/test_collection_accounting.py",
        "line_start": 1,
        "depth": 1,
        "via_relation": "imports",
        "callee_id": "sym:a299afe5c13c:build_parser",
        "callee_symbol": "build_parser"
      },
      {
        "id": "sym:5dab7ee8ccb5:TestReconcileProvenance.test_cli_records_pipeline_provenance",
        "path": "/Users/giapminh79/code/GitHub/sot-graph/tests/test_collection_accounting.py",
        "kind": "method",
        "symbol": "TestReconcileProvenance.test_cli_records_pipeline_provenance",
        "fqn": "tests.test_collection_accounting.TestReconcileProvenance.test_cli_records_pipeline_provenance",
        "label": "def test_cli_records_pipeline_provenance \u2014 tests/test_collection_accounting.py:311",
        "line_start": 311,
        "depth": 1,
        "via_relation": "calls",
        "callee_id": "sym:a299afe5c13c:build_parser",
        "callee_symbol": "build_parser"
      },
      {
        "id": "sym:5dab7ee8ccb5:TestReconcileProvenance.test_mcp_auto_reconcile_records_surface_pre",
        "path": "/Users/giapminh79/code/GitHub/sot-graph/tests/test_collection_accounting.py",
        "kind": "method",
        "symbol": "TestReconcileProvenance.test_mcp_auto_reconcile_records_surface_pre",
        "fqn": "tests.test_collection_accounting.TestReconcileProvenance.test_mcp_auto_reconcile_records_surface_pre",
        "label": "def test_mcp_auto_reconcile_records_surface_pre \u2014 tests/test_collection_accounting.py:329",
        "line_start": 329,
        "depth": 1,
        "via_relation": "calls",
        "callee_id": "sym:0430ca2f393f:McpService",
        "callee_symbol": "McpService"
      },
      {
        "id": "sym:5dab7ee8ccb5:TestTransportTrimInterplay.test_collection_truncated_receipt_survives_transport_trim._service",
        "path": "/Users/giapminh79/code/GitHub/sot-graph/tests/test_collection_accounting.py",
        "kind": "method",
        "symbol": "TestTransportTrimInterplay.test_collection_truncated_receipt_survives_transport_trim._service",
        "fqn": "tests.test_collection_accounting.TestTransportTrimInterplay.test_collection_truncated_receipt_survives_transport_trim._service",
        "label": "def _service \u2014 tests/test_collection_accounting.py:522",
        "line_start": 522,
        "depth": 1,
        "via_relation": "calls",
        "callee_id": "sym:0430ca2f393f:McpService",
        "callee_symbol": "McpService"
      },
      {
        "id": "file:d310c90c4013",
        "path": "/Users/giapminh79/code/GitHub/sot-graph/tests/test_diff_impact.py",
        "kind": "file",
        "symbol": "test_diff_impact.py",
        "fqn": "tests.test_diff_impact",
        "label": "File: tests/test_diff_impact.py",
        "line_start": 1,
        "depth": 1,
        "via_relation": "imports",
        "callee_id": "sym:a299afe5c13c:build_parser",
        "callee_symbol": "build_parser"
      },
      {
        "id": "sym:d310c90c4013:TestDiffImpactGate._run",
        "path": "/Users/giapminh79/code/GitHub/sot-graph/tests/test_diff_impact.py",
        "kind": "method",
        "symbol": "TestDiffImpactGate._run",
        "fqn": "tests.test_diff_impact.TestDiffImpactGate._run",
        "label": "def _run \u2014 tests/test_diff_impact.py:1128",
        "line_start": 1128,
        "depth": 1,
        "via_relation": "calls",
        "callee_id": "sym:a299afe5c13c:build_parser",
        "callee_symbol": "build_parser"
      },
      {
        "id": "sym:d310c90c4013:TestDiffImpactGate.test_gate_flag_registered",
        "path": "/Users/giapminh79/code/GitHub/sot-graph/tests/test_diff_impact.py",
        "kind": "method",
        "symbol": "TestDiffImpactGate.test_gate_flag_registered",
        "fqn": "tests.test_diff_impact.TestDiffImpactGate.test_gate_flag_registered",
        "label": "def test_gate_flag_registered \u2014 tests/test_diff_impact.py:1152",
        "line_start": 1152,
        "depth": 1,
        "via_relation": "calls",
        "callee_id": "sym:a299afe5c13c:build_parser",
        "callee_symbol": "build_parser"
      },
      {
        "id": "sym:d310c90c4013:TestMcpServiceDiffImpact.setUp",
        "path": "/Users/giapminh79/code/GitHub/sot-graph/tests/test_diff_impact.py",
        "kind": "method",
        "symbol": "TestMcpServiceDiffImpact.setUp",
        "fqn": "tests.test_diff_impact.TestMcpServiceDiffImpact.setUp",
        "label": "def setUp \u2014 tests/test_diff_impact.py:1212",
        "line_start": 1212,
        "depth": 1,
        "via_relation": "calls",
        "callee_id": "sym:0430ca2f393f:McpService",
        "callee_symbol": "McpService"
      },
      {
        "id": "file:4ddc2aaf087d",
        "path": "/Users/giapminh79/code/GitHub/sot-graph/tests/test_diff_impact_github.py",
        "kind": "file",
        "symbol": "test_diff_impact_github.py",
        "fqn": "tests.test_diff_impact_github",
        "label": "File: tests/test_diff_impact_github.py",
        "line_start": 1,
        "depth": 1,
        "via_relation": "imports",
        "callee_id": "sym:a299afe5c13c:build_parser",
        "callee_symbol": "build_parser"
      },
      {
        "id": "sym:4ddc2aaf087d:GithubRendererTests.test_cli_format_flag_choices_and_default_unchanged",
        "path": "/Users/giapminh79/code/GitHub/sot-graph/tests/test_diff_impact_github.py",
        "kind": "method",
        "symbol": "GithubRendererTests.test_cli_format_flag_choices_and_default_unchanged",
        "fqn": "tests.test_diff_impact_github.GithubRendererTests.test_cli_format_flag_choices_and_default_unchanged",
        "label": "def test_cli_format_flag_choices_and_default_unchanged \u2014 tests/test_diff_impact_github.py:104",
        "line_start": 104,
        "depth": 1,
        "via_relation": "calls",
        "callee_id": "sym:a299afe5c13c:build_parser",
        "callee_symbol": "build_parser"
      },
      {
        "id": "sym:4ddc2aaf087d:GithubRendererTests.test_cmd_diff_impact_github_end_to_end",
        "path": "/Users/giapminh79/code/GitHub/sot-graph/tests/test_diff_impact_github.py",
        "kind": "method",
        "symbol": "GithubRendererTests.test_cmd_diff_impact_github_end_to_end",
        "fqn": "tests.test_diff_impact_github.GithubRendererTests.test_cmd_diff_impact_github_end_to_end",
        "label": "def test_cmd_diff_impact_github_end_to_end \u2014 tests/test_diff_impact_github.py:114",
        "line_start": 114,
        "depth": 1,
        "via_relation": "calls",
        "callee_id": "sym:a299afe5c13c:build_parser",
        "callee_symbol": "build_parser"
      },
      {
        "id": "sym:f6d8752e14c6:EdgeLifecycleTests.test_reconcile_idempotent_after_move",
        "path": "/Users/giapminh79/code/GitHub/sot-graph/tests/test_edge_lifecycle.py",
        "kind": "method",
        "symbol": "EdgeLifecycleTests.test_reconcile_idempotent_after_move",
        "fqn": "tests.test_edge_lifecycle.EdgeLifecycleTests.test_reconcile_idempotent_after_move",
        "label": "def test_reconcile_idempotent_after_move \u2014 tests/test_edge_lifecycle.py:117",
        "line_start": 117,
        "depth": 1,
        "via_relation": "calls",
        "callee_id": "sym:1747a3cf05a2:snapshot",
        "callee_symbol": "snapshot"
      },
      {
        "id": "file:7c588472908f",
        "path": "/Users/giapminh79/code/GitHub/sot-graph/tests/test_engine_admin.py",
        "kind": "file",
        "symbol": "test_engine_admin.py",
        "fqn": "tests.test_engine_admin",
        "label": "File: tests/test_engine_admin.py",
        "line_start": 1,
        "depth": 1,
        "via_relation": "imports",
        "callee_id": "sym:a299afe5c13c:main",
        "callee_symbol": "main"
      },
      {
        "id": "sym:7c588472908f:test_install_promote_rollback_and_status",
        "path": "/Users/giapminh79/code/GitHub/sot-graph/tests/test_engine_admin.py",
        "kind": "function",
        "symbol": "test_install_promote_rollback_and_status",
        "fqn": "tests.test_engine_admin.test_install_promote_rollback_and_status",
        "label": "def test_install_promote_rollback_and_status \u2014 tests/test_engine_admin.py:32",
        "line_start": 32,
        "depth": 1,
        "via_relation": "calls",
        "callee_id": "sym:a299afe5c13c:main",
        "callee_symbol": "main"
      },
      {
        "id": "sym:7c588472908f:test_wrong_digest_refused_and_unknown_data_preserved",
        "path": "/Users/giapminh79/code/GitHub/sot-graph/tests/test_engine_admin.py",
        "kind": "function",
        "symbol": "test_wrong_digest_refused_and_unknown_data_preserved",
        "fqn": "tests.test_engine_admin.test_wrong_digest_refused_and_unknown_data_preserved",
        "label": "def test_wrong_digest_refused_and_unknown_data_preserved \u2014 tests/test_engine_admin.py:54",
        "line_start": 54,
        "depth": 1,
        "via_relation": "calls",
        "callee_id": "sym:a299afe5c13c:main",
        "callee_symbol": "main"
      },
      {
        "id": "sym:7c588472908f:test_operational_exit_and_multi_artifact_registry",
        "path": "/Users/giapminh79/code/GitHub/sot-graph/tests/test_engine_admin.py",
        "kind": "function",
        "symbol": "test_operational_exit_and_multi_artifact_registry",
        "fqn": "tests.test_engine_admin.test_operational_exit_and_multi_artifact_registry",
        "label": "def test_operational_exit_and_multi_artifact_registry \u2014 tests/test_engine_admin.py:82",
        "line_start": 82,
        "depth": 1,
        "via_relation": "calls",
        "callee_id": "sym:a299afe5c13c:main",
        "callee_symbol": "main"
      },
      {
        "id": "sym:7c588472908f:test_administration_errors_are_bounded",
        "path": "/Users/giapminh79/code/GitHub/sot-graph/tests/test_engine_admin.py",
        "kind": "function",
        "symbol": "test_administration_errors_are_bounded",
        "fqn": "tests.test_engine_admin.test_administration_errors_are_bounded",
        "label": "def test_administration_errors_are_bounded \u2014 tests/test_engine_admin.py:122",
        "line_start": 122,
        "depth": 1,
        "via_relation": "calls",
        "callee_id": "sym:a299afe5c13c:main",
        "callee_symbol": "main"
      },
      {
        "id": "sym:7c588472908f:test_uninstall_missing_is_read_only",
        "path": "/Users/giapminh79/code/GitHub/sot-graph/tests/test_engine_admin.py",
        "kind": "function",
        "symbol": "test_uninstall_missing_is_read_only",
        "fqn": "tests.test_engine_admin.test_uninstall_missing_is_read_only",
        "label": "def test_uninstall_missing_is_read_only \u2014 tests/test_engine_admin.py:136",
        "line_start": 136,
        "depth": 1,
        "via_relation": "calls",
        "callee_id": "sym:a299afe5c13c:main",
        "callee_symbol": "main"
      },
      {
        "id": "sym:7c588472908f:test_no_raw_execution_surface",
        "path": "/Users/giapminh79/code/GitHub/sot-graph/tests/test_engine_admin.py",
        "kind": "function",
        "symbol": "test_no_raw_execution_surface",
        "fqn": "tests.test_engine_admin.test_no_raw_execution_surface",
        "label": "def test_no_raw_execution_surface \u2014 tests/test_engine_admin.py:142",
        "line_start": 142,
        "depth": 1,
        "via_relation": "calls",
        "callee_id": "sym:a299afe5c13c:main",
        "callee_symbol": "main"
      },
      {
        "id": "file:42626f773bdb",
        "path": "/Users/giapminh79/code/GitHub/sot-graph/tests/test_engine_trusted_config.py",
        "kind": "file",
        "symbol": "test_engine_trusted_config.py",
        "fqn": "tests.test_engine_trusted_config",
        "label": "File: tests/test_engine_trusted_config.py",
        "line_start": 1,
        "depth": 1,
        "via_relation": "imports",
        "callee_id": "sym:a299afe5c13c:main",
        "callee_symbol": "main"
      },
      {
        "id": "sym:42626f773bdb:test_cli_register_status_disable_persist_without_native",
        "path": "/Users/giapminh79/code/GitHub/sot-graph/tests/test_engine_trusted_config.py",
        "kind": "function",
        "symbol": "test_cli_register_status_disable_persist_without_native",
        "fqn": "tests.test_engine_trusted_config.test_cli_register_status_disable_persist_without_native",
        "label": "def test_cli_register_status_disable_persist_without_native \u2014 tests/test_engine_trusted_config.py:13",
        "line_start": 13,
        "depth": 1,
        "via_relation": "calls",
        "callee_id": "sym:a299afe5c13c:main",
        "callee_symbol": "main"
      },
      {
        "id": "sym:42626f773bdb:test_cli_default_off_does_not_create_config",
        "path": "/Users/giapminh79/code/GitHub/sot-graph/tests/test_engine_trusted_config.py",
        "kind": "function",
        "symbol": "test_cli_default_off_does_not_create_config",
        "fqn": "tests.test_engine_trusted_config.test_cli_default_off_does_not_create_config",
        "label": "def test_cli_default_off_does_not_create_config \u2014 tests/test_engine_trusted_config.py:29",
        "line_start": 29,
        "depth": 1,
        "via_relation": "calls",
        "callee_id": "sym:a299afe5c13c:main",
        "callee_symbol": "main"
      },
      {
        "id": "sym:42626f773bdb:test_cli_register_rejects_real_protocol_mismatch",
        "path": "/Users/giapminh79/code/GitHub/sot-graph/tests/test_engine_trusted_config.py",
        "kind": "function",
        "symbol": "test_cli_register_rejects_real_protocol_mismatch",
        "fqn": "tests.test_engine_trusted_config.test_cli_register_rejects_real_protocol_mismatch",
        "label": "def test_cli_register_rejects_real_protocol_mismatch \u2014 tests/test_engine_trusted_config.py:39",
        "line_start": 39,
        "depth": 1,
        "via_relation": "calls",
        "callee_id": "sym:a299afe5c13c:main",
        "callee_symbol": "main"
      },
      {
        "id": "sym:42626f773bdb:test_cli_cannot_select_trusted_config_path",
        "path": "/Users/giapminh79/code/GitHub/sot-graph/tests/test_engine_trusted_config.py",
        "kind": "function",
        "symbol": "test_cli_cannot_select_trusted_config_path",
        "fqn": "tests.test_engine_trusted_config.test_cli_cannot_select_trusted_config_path",
        "label": "def test_cli_cannot_select_trusted_config_path \u2014 tests/test_engine_trusted_config.py:48",
        "line_start": 48,
        "depth": 1,
        "via_relation": "calls",
        "callee_id": "sym:a299afe5c13c:main",
        "callee_symbol": "main"
      },
      {
        "id": "file:f1b04f59ef79",
        "path": "/Users/giapminh79/code/GitHub/sot-graph/tests/test_export.py",
        "kind": "file",
        "symbol": "test_export.py",
        "fqn": "tests.test_export",
        "label": "File: tests/test_export.py",
        "line_start": 1,
        "depth": 1,
        "via_relation": "imports",
        "callee_id": "sym:a299afe5c13c:build_parser",
        "callee_symbol": "build_parser"
      },
      {
        "id": "sym:f1b04f59ef79:ExportTests.test_cli_viz_and_export_commands",
        "path": "/Users/giapminh79/code/GitHub/sot-graph/tests/test_export.py",
        "kind": "method",
        "symbol": "ExportTests.test_cli_viz_and_export_commands",
        "fqn": "tests.test_export.ExportTests.test_cli_viz_and_export_commands",
        "label": "def test_cli_viz_and_export_commands \u2014 tests/test_export.py:169",
        "line_start": 169,
        "depth": 1,
        "via_relation": "calls",
        "callee_id": "sym:a299afe5c13c:build_parser",
        "callee_symbol": "build_parser"
      },
      {
        "id": "file:eb1f53425d6d",
        "path": "/Users/giapminh79/code/GitHub/sot-graph/tests/test_gs_surface_catalog.py",
        "kind": "file",
        "symbol": "test_gs_surface_catalog.py",
        "fqn": "tests.test_gs_surface_catalog",
        "label": "File: tests/test_gs_surface_catalog.py",
        "line_start": 1,
        "depth": 1,
        "via_relation": "imports",
        "callee_id": "sym:a299afe5c13c:main",
        "callee_symbol": "main"
      },
      {
        "id": "sym:eb1f53425d6d:test_sur02_catalog_and_native_invocation_refusal",
        "path": "/Users/giapminh79/code/GitHub/sot-graph/tests/test_gs_surface_catalog.py",
        "kind": "function",
        "symbol": "test_sur02_catalog_and_native_invocation_refusal",
        "fqn": "tests.test_gs_surface_catalog.test_sur02_catalog_and_native_invocation_refusal",
        "label": "def test_sur02_catalog_and_native_invocation_refusal \u2014 tests/test_gs_surface_catalog.py:38",
        "line_start": 38,
        "depth": 1,
        "via_relation": "calls",
        "callee_id": "sym:0430ca2f393f:McpService",
        "callee_symbol": "McpService"
      },
      {
        "id": "sym:eb1f53425d6d:test_sur03_sur04_entry_points_and_help_are_sot_only",
        "path": "/Users/giapminh79/code/GitHub/sot-graph/tests/test_gs_surface_catalog.py",
        "kind": "function",
        "symbol": "test_sur03_sur04_entry_points_and_help_are_sot_only",
        "fqn": "tests.test_gs_surface_catalog.test_sur03_sur04_entry_points_and_help_are_sot_only",
        "label": "def test_sur03_sur04_entry_points_and_help_are_sot_only \u2014 tests/test_gs_surface_catalog.py:168",
        "line_start": 168,
        "depth": 1,
        "via_relation": "calls",
        "callee_id": "sym:a299afe5c13c:main",
        "callee_symbol": "main"
      },
      {
        "id": "sym:eb1f53425d6d:test_sur02_exception_results_are_errors_without_private_diagnostics",
        "path": "/Users/giapminh79/code/GitHub/sot-graph/tests/test_gs_surface_catalog.py",
        "kind": "function",
        "symbol": "test_sur02_exception_results_are_errors_without_private_diagnostics",
        "fqn": "tests.test_gs_surface_catalog.test_sur02_exception_results_are_errors_without_private_diagnostics",
        "label": "def test_sur02_exception_results_are_errors_without_private_diagnostics \u2014 tests/test_gs_surface_catalog.py:185",
        "line_start": 185,
        "depth": 1,
        "via_relation": "calls",
        "callee_id": "sym:0430ca2f393f:McpService",
        "callee_symbol": "McpService"
      },
      {
        "id": "sym:eb1f53425d6d:test_sur02_exception_results_are_errors_without_private_diagnostics.failing",
        "path": "/Users/giapminh79/code/GitHub/sot-graph/tests/test_gs_surface_catalog.py",
        "kind": "method",
        "symbol": "test_sur02_exception_results_are_errors_without_private_diagnostics.failing",
        "fqn": "tests.test_gs_surface_catalog.test_sur02_exception_results_are_errors_without_private_diagnostics.failing",
        "label": "async def failing \u2014 tests/test_gs_surface_catalog.py:202",
        "line_start": 202,
        "depth": 1,
        "via_relation": "calls",
        "callee_id": "sym:0430ca2f393f:McpServiceError",
        "callee_symbol": "McpServiceError"
      },
      {
        "id": "file:0b899b2ef407",
        "path": "/Users/giapminh79/code/GitHub/sot-graph/tests/test_gs_surface_lifecycle.py",
        "kind": "file",
        "symbol": "test_gs_surface_lifecycle.py",
        "fqn": "tests.test_gs_surface_lifecycle",
        "label": "File: tests/test_gs_surface_lifecycle.py",
        "line_start": 1,
        "depth": 1,
        "via_relation": "imports",
        "callee_id": "sym:a299afe5c13c:main",
        "callee_symbol": "main"
      },
      {
        "id": "sym:0b899b2ef407:test_sur12_sot_only_upgrade_recovery_and_uninstall.command",
        "path": "/Users/giapminh79/code/GitHub/sot-graph/tests/test_gs_surface_lifecycle.py",
        "kind": "method",
        "symbol": "test_sur12_sot_only_upgrade_recovery_and_uninstall.command",
        "fqn": "tests.test_gs_surface_lifecycle.test_sur12_sot_only_upgrade_recovery_and_uninstall.command",
        "label": "def command \u2014 tests/test_gs_surface_lifecycle.py:46",
        "line_start": 46,
        "depth": 1,
        "via_relation": "calls",
        "callee_id": "sym:a299afe5c13c:main",
        "callee_symbol": "main"
      },
      {
        "id": "file:41fa6bfbed48",
        "path": "/Users/giapminh79/code/GitHub/sot-graph/tests/test_hardening_fixes.py",
        "kind": "file",
        "symbol": "test_hardening_fixes.py",
        "fqn": "tests.test_hardening_fixes",
        "label": "File: tests/test_hardening_fixes.py",
        "line_start": 1,
        "depth": 1,
        "via_relation": "imports",
        "callee_id": "sym:a299afe5c13c:main",
        "callee_symbol": "main"
      },
      {
        "id": "sym:41fa6bfbed48:HardeningFixesTests.test_cli_handles_lock_busy_and_runtime_error",
        "path": "/Users/giapminh79/code/GitHub/sot-graph/tests/test_hardening_fixes.py",
        "kind": "method",
        "symbol": "HardeningFixesTests.test_cli_handles_lock_busy_and_runtime_error",
        "fqn": "tests.test_hardening_fixes.HardeningFixesTests.test_cli_handles_lock_busy_and_runtime_error",
        "label": "def test_cli_handles_lock_busy_and_runtime_error \u2014 tests/test_hardening_fixes.py:248",
        "line_start": 248,
        "depth": 1,
        "via_relation": "calls",
        "callee_id": "sym:a299afe5c13c:main",
        "callee_symbol": "main"
      },
      {
        "id": "file:4afdaea1f910",
        "path": "/Users/giapminh79/code/GitHub/sot-graph/tests/test_impact_pipeline.py",
        "kind": "file",
        "symbol": "test_impact_pipeline.py",
        "fqn": "tests.test_impact_pipeline",
        "label": "File: tests/test_impact_pipeline.py",
        "line_start": 1,
        "depth": 1,
        "via_relation": "imports",
        "callee_id": "sym:a299afe5c13c:build_parser",
        "callee_symbol": "build_parser"
      },
      {
        "id": "sym:4afdaea1f910:TestSurfaceWiring._service",
        "path": "/Users/giapminh79/code/GitHub/sot-graph/tests/test_impact_pipeline.py",
        "kind": "method",
        "symbol": "TestSurfaceWiring._service",
        "fqn": "tests.test_impact_pipeline.TestSurfaceWiring._service",
        "label": "def _service \u2014 tests/test_impact_pipeline.py:416",
        "line_start": 416,
        "depth": 1,
        "via_relation": "calls",
        "callee_id": "sym:0430ca2f393f:McpService",
        "callee_symbol": "McpService"
      },
      {
        "id": "sym:4afdaea1f910:TestSurfaceWiring._cli_json",
        "path": "/Users/giapminh79/code/GitHub/sot-graph/tests/test_impact_pipeline.py",
        "kind": "method",
        "symbol": "TestSurfaceWiring._cli_json",
        "fqn": "tests.test_impact_pipeline.TestSurfaceWiring._cli_json",
        "label": "def _cli_json \u2014 tests/test_impact_pipeline.py:424",
        "line_start": 424,
        "depth": 1,
        "via_relation": "calls",
        "callee_id": "sym:a299afe5c13c:build_parser",
        "callee_symbol": "build_parser"
      },
      {
        "id": "sym:4afdaea1f910:TestSurfaceWiring.test_mcp_diff_impact_trim_degrades_embedded_assurance",
        "path": "/Users/giapminh79/code/GitHub/sot-graph/tests/test_impact_pipeline.py",
        "kind": "method",
        "symbol": "TestSurfaceWiring.test_mcp_diff_impact_trim_degrades_embedded_assurance",
        "fqn": "tests.test_impact_pipeline.TestSurfaceWiring.test_mcp_diff_impact_trim_degrades_embedded_assurance",
        "label": "def test_mcp_diff_impact_trim_degrades_embedded_assurance \u2014 tests/test_impact_pipeline.py:491",
        "line_start": 491,
        "depth": 1,
        "via_relation": "calls",
        "callee_id": "sym:0430ca2f393f:McpService",
        "callee_symbol": "McpService"
      },
      {
        "id": "sym:4afdaea1f910:_service_of",
        "path": "/Users/giapminh79/code/GitHub/sot-graph/tests/test_impact_pipeline.py",
        "kind": "function",
        "symbol": "_service_of",
        "fqn": "tests.test_impact_pipeline._service_of",
        "label": "def _service_of \u2014 tests/test_impact_pipeline.py:544",
        "line_start": 544,
        "depth": 1,
        "via_relation": "calls",
        "callee_id": "sym:0430ca2f393f:McpService",
        "callee_symbol": "McpService"
      },
      {
        "id": "sym:4afdaea1f910:_cli_diff_json",
        "path": "/Users/giapminh79/code/GitHub/sot-graph/tests/test_impact_pipeline.py",
        "kind": "function",
        "symbol": "_cli_diff_json",
        "fqn": "tests.test_impact_pipeline._cli_diff_json",
        "label": "def _cli_diff_json \u2014 tests/test_impact_pipeline.py:553",
        "line_start": 553,
        "depth": 1,
        "via_relation": "calls",
        "callee_id": "sym:a299afe5c13c:build_parser",
        "callee_symbol": "build_parser"
      },
      {
        "id": "file:8c5b0289bd83",
        "path": "/Users/giapminh79/code/GitHub/sot-graph/tests/test_jit_reconcile.py",
        "kind": "file",
        "symbol": "test_jit_reconcile.py",
        "fqn": "tests.test_jit_reconcile",
        "label": "File: tests/test_jit_reconcile.py",
        "line_start": 1,
        "depth": 1,
        "via_relation": "imports",
        "callee_id": "sym:a299afe5c13c:cmd_search",
        "callee_symbol": "cmd_search"
      },
      {
        "id": "sym:8c5b0289bd83:test_cli_cmd_search_jit_reconcile",
        "path": "/Users/giapminh79/code/GitHub/sot-graph/tests/test_jit_reconcile.py",
        "kind": "function",
        "symbol": "test_cli_cmd_search_jit_reconcile",
        "fqn": "tests.test_jit_reconcile.test_cli_cmd_search_jit_reconcile",
        "label": "def test_cli_cmd_search_jit_reconcile \u2014 tests/test_jit_reconcile.py:57",
        "line_start": 57,
        "depth": 1,
        "via_relation": "calls",
        "callee_id": "sym:a299afe5c13c:cmd_search",
        "callee_symbol": "cmd_search"
      },
      {
        "id": "sym:fcfd6b9d9342:test_path_overlap_refused_before_resolve_without_writes",
        "path": "/Users/giapminh79/code/GitHub/sot-graph/tests/test_managed_installation.py",
        "kind": "function",
        "symbol": "test_path_overlap_refused_before_resolve_without_writes",
        "fqn": "tests.test_managed_installation.test_path_overlap_refused_before_resolve_without_writes",
        "label": "def test_path_overlap_refused_before_resolve_without_writes \u2014 tests/test_managed_installation.py:202",
        "line_start": 202,
        "depth": 1,
        "via_relation": "calls",
        "callee_id": "sym:1747a3cf05a2:snapshot",
        "callee_symbol": "snapshot"
      },
      {
        "id": "sym:40d83afb5cc0:test_source_repo_and_notes_untouched",
        "path": "/Users/giapminh79/code/GitHub/sot-graph/tests/test_managed_runtime.py",
        "kind": "function",
        "symbol": "test_source_repo_and_notes_untouched",
        "fqn": "tests.test_managed_runtime.test_source_repo_and_notes_untouched",
        "label": "def test_source_repo_and_notes_untouched \u2014 tests/test_managed_runtime.py:447",
        "line_start": 447,
        "depth": 1,
        "via_relation": "calls",
        "callee_id": "sym:1747a3cf05a2:snapshot",
        "callee_symbol": "snapshot"
      },
      {
        "id": "file:dbd598560bb3",
        "path": "/Users/giapminh79/code/GitHub/sot-graph/tests/test_mcp.py",
        "kind": "file",
        "symbol": "test_mcp.py",
        "fqn": "tests.test_mcp",
        "label": "File: tests/test_mcp.py",
        "line_start": 1,
        "depth": 1,
        "via_relation": "imports",
        "callee_id": "sym:0430ca2f393f:McpServiceError",
        "callee_symbol": "McpServiceError"
      },
      {
        "id": "sym:dbd598560bb3:TestMcpService.setUp",
        "path": "/Users/giapminh79/code/GitHub/sot-graph/tests/test_mcp.py",
        "kind": "method",
        "symbol": "TestMcpService.setUp",
        "fqn": "tests.test_mcp.TestMcpService.setUp",
        "label": "def setUp \u2014 tests/test_mcp.py:16",
        "line_start": 16,
        "depth": 1,
        "via_relation": "calls",
        "callee_id": "sym:0430ca2f393f:McpService",
        "callee_symbol": "McpService"
      },
      {
        "id": "sym:dbd598560bb3:TestMcpDebtR5.setUp",
        "path": "/Users/giapminh79/code/GitHub/sot-graph/tests/test_mcp.py",
        "kind": "method",
        "symbol": "TestMcpDebtR5.setUp",
        "fqn": "tests.test_mcp.TestMcpDebtR5.setUp",
        "label": "def setUp \u2014 tests/test_mcp.py:158",
        "line_start": 158,
        "depth": 1,
        "via_relation": "calls",
        "callee_id": "sym:0430ca2f393f:McpService",
        "callee_symbol": "McpService"
      },
      {
        "id": "sym:dbd598560bb3:TestMcpDebtR5._legacy_fits",
        "path": "/Users/giapminh79/code/GitHub/sot-graph/tests/test_mcp.py",
        "kind": "method",
        "symbol": "TestMcpDebtR5._legacy_fits",
        "fqn": "tests.test_mcp.TestMcpDebtR5._legacy_fits",
        "label": "def _legacy_fits \u2014 tests/test_mcp.py:208",
        "line_start": 208,
        "depth": 1,
        "via_relation": "calls",
        "callee_id": "sym:0430ca2f393f:McpServiceError",
        "callee_symbol": "McpServiceError"
      },
      {
        "id": "sym:dbd598560bb3:TestMcpDebtR5.test_fits_response_matches_legacy_reference_on_shapes",
        "path": "/Users/giapminh79/code/GitHub/sot-graph/tests/test_mcp.py",
        "kind": "method",
        "symbol": "TestMcpDebtR5.test_fits_response_matches_legacy_reference_on_shapes",
        "fqn": "tests.test_mcp.TestMcpDebtR5.test_fits_response_matches_legacy_reference_on_shapes",
        "label": "def test_fits_response_matches_legacy_reference_on_shapes \u2014 tests/test_mcp.py:317",
        "line_start": 317,
        "depth": 1,
        "via_relation": "calls",
        "callee_id": "sym:0430ca2f393f:McpService",
        "callee_symbol": "McpService"
      },
      {
        "id": "sym:dbd598560bb3:TestMcpDebtR5.test_fits_response_small_payload_untouched",
        "path": "/Users/giapminh79/code/GitHub/sot-graph/tests/test_mcp.py",
        "kind": "method",
        "symbol": "TestMcpDebtR5.test_fits_response_small_payload_untouched",
        "fqn": "tests.test_mcp.TestMcpDebtR5.test_fits_response_small_payload_untouched",
        "label": "def test_fits_response_small_payload_untouched \u2014 tests/test_mcp.py:345",
        "line_start": 345,
        "depth": 1,
        "via_relation": "calls",
        "callee_id": "sym:0430ca2f393f:McpService",
        "callee_symbol": "McpService"
      },
      {
        "id": "file:9a8760b5c178",
        "path": "/Users/giapminh79/code/GitHub/sot-graph/tests/test_mcp_modern.py",
        "kind": "file",
        "symbol": "test_mcp_modern.py",
        "fqn": "tests.test_mcp_modern",
        "label": "File: tests/test_mcp_modern.py",
        "line_start": 1,
        "depth": 1,
        "via_relation": "imports",
        "callee_id": "sym:0430ca2f393f:McpServiceError",
        "callee_symbol": "McpServiceError"
      },
      {
        "id": "sym:9a8760b5c178:McpModernTests.setUp",
        "path": "/Users/giapminh79/code/GitHub/sot-graph/tests/test_mcp_modern.py",
        "kind": "method",
        "symbol": "McpModernTests.setUp",
        "fqn": "tests.test_mcp_modern.McpModernTests.setUp",
        "label": "def setUp \u2014 tests/test_mcp_modern.py:28",
        "line_start": 28,
        "depth": 1,
        "via_relation": "calls",
        "callee_id": "sym:0430ca2f393f:McpService",
        "callee_symbol": "McpService"
      },
      {
        "id": "file:b8b6031dfc71",
        "path": "/Users/giapminh79/code/GitHub/sot-graph/tests/test_mcp_prompts.py",
        "kind": "file",
        "symbol": "test_mcp_prompts.py",
        "fqn": "tests.test_mcp_prompts",
        "label": "File: tests/test_mcp_prompts.py",
        "line_start": 1,
        "depth": 1,
        "via_relation": "imports",
        "callee_id": "sym:0430ca2f393f:McpService",
        "callee_symbol": "McpService"
      },
      {
        "id": "sym:b8b6031dfc71:McpPromptTests.setUp",
        "path": "/Users/giapminh79/code/GitHub/sot-graph/tests/test_mcp_prompts.py",
        "kind": "method",
        "symbol": "McpPromptTests.setUp",
        "fqn": "tests.test_mcp_prompts.McpPromptTests.setUp",
        "label": "def setUp \u2014 tests/test_mcp_prompts.py:24",
        "line_start": 24,
        "depth": 1,
        "via_relation": "calls",
        "callee_id": "sym:0430ca2f393f:McpService",
        "callee_symbol": "McpService"
      },
      {
        "id": "file:41ed8ce188e1",
        "path": "/Users/giapminh79/code/GitHub/sot-graph/tests/test_mcp_receipt_tools.py",
        "kind": "file",
        "symbol": "test_mcp_receipt_tools.py",
        "fqn": "tests.test_mcp_receipt_tools",
        "label": "File: tests/test_mcp_receipt_tools.py",
        "line_start": 1,
        "depth": 1,
        "via_relation": "imports",
        "callee_id": "sym:0430ca2f393f:McpService",
        "callee_symbol": "McpService"
      },
      {
        "id": "sym:41ed8ce188e1:McpReceiptToolsTests.setUp",
        "path": "/Users/giapminh79/code/GitHub/sot-graph/tests/test_mcp_receipt_tools.py",
        "kind": "method",
        "symbol": "McpReceiptToolsTests.setUp",
        "fqn": "tests.test_mcp_receipt_tools.McpReceiptToolsTests.setUp",
        "label": "def setUp \u2014 tests/test_mcp_receipt_tools.py:32",
        "line_start": 32,
        "depth": 1,
        "via_relation": "calls",
        "callee_id": "sym:0430ca2f393f:McpService",
        "callee_symbol": "McpService"
      },
      {
        "id": "file:872ddc5970de",
        "path": "/Users/giapminh79/code/GitHub/sot-graph/tests/test_navigation.py",
        "kind": "file",
        "symbol": "test_navigation.py",
        "fqn": "tests.test_navigation",
        "label": "File: tests/test_navigation.py",
        "line_start": 1,
        "depth": 1,
        "via_relation": "imports",
        "callee_id": "sym:a299afe5c13c:cmd_usages",
        "callee_symbol": "cmd_usages"
      },
      {
        "id": "file:08055a8da3bb",
        "path": "/Users/giapminh79/code/GitHub/sot-graph/tests/test_optimizations.py",
        "kind": "file",
        "symbol": "test_optimizations.py",
        "fqn": "tests.test_optimizations",
        "label": "File: tests/test_optimizations.py",
        "line_start": 1,
        "depth": 1,
        "via_relation": "imports",
        "callee_id": "sym:a299afe5c13c:build_parser",
        "callee_symbol": "build_parser"
      },
      {
        "id": "sym:08055a8da3bb:TestOptimizations.test_batch_reconcile_and_repo_discovery",
        "path": "/Users/giapminh79/code/GitHub/sot-graph/tests/test_optimizations.py",
        "kind": "method",
        "symbol": "TestOptimizations.test_batch_reconcile_and_repo_discovery",
        "fqn": "tests.test_optimizations.TestOptimizations.test_batch_reconcile_and_repo_discovery",
        "label": "def test_batch_reconcile_and_repo_discovery \u2014 tests/test_optimizations.py:183",
        "line_start": 183,
        "depth": 1,
        "via_relation": "calls",
        "callee_id": "sym:a299afe5c13c:build_parser",
        "callee_symbol": "build_parser"
      },
      {
        "id": "file:398155064175",
        "path": "/Users/giapminh79/code/GitHub/sot-graph/tests/test_p2_orchestrator.py",
        "kind": "file",
        "symbol": "test_p2_orchestrator.py",
        "fqn": "tests.test_p2_orchestrator",
        "label": "File: tests/test_p2_orchestrator.py",
        "line_start": 1,
        "depth": 1,
        "via_relation": "imports",
        "callee_id": "file:a299afe5c13c",
        "callee_symbol": "cli.py"
      },
      {
        "id": "sym:398155064175:TestDeadProviderDegrades.test_require_blocked_by_config_exit_code_is_stable",
        "path": "/Users/giapminh79/code/GitHub/sot-graph/tests/test_p2_orchestrator.py",
        "kind": "method",
        "symbol": "TestDeadProviderDegrades.test_require_blocked_by_config_exit_code_is_stable",
        "fqn": "tests.test_p2_orchestrator.TestDeadProviderDegrades.test_require_blocked_by_config_exit_code_is_stable",
        "label": "def test_require_blocked_by_config_exit_code_is_stable \u2014 tests/test_p2_orchestrator.py:145",
        "line_start": 145,
        "depth": 1,
        "via_relation": "calls",
        "callee_id": "sym:a299afe5c13c:main",
        "callee_symbol": "main"
      },
      {
        "id": "file:2e469e212c63",
        "path": "/Users/giapminh79/code/GitHub/sot-graph/tests/test_p3_plugin_contract.py",
        "kind": "file",
        "symbol": "test_p3_plugin_contract.py",
        "fqn": "tests.test_p3_plugin_contract",
        "label": "File: tests/test_p3_plugin_contract.py",
        "line_start": 1,
        "depth": 1,
        "via_relation": "imports",
        "callee_id": "file:5d1e1f7db31a",
        "callee_symbol": "orchestrator.py"
      },
      {
        "id": "file:c9f64b1d74ed",
        "path": "/Users/giapminh79/code/GitHub/sot-graph/tests/test_p5_coverage_verification.py",
        "kind": "file",
        "symbol": "test_p5_coverage_verification.py",
        "fqn": "tests.test_p5_coverage_verification",
        "label": "File: tests/test_p5_coverage_verification.py",
        "line_start": 1,
        "depth": 1,
        "via_relation": "imports",
        "callee_id": "sym:0430ca2f393f:McpService",
        "callee_symbol": "McpService"
      },
      {
        "id": "sym:c9f64b1d74ed:TestZeroResultIsNotNegativeClaim.test_mcp_search_response_has_coverage",
        "path": "/Users/giapminh79/code/GitHub/sot-graph/tests/test_p5_coverage_verification.py",
        "kind": "method",
        "symbol": "TestZeroResultIsNotNegativeClaim.test_mcp_search_response_has_coverage",
        "fqn": "tests.test_p5_coverage_verification.TestZeroResultIsNotNegativeClaim.test_mcp_search_response_has_coverage",
        "label": "def test_mcp_search_response_has_coverage \u2014 tests/test_p5_coverage_verification.py:240",
        "line_start": 240,
        "depth": 1,
        "via_relation": "calls",
        "callee_id": "sym:0430ca2f393f:McpService",
        "callee_symbol": "McpService"
      },
      {
        "id": "file:081f2612ac35",
        "path": "/Users/giapminh79/code/GitHub/sot-graph/tests/test_p6_ledger.py",
        "kind": "file",
        "symbol": "test_p6_ledger.py",
        "fqn": "tests.test_p6_ledger",
        "label": "File: tests/test_p6_ledger.py",
        "line_start": 1,
        "depth": 1,
        "via_relation": "imports",
        "callee_id": "sym:0430ca2f393f:McpService",
        "callee_symbol": "McpService"
      },
      {
        "id": "sym:081f2612ac35:TestMcpWritePath.test_providers_sync_records_run_and_evidence",
        "path": "/Users/giapminh79/code/GitHub/sot-graph/tests/test_p6_ledger.py",
        "kind": "method",
        "symbol": "TestMcpWritePath.test_providers_sync_records_run_and_evidence",
        "fqn": "tests.test_p6_ledger.TestMcpWritePath.test_providers_sync_records_run_and_evidence",
        "label": "def test_providers_sync_records_run_and_evidence \u2014 tests/test_p6_ledger.py:223",
        "line_start": 223,
        "depth": 1,
        "via_relation": "calls",
        "callee_id": "sym:0430ca2f393f:McpService",
        "callee_symbol": "McpService"
      },
      {
        "id": "sym:081f2612ac35:TestMcpWritePath.test_search_still_read_only",
        "path": "/Users/giapminh79/code/GitHub/sot-graph/tests/test_p6_ledger.py",
        "kind": "method",
        "symbol": "TestMcpWritePath.test_search_still_read_only",
        "fqn": "tests.test_p6_ledger.TestMcpWritePath.test_search_still_read_only",
        "label": "def test_search_still_read_only \u2014 tests/test_p6_ledger.py:242",
        "line_start": 242,
        "depth": 1,
        "via_relation": "calls",
        "callee_id": "sym:0430ca2f393f:McpService",
        "callee_symbol": "McpService"
      },
      {
        "id": "file:143ab3c80e53",
        "path": "/Users/giapminh79/code/GitHub/sot-graph/tests/test_p8_omp_integration.py",
        "kind": "file",
        "symbol": "test_p8_omp_integration.py",
        "fqn": "tests.test_p8_omp_integration",
        "label": "File: tests/test_p8_omp_integration.py",
        "line_start": 1,
        "depth": 1,
        "via_relation": "imports",
        "callee_id": "sym:0430ca2f393f:McpServiceError",
        "callee_symbol": "McpServiceError"
      },
      {
        "id": "sym:143ab3c80e53:TestMcpAssuranceInputs.test_search_policy_and_budget_params",
        "path": "/Users/giapminh79/code/GitHub/sot-graph/tests/test_p8_omp_integration.py",
        "kind": "method",
        "symbol": "TestMcpAssuranceInputs.test_search_policy_and_budget_params",
        "fqn": "tests.test_p8_omp_integration.TestMcpAssuranceInputs.test_search_policy_and_budget_params",
        "label": "def test_search_policy_and_budget_params \u2014 tests/test_p8_omp_integration.py:155",
        "line_start": 155,
        "depth": 1,
        "via_relation": "calls",
        "callee_id": "sym:0430ca2f393f:McpService",
        "callee_symbol": "McpService"
      },
      {
        "id": "sym:143ab3c80e53:TestMcpAssuranceInputs.test_scope_receipt_and_diff_impact_receipt",
        "path": "/Users/giapminh79/code/GitHub/sot-graph/tests/test_p8_omp_integration.py",
        "kind": "method",
        "symbol": "TestMcpAssuranceInputs.test_scope_receipt_and_diff_impact_receipt",
        "fqn": "tests.test_p8_omp_integration.TestMcpAssuranceInputs.test_scope_receipt_and_diff_impact_receipt",
        "label": "def test_scope_receipt_and_diff_impact_receipt \u2014 tests/test_p8_omp_integration.py:191",
        "line_start": 191,
        "depth": 1,
        "via_relation": "calls",
        "callee_id": "sym:0430ca2f393f:McpService",
        "callee_symbol": "McpService"
      },
      {
        "id": "file:e14d1834ad8c",
        "path": "/Users/giapminh79/code/GitHub/sot-graph/tests/test_phase1_scip_and_schema_v5.py",
        "kind": "file",
        "symbol": "test_phase1_scip_and_schema_v5.py",
        "fqn": "tests.test_phase1_scip_and_schema_v5",
        "label": "File: tests/test_phase1_scip_and_schema_v5.py",
        "line_start": 1,
        "depth": 1,
        "via_relation": "imports",
        "callee_id": "sym:a299afe5c13c:cmd_search",
        "callee_symbol": "cmd_search"
      },
      {
        "id": "sym:e14d1834ad8c:Phase1SchemaV5AndScipTests.test_cli_search_and_explore_json_envelope",
        "path": "/Users/giapminh79/code/GitHub/sot-graph/tests/test_phase1_scip_and_schema_v5.py",
        "kind": "method",
        "symbol": "Phase1SchemaV5AndScipTests.test_cli_search_and_explore_json_envelope",
        "fqn": "tests.test_phase1_scip_and_schema_v5.Phase1SchemaV5AndScipTests.test_cli_search_and_explore_json_envelope",
        "label": "def test_cli_search_and_explore_json_envelope \u2014 tests/test_phase1_scip_and_schema_v5.py:345",
        "line_start": 345,
        "depth": 1,
        "via_relation": "calls",
        "callee_id": "sym:a299afe5c13c:cmd_search",
        "callee_symbol": "cmd_search"
      },
      {
        "id": "sym:e14d1834ad8c:Phase1SchemaV5AndScipTests.test_mcp_service_includes_providers_in_responses",
        "path": "/Users/giapminh79/code/GitHub/sot-graph/tests/test_phase1_scip_and_schema_v5.py",
        "kind": "method",
        "symbol": "Phase1SchemaV5AndScipTests.test_mcp_service_includes_providers_in_responses",
        "fqn": "tests.test_phase1_scip_and_schema_v5.Phase1SchemaV5AndScipTests.test_mcp_service_includes_providers_in_responses",
        "label": "def test_mcp_service_includes_providers_in_responses \u2014 tests/test_phase1_scip_and_schema_v5.py:419",
        "line_start": 419,
        "depth": 1,
        "via_relation": "calls",
        "callee_id": "sym:0430ca2f393f:McpService",
        "callee_symbol": "McpService"
      },
      {
        "id": "file:7f511fdf0995",
        "path": "/Users/giapminh79/code/GitHub/sot-graph/tests/test_providers_cross_check.py",
        "kind": "file",
        "symbol": "test_providers_cross_check.py",
        "fqn": "tests.test_providers_cross_check",
        "label": "File: tests/test_providers_cross_check.py",
        "line_start": 1,
        "depth": 1,
        "via_relation": "imports",
        "callee_id": "sym:a299afe5c13c:build_parser",
        "callee_symbol": "build_parser"
      },
      {
        "id": "sym:7f511fdf0995:CrossCheckTests.test_cli_subcommand_wiring",
        "path": "/Users/giapminh79/code/GitHub/sot-graph/tests/test_providers_cross_check.py",
        "kind": "method",
        "symbol": "CrossCheckTests.test_cli_subcommand_wiring",
        "fqn": "tests.test_providers_cross_check.CrossCheckTests.test_cli_subcommand_wiring",
        "label": "def test_cli_subcommand_wiring \u2014 tests/test_providers_cross_check.py:326",
        "line_start": 326,
        "depth": 1,
        "via_relation": "calls",
        "callee_id": "sym:a299afe5c13c:build_parser",
        "callee_symbol": "build_parser"
      },
      {
        "id": "sym:7f511fdf0995:CrossCheckReceiptTests.test_cli_receipt_flag_wiring",
        "path": "/Users/giapminh79/code/GitHub/sot-graph/tests/test_providers_cross_check.py",
        "kind": "method",
        "symbol": "CrossCheckReceiptTests.test_cli_receipt_flag_wiring",
        "fqn": "tests.test_providers_cross_check.CrossCheckReceiptTests.test_cli_receipt_flag_wiring",
        "label": "def test_cli_receipt_flag_wiring \u2014 tests/test_providers_cross_check.py:432",
        "line_start": 432,
        "depth": 1,
        "via_relation": "calls",
        "callee_id": "sym:a299afe5c13c:build_parser",
        "callee_symbol": "build_parser"
      },
      {
        "id": "file:51828cb5b765",
        "path": "/Users/giapminh79/code/GitHub/sot-graph/tests/test_providers_registry.py",
        "kind": "file",
        "symbol": "test_providers_registry.py",
        "fqn": "tests.test_providers_registry",
        "label": "File: tests/test_providers_registry.py",
        "line_start": 1,
        "depth": 1,
        "via_relation": "imports",
        "callee_id": "sym:a299afe5c13c:main",
        "callee_symbol": "main"
      },
      {
        "id": "sym:51828cb5b765:TestCliProviders.test_detect_json_smoke",
        "path": "/Users/giapminh79/code/GitHub/sot-graph/tests/test_providers_registry.py",
        "kind": "method",
        "symbol": "TestCliProviders.test_detect_json_smoke",
        "fqn": "tests.test_providers_registry.TestCliProviders.test_detect_json_smoke",
        "label": "def test_detect_json_smoke \u2014 tests/test_providers_registry.py:164",
        "line_start": 164,
        "depth": 1,
        "via_relation": "calls",
        "callee_id": "sym:a299afe5c13c:main",
        "callee_symbol": "main"
      },
      {
        "id": "sym:51828cb5b765:TestCliProviders.test_doctor_exit_code_zero_when_optional_missing",
        "path": "/Users/giapminh79/code/GitHub/sot-graph/tests/test_providers_registry.py",
        "kind": "method",
        "symbol": "TestCliProviders.test_doctor_exit_code_zero_when_optional_missing",
        "fqn": "tests.test_providers_registry.TestCliProviders.test_doctor_exit_code_zero_when_optional_missing",
        "label": "def test_doctor_exit_code_zero_when_optional_missing \u2014 tests/test_providers_registry.py:175",
        "line_start": 175,
        "depth": 1,
        "via_relation": "calls",
        "callee_id": "sym:a299afe5c13c:main",
        "callee_symbol": "main"
      },
      {
        "id": "sym:51828cb5b765:TestCliProviders.test_doctor_exit_code_one_when_required_unhealthy",
        "path": "/Users/giapminh79/code/GitHub/sot-graph/tests/test_providers_registry.py",
        "kind": "method",
        "symbol": "TestCliProviders.test_doctor_exit_code_one_when_required_unhealthy",
        "fqn": "tests.test_providers_registry.TestCliProviders.test_doctor_exit_code_one_when_required_unhealthy",
        "label": "def test_doctor_exit_code_one_when_required_unhealthy \u2014 tests/test_providers_registry.py:198",
        "line_start": 198,
        "depth": 1,
        "via_relation": "calls",
        "callee_id": "sym:a299afe5c13c:main",
        "callee_symbol": "main"
      },
      {
        "id": "sym:51828cb5b765:TestCliProviders.test_resolve_json_returns_ranked_list",
        "path": "/Users/giapminh79/code/GitHub/sot-graph/tests/test_providers_registry.py",
        "kind": "method",
        "symbol": "TestCliProviders.test_resolve_json_returns_ranked_list",
        "fqn": "tests.test_providers_registry.TestCliProviders.test_resolve_json_returns_ranked_list",
        "label": "def test_resolve_json_returns_ranked_list \u2014 tests/test_providers_registry.py:211",
        "line_start": 211,
        "depth": 1,
        "via_relation": "calls",
        "callee_id": "sym:a299afe5c13c:main",
        "callee_symbol": "main"
      },
      {
        "id": "sym:51828cb5b765:TestCliProviders.test_list_json_lists_all_configured",
        "path": "/Users/giapminh79/code/GitHub/sot-graph/tests/test_providers_registry.py",
        "kind": "method",
        "symbol": "TestCliProviders.test_list_json_lists_all_configured",
        "fqn": "tests.test_providers_registry.TestCliProviders.test_list_json_lists_all_configured",
        "label": "def test_list_json_lists_all_configured \u2014 tests/test_providers_registry.py:219",
        "line_start": 219,
        "depth": 1,
        "via_relation": "calls",
        "callee_id": "sym:a299afe5c13c:main",
        "callee_symbol": "main"
      },
      {
        "id": "file:1e037f5c17d0",
        "path": "/Users/giapminh79/code/GitHub/sot-graph/tests/test_repo_map.py",
        "kind": "file",
        "symbol": "test_repo_map.py",
        "fqn": "tests.test_repo_map",
        "label": "File: tests/test_repo_map.py",
        "line_start": 1,
        "depth": 1,
        "via_relation": "imports",
        "callee_id": "sym:0430ca2f393f:McpService",
        "callee_symbol": "McpService"
      },
      {
        "id": "sym:1e037f5c17d0:McpMapAndNotesTests.setUp",
        "path": "/Users/giapminh79/code/GitHub/sot-graph/tests/test_repo_map.py",
        "kind": "method",
        "symbol": "McpMapAndNotesTests.setUp",
        "fqn": "tests.test_repo_map.McpMapAndNotesTests.setUp",
        "label": "def setUp \u2014 tests/test_repo_map.py:125",
        "line_start": 125,
        "depth": 1,
        "via_relation": "calls",
        "callee_id": "sym:0430ca2f393f:McpService",
        "callee_symbol": "McpService"
      },
      {
        "id": "file:a0fd26ba8176",
        "path": "/Users/giapminh79/code/GitHub/sot-graph/tests/test_report_conformance.py",
        "kind": "file",
        "symbol": "test_report_conformance.py",
        "fqn": "tests.test_report_conformance",
        "label": "File: tests/test_report_conformance.py",
        "line_start": 1,
        "depth": 1,
        "via_relation": "imports",
        "callee_id": "sym:a299afe5c13c:build_parser",
        "callee_symbol": "build_parser"
      },
      {
        "id": "sym:a0fd26ba8176:TestShippedPathIntegration.test_cli_report_receives_real_denominators",
        "path": "/Users/giapminh79/code/GitHub/sot-graph/tests/test_report_conformance.py",
        "kind": "method",
        "symbol": "TestShippedPathIntegration.test_cli_report_receives_real_denominators",
        "fqn": "tests.test_report_conformance.TestShippedPathIntegration.test_cli_report_receives_real_denominators",
        "label": "def test_cli_report_receives_real_denominators \u2014 tests/test_report_conformance.py:418",
        "line_start": 418,
        "depth": 1,
        "via_relation": "calls",
        "callee_id": "sym:a299afe5c13c:build_parser",
        "callee_symbol": "build_parser"
      },
      {
        "id": "sym:a0fd26ba8176:TestShippedPathIntegration.test_mcp_report_receives_real_denominators",
        "path": "/Users/giapminh79/code/GitHub/sot-graph/tests/test_report_conformance.py",
        "kind": "method",
        "symbol": "TestShippedPathIntegration.test_mcp_report_receives_real_denominators",
        "fqn": "tests.test_report_conformance.TestShippedPathIntegration.test_mcp_report_receives_real_denominators",
        "label": "def test_mcp_report_receives_real_denominators \u2014 tests/test_report_conformance.py:432",
        "line_start": 432,
        "depth": 1,
        "via_relation": "calls",
        "callee_id": "sym:0430ca2f393f:McpService",
        "callee_symbol": "McpService"
      },
      {
        "id": "file:27d462be5c4b",
        "path": "/Users/giapminh79/code/GitHub/sot-graph/tests/test_search_bare_name_ranking.py",
        "kind": "file",
        "symbol": "test_search_bare_name_ranking.py",
        "fqn": "tests.test_search_bare_name_ranking",
        "label": "File: tests/test_search_bare_name_ranking.py",
        "line_start": 1,
        "depth": 1,
        "via_relation": "imports",
        "callee_id": "sym:0430ca2f393f:McpService",
        "callee_symbol": "McpService"
      },
      {
        "id": "sym:27d462be5c4b:BareNameRankingTestCase._mcp",
        "path": "/Users/giapminh79/code/GitHub/sot-graph/tests/test_search_bare_name_ranking.py",
        "kind": "method",
        "symbol": "BareNameRankingTestCase._mcp",
        "fqn": "tests.test_search_bare_name_ranking.BareNameRankingTestCase._mcp",
        "label": "def _mcp \u2014 tests/test_search_bare_name_ranking.py:60",
        "line_start": 60,
        "depth": 1,
        "via_relation": "calls",
        "callee_id": "sym:0430ca2f393f:McpService",
        "callee_symbol": "McpService"
      },
      {
        "id": "file:f058a7d050ab",
        "path": "/Users/giapminh79/code/GitHub/sot-graph/tests/test_sg107_stress.py",
        "kind": "file",
        "symbol": "test_sg107_stress.py",
        "fqn": "tests.test_sg107_stress",
        "label": "File: tests/test_sg107_stress.py",
        "line_start": 1,
        "depth": 1,
        "via_relation": "imports",
        "callee_id": "sym:a299afe5c13c:build_parser",
        "callee_symbol": "build_parser"
      },
      {
        "id": "sym:f058a7d050ab:_service_of",
        "path": "/Users/giapminh79/code/GitHub/sot-graph/tests/test_sg107_stress.py",
        "kind": "function",
        "symbol": "_service_of",
        "fqn": "tests.test_sg107_stress._service_of",
        "label": "def _service_of \u2014 tests/test_sg107_stress.py:343",
        "line_start": 343,
        "depth": 1,
        "via_relation": "calls",
        "callee_id": "sym:0430ca2f393f:McpService",
        "callee_symbol": "McpService"
      },
      {
        "id": "sym:f058a7d050ab:_cli_diff_json",
        "path": "/Users/giapminh79/code/GitHub/sot-graph/tests/test_sg107_stress.py",
        "kind": "function",
        "symbol": "_cli_diff_json",
        "fqn": "tests.test_sg107_stress._cli_diff_json",
        "label": "def _cli_diff_json \u2014 tests/test_sg107_stress.py:354",
        "line_start": 354,
        "depth": 1,
        "via_relation": "calls",
        "callee_id": "sym:a299afe5c13c:build_parser",
        "callee_symbol": "build_parser"
      },
      {
        "id": "sym:f058a7d050ab:TestCharacterizationResidualRisks._fits",
        "path": "/Users/giapminh79/code/GitHub/sot-graph/tests/test_sg107_stress.py",
        "kind": "method",
        "symbol": "TestCharacterizationResidualRisks._fits",
        "fqn": "tests.test_sg107_stress.TestCharacterizationResidualRisks._fits",
        "label": "def _fits \u2014 tests/test_sg107_stress.py:730",
        "line_start": 730,
        "depth": 1,
        "via_relation": "calls",
        "callee_id": "sym:0430ca2f393f:McpService",
        "callee_symbol": "McpService"
      },
      {
        "id": "file:b476db0d78ee",
        "path": "/Users/giapminh79/code/GitHub/sot-graph/tests/test_sg201_repo_map_filters.py",
        "kind": "file",
        "symbol": "test_sg201_repo_map_filters.py",
        "fqn": "tests.test_sg201_repo_map_filters",
        "label": "File: tests/test_sg201_repo_map_filters.py",
        "line_start": 1,
        "depth": 1,
        "via_relation": "imports",
        "callee_id": "sym:0430ca2f393f:McpServiceError",
        "callee_symbol": "McpServiceError"
      },
      {
        "id": "sym:b476db0d78ee:RepoMapFilterSurfaceTests.test_mcp_repo_map_returns_filters_and_opt_in",
        "path": "/Users/giapminh79/code/GitHub/sot-graph/tests/test_sg201_repo_map_filters.py",
        "kind": "method",
        "symbol": "RepoMapFilterSurfaceTests.test_mcp_repo_map_returns_filters_and_opt_in",
        "fqn": "tests.test_sg201_repo_map_filters.RepoMapFilterSurfaceTests.test_mcp_repo_map_returns_filters_and_opt_in",
        "label": "def test_mcp_repo_map_returns_filters_and_opt_in \u2014 tests/test_sg201_repo_map_filters.py:311",
        "line_start": 311,
        "depth": 1,
        "via_relation": "calls",
        "callee_id": "sym:0430ca2f393f:McpService",
        "callee_symbol": "McpService"
      },
      {
        "id": "sym:b476db0d78ee:RepoMapFilterSurfaceTests.test_mcp_repo_map_rejects_unknown_category",
        "path": "/Users/giapminh79/code/GitHub/sot-graph/tests/test_sg201_repo_map_filters.py",
        "kind": "method",
        "symbol": "RepoMapFilterSurfaceTests.test_mcp_repo_map_rejects_unknown_category",
        "fqn": "tests.test_sg201_repo_map_filters.RepoMapFilterSurfaceTests.test_mcp_repo_map_rejects_unknown_category",
        "label": "def test_mcp_repo_map_rejects_unknown_category \u2014 tests/test_sg201_repo_map_filters.py:322",
        "line_start": 322,
        "depth": 1,
        "via_relation": "calls",
        "callee_id": "sym:0430ca2f393f:McpService",
        "callee_symbol": "McpService"
      },
      {
        "id": "file:23a7d8cbff5f",
        "path": "/Users/giapminh79/code/GitHub/sot-graph/tests/test_sg202_pack_completeness.py",
        "kind": "file",
        "symbol": "test_sg202_pack_completeness.py",
        "fqn": "tests.test_sg202_pack_completeness",
        "label": "File: tests/test_sg202_pack_completeness.py",
        "line_start": 1,
        "depth": 1,
        "via_relation": "imports",
        "callee_id": "sym:0430ca2f393f:McpService",
        "callee_symbol": "McpService"
      },
      {
        "id": "sym:23a7d8cbff5f:SG202PackCompletenessTests.test_mcp_surface_reports_honesty_fields",
        "path": "/Users/giapminh79/code/GitHub/sot-graph/tests/test_sg202_pack_completeness.py",
        "kind": "method",
        "symbol": "SG202PackCompletenessTests.test_mcp_surface_reports_honesty_fields",
        "fqn": "tests.test_sg202_pack_completeness.SG202PackCompletenessTests.test_mcp_surface_reports_honesty_fields",
        "label": "def test_mcp_surface_reports_honesty_fields \u2014 tests/test_sg202_pack_completeness.py:260",
        "line_start": 260,
        "depth": 1,
        "via_relation": "calls",
        "callee_id": "sym:0430ca2f393f:McpService",
        "callee_symbol": "McpService"
      },
      {
        "id": "file:bafaa559d09b",
        "path": "/Users/giapminh79/code/GitHub/sot-graph/tests/test_solution_trace.py",
        "kind": "file",
        "symbol": "test_solution_trace.py",
        "fqn": "tests.test_solution_trace",
        "label": "File: tests/test_solution_trace.py",
        "line_start": 1,
        "depth": 1,
        "via_relation": "imports",
        "callee_id": "sym:0430ca2f393f:McpService",
        "callee_symbol": "McpService"
      },
      {
        "id": "sym:bafaa559d09b:TestSolutionAndTraceEngine.test_mcp_service_async_primitives",
        "path": "/Users/giapminh79/code/GitHub/sot-graph/tests/test_solution_trace.py",
        "kind": "method",
        "symbol": "TestSolutionAndTraceEngine.test_mcp_service_async_primitives",
        "fqn": "tests.test_solution_trace.TestSolutionAndTraceEngine.test_mcp_service_async_primitives",
        "label": "def test_mcp_service_async_primitives \u2014 tests/test_solution_trace.py:221",
        "line_start": 221,
        "depth": 1,
        "via_relation": "calls",
        "callee_id": "sym:0430ca2f393f:McpService",
        "callee_symbol": "McpService"
      },
      {
        "id": "file:8d8facd09c31",
        "path": "/Users/giapminh79/code/GitHub/sot-graph/tests/test_sprint4_compass_and_pack.py",
        "kind": "file",
        "symbol": "test_sprint4_compass_and_pack.py",
        "fqn": "tests.test_sprint4_compass_and_pack",
        "label": "File: tests/test_sprint4_compass_and_pack.py",
        "line_start": 1,
        "depth": 1,
        "via_relation": "imports",
        "callee_id": "sym:0430ca2f393f:McpService",
        "callee_symbol": "McpService"
      },
      {
        "id": "sym:8d8facd09c31:Sprint4CompassAndPackTests.test_mcp_explore_structured_hops",
        "path": "/Users/giapminh79/code/GitHub/sot-graph/tests/test_sprint4_compass_and_pack.py",
        "kind": "method",
        "symbol": "Sprint4CompassAndPackTests.test_mcp_explore_structured_hops",
        "fqn": "tests.test_sprint4_compass_and_pack.Sprint4CompassAndPackTests.test_mcp_explore_structured_hops",
        "label": "def test_mcp_explore_structured_hops \u2014 tests/test_sprint4_compass_and_pack.py:316",
        "line_start": 316,
        "depth": 1,
        "via_relation": "calls",
        "callee_id": "sym:0430ca2f393f:McpService",
        "callee_symbol": "McpService"
      },
      {
        "id": "file:21c603c57c3d",
        "path": "/Users/giapminh79/code/GitHub/sot-graph/tests/test_storage_integrity.py",
        "kind": "file",
        "symbol": "test_storage_integrity.py",
        "fqn": "tests.test_storage_integrity",
        "label": "File: tests/test_storage_integrity.py",
        "line_start": 1,
        "depth": 1,
        "via_relation": "imports",
        "callee_id": "sym:a299afe5c13c:main",
        "callee_symbol": "main"
      },
      {
        "id": "sym:21c603c57c3d:test_doctor_cli_text_and_json",
        "path": "/Users/giapminh79/code/GitHub/sot-graph/tests/test_storage_integrity.py",
        "kind": "function",
        "symbol": "test_doctor_cli_text_and_json",
        "fqn": "tests.test_storage_integrity.test_doctor_cli_text_and_json",
        "label": "def test_doctor_cli_text_and_json \u2014 tests/test_storage_integrity.py:52",
        "line_start": 52,
        "depth": 1,
        "via_relation": "calls",
        "callee_id": "sym:a299afe5c13c:main",
        "callee_symbol": "main"
      },
      {
        "id": "file:d3c0b58d9f4b",
        "path": "/Users/giapminh79/code/GitHub/sot-graph/tests/test_trust_axes.py",
        "kind": "file",
        "symbol": "test_trust_axes.py",
        "fqn": "tests.test_trust_axes",
        "label": "File: tests/test_trust_axes.py",
        "line_start": 1,
        "depth": 1,
        "via_relation": "imports",
        "callee_id": "sym:a299afe5c13c:cmd_search",
        "callee_symbol": "cmd_search"
      },
      {
        "id": "sym:d3c0b58d9f4b:_search_cli",
        "path": "/Users/giapminh79/code/GitHub/sot-graph/tests/test_trust_axes.py",
        "kind": "function",
        "symbol": "_search_cli",
        "fqn": "tests.test_trust_axes._search_cli",
        "label": "def _search_cli \u2014 tests/test_trust_axes.py:387",
        "line_start": 387,
        "depth": 1,
        "via_relation": "calls",
        "callee_id": "sym:a299afe5c13c:cmd_search",
        "callee_symbol": "cmd_search"
      },
      {
        "id": "sym:d3c0b58d9f4b:TestMcpSearchAxes.test_results_carry_axes_and_contract",
        "path": "/Users/giapminh79/code/GitHub/sot-graph/tests/test_trust_axes.py",
        "kind": "method",
        "symbol": "TestMcpSearchAxes.test_results_carry_axes_and_contract",
        "fqn": "tests.test_trust_axes.TestMcpSearchAxes.test_results_carry_axes_and_contract",
        "label": "def test_results_carry_axes_and_contract \u2014 tests/test_trust_axes.py:485",
        "line_start": 485,
        "depth": 1,
        "via_relation": "calls",
        "callee_id": "sym:0430ca2f393f:McpService",
        "callee_symbol": "McpService"
      },
      {
        "id": "sym:d3c0b58d9f4b:TestMcpSearchAxes.test_ambiguous_identity_on_mcp",
        "path": "/Users/giapminh79/code/GitHub/sot-graph/tests/test_trust_axes.py",
        "kind": "method",
        "symbol": "TestMcpSearchAxes.test_ambiguous_identity_on_mcp",
        "fqn": "tests.test_trust_axes.TestMcpSearchAxes.test_ambiguous_identity_on_mcp",
        "label": "def test_ambiguous_identity_on_mcp \u2014 tests/test_trust_axes.py:506",
        "line_start": 506,
        "depth": 1,
        "via_relation": "calls",
        "callee_id": "sym:0430ca2f393f:McpService",
        "callee_symbol": "McpService"
      },
      {
        "id": "sym:d3c0b58d9f4b:TestMcpSearchAxes.test_empty_results_still_expose_contract",
        "path": "/Users/giapminh79/code/GitHub/sot-graph/tests/test_trust_axes.py",
        "kind": "method",
        "symbol": "TestMcpSearchAxes.test_empty_results_still_expose_contract",
        "fqn": "tests.test_trust_axes.TestMcpSearchAxes.test_empty_results_still_expose_contract",
        "label": "def test_empty_results_still_expose_contract \u2014 tests/test_trust_axes.py:513",
        "line_start": 513,
        "depth": 1,
        "via_relation": "calls",
        "callee_id": "sym:0430ca2f393f:McpService",
        "callee_symbol": "McpService"
      },
      {
        "id": "file:90bc0983d900",
        "path": "/Users/giapminh79/code/GitHub/sot-graph/tests/test_trust_chain_hardening.py",
        "kind": "file",
        "symbol": "test_trust_chain_hardening.py",
        "fqn": "tests.test_trust_chain_hardening",
        "label": "File: tests/test_trust_chain_hardening.py",
        "line_start": 1,
        "depth": 1,
        "via_relation": "imports",
        "callee_id": "sym:0430ca2f393f:McpService",
        "callee_symbol": "McpService"
      },
      {
        "id": "sym:90bc0983d900:test_mcp_fits_response_surrogateescape",
        "path": "/Users/giapminh79/code/GitHub/sot-graph/tests/test_trust_chain_hardening.py",
        "kind": "function",
        "symbol": "test_mcp_fits_response_surrogateescape",
        "fqn": "tests.test_trust_chain_hardening.test_mcp_fits_response_surrogateescape",
        "label": "def test_mcp_fits_response_surrogateescape \u2014 tests/test_trust_chain_hardening.py:609",
        "line_start": 609,
        "depth": 1,
        "via_relation": "calls",
        "callee_id": "sym:0430ca2f393f:McpService",
        "callee_symbol": "McpService"
      },
      {
        "id": "sym:90bc0983d900:test_mcp_diff_impact_receipt_fits_response_truncation",
        "path": "/Users/giapminh79/code/GitHub/sot-graph/tests/test_trust_chain_hardening.py",
        "kind": "function",
        "symbol": "test_mcp_diff_impact_receipt_fits_response_truncation",
        "fqn": "tests.test_trust_chain_hardening.test_mcp_diff_impact_receipt_fits_response_truncation",
        "label": "def test_mcp_diff_impact_receipt_fits_response_truncation \u2014 tests/test_trust_chain_hardening.py:930",
        "line_start": 930,
        "depth": 1,
        "via_relation": "calls",
        "callee_id": "sym:0430ca2f393f:McpService",
        "callee_symbol": "McpService"
      },
      {
        "id": "sym:90bc0983d900:test_mcp_transport_truncation_degrades_assurance",
        "path": "/Users/giapminh79/code/GitHub/sot-graph/tests/test_trust_chain_hardening.py",
        "kind": "function",
        "symbol": "test_mcp_transport_truncation_degrades_assurance",
        "fqn": "tests.test_trust_chain_hardening.test_mcp_transport_truncation_degrades_assurance",
        "label": "def test_mcp_transport_truncation_degrades_assurance \u2014 tests/test_trust_chain_hardening.py:994",
        "line_start": 994,
        "depth": 1,
        "via_relation": "calls",
        "callee_id": "sym:0430ca2f393f:McpService",
        "callee_symbol": "McpService"
      },
      {
        "id": "sym:90bc0983d900:test_mcp_small_receipt_payload_assurance_untouched",
        "path": "/Users/giapminh79/code/GitHub/sot-graph/tests/test_trust_chain_hardening.py",
        "kind": "function",
        "symbol": "test_mcp_small_receipt_payload_assurance_untouched",
        "fqn": "tests.test_trust_chain_hardening.test_mcp_small_receipt_payload_assurance_untouched",
        "label": "def test_mcp_small_receipt_payload_assurance_untouched \u2014 tests/test_trust_chain_hardening.py:1046",
        "line_start": 1046,
        "depth": 1,
        "via_relation": "calls",
        "callee_id": "sym:0430ca2f393f:McpService",
        "callee_symbol": "McpService"
      },
      {
        "id": "sym:90bc0983d900:test_mcp_diff_impact_default_target_is_head",
        "path": "/Users/giapminh79/code/GitHub/sot-graph/tests/test_trust_chain_hardening.py",
        "kind": "function",
        "symbol": "test_mcp_diff_impact_default_target_is_head",
        "fqn": "tests.test_trust_chain_hardening.test_mcp_diff_impact_default_target_is_head",
        "label": "def test_mcp_diff_impact_default_target_is_head \u2014 tests/test_trust_chain_hardening.py:1072",
        "line_start": 1072,
        "depth": 1,
        "via_relation": "calls",
        "callee_id": "sym:0430ca2f393f:McpService",
        "callee_symbol": "McpService"
      },
      {
        "id": "sym:90bc0983d900:test_mcp_diff_impact_receipt_default_target_is_head",
        "path": "/Users/giapminh79/code/GitHub/sot-graph/tests/test_trust_chain_hardening.py",
        "kind": "function",
        "symbol": "test_mcp_diff_impact_receipt_default_target_is_head",
        "fqn": "tests.test_trust_chain_hardening.test_mcp_diff_impact_receipt_default_target_is_head",
        "label": "def test_mcp_diff_impact_receipt_default_target_is_head \u2014 tests/test_trust_chain_hardening.py:1107",
        "line_start": 1107,
        "depth": 1,
        "via_relation": "calls",
        "callee_id": "sym:0430ca2f393f:McpService",
        "callee_symbol": "McpService"
      },
      {
        "id": "sym:c3d36d674c17:main",
        "path": "/Users/giapminh79/code/GitHub/sot-graph/scripts/bench_holdout.py",
        "kind": "function",
        "symbol": "main",
        "fqn": "scripts.bench_holdout.main",
        "label": "def main \u2014 scripts/bench_holdout.py:957",
        "line_start": 957,
        "depth": 2,
        "via_relation": "calls",
        "callee_id": "sym:c3d36d674c17:run_repo",
        "callee_symbol": "run_repo"
      },
      {
        "id": "sym:0430ca2f393f:McpService.graph_generation",
        "path": "/Users/giapminh79/code/GitHub/sot-graph/src/sot_graph/mcp_service.py",
        "kind": "method",
        "symbol": "McpService.graph_generation",
        "fqn": "sot_graph.mcp_service.McpService.graph_generation",
        "label": "def graph_generation \u2014 src/sot_graph/mcp_service.py:1207",
        "line_start": 1207,
        "depth": 2,
        "via_relation": "calls",
        "callee_id": "sym:0430ca2f393f:McpService._run",
        "callee_symbol": "McpService._run"
      },
      {
        "id": "sym:0430ca2f393f:McpService.verify_drift",
        "path": "/Users/giapminh79/code/GitHub/sot-graph/src/sot_graph/mcp_service.py",
        "kind": "method",
        "symbol": "McpService.verify_drift",
        "fqn": "sot_graph.mcp_service.McpService.verify_drift",
        "label": "def verify_drift \u2014 src/sot_graph/mcp_service.py:1232",
        "line_start": 1232,
        "depth": 2,
        "via_relation": "calls",
        "callee_id": "sym:0430ca2f393f:McpService._run",
        "callee_symbol": "McpService._run"
      },
      {
        "id": "sym:0430ca2f393f:McpService.stats",
        "path": "/Users/giapminh79/code/GitHub/sot-graph/src/sot_graph/mcp_service.py",
        "kind": "method",
        "symbol": "McpService.stats",
        "fqn": "sot_graph.mcp_service.McpService.stats",
        "label": "def stats \u2014 src/sot_graph/mcp_service.py:1272",
        "line_start": 1272,
        "depth": 2,
        "via_relation": "calls",
        "callee_id": "sym:0430ca2f393f:McpService._run",
        "callee_symbol": "McpService._run"
      },
      {
        "id": "sym:0430ca2f393f:McpService.get_architecture_report",
        "path": "/Users/giapminh79/code/GitHub/sot-graph/src/sot_graph/mcp_service.py",
        "kind": "method",
        "symbol": "McpService.get_architecture_report",
        "fqn": "sot_graph.mcp_service.McpService.get_architecture_report",
        "label": "def get_architecture_report \u2014 src/sot_graph/mcp_service.py:1279",
        "line_start": 1279,
        "depth": 2,
        "via_relation": "calls",
        "callee_id": "sym:0430ca2f393f:McpService._run",
        "callee_symbol": "McpService._run"
      },
      {
        "id": "sym:0430ca2f393f:McpService.get_communities",
        "path": "/Users/giapminh79/code/GitHub/sot-graph/src/sot_graph/mcp_service.py",
        "kind": "method",
        "symbol": "McpService.get_communities",
        "fqn": "sot_graph.mcp_service.McpService.get_communities",
        "label": "def get_communities \u2014 src/sot_graph/mcp_service.py:1358",
        "line_start": 1358,
        "depth": 2,
        "via_relation": "calls",
        "callee_id": "sym:0430ca2f393f:McpService._run",
        "callee_symbol": "McpService._run"
      },
      {
        "id": "sym:0430ca2f393f:McpService.get_architecture_bundle",
        "path": "/Users/giapminh79/code/GitHub/sot-graph/src/sot_graph/mcp_service.py",
        "kind": "method",
        "symbol": "McpService.get_architecture_bundle",
        "fqn": "sot_graph.mcp_service.McpService.get_architecture_bundle",
        "label": "def get_architecture_bundle \u2014 src/sot_graph/mcp_service.py:1388",
        "line_start": 1388,
        "depth": 2,
        "via_relation": "calls",
        "callee_id": "sym:0430ca2f393f:McpService._run",
        "callee_symbol": "McpService._run"
      },
      {
        "id": "sym:0430ca2f393f:McpService.get_architecture_bundle.op",
        "path": "/Users/giapminh79/code/GitHub/sot-graph/src/sot_graph/mcp_service.py",
        "kind": "method",
        "symbol": "McpService.get_architecture_bundle.op",
        "fqn": "sot_graph.mcp_service.McpService.get_architecture_bundle.op",
        "label": "def op \u2014 src/sot_graph/mcp_service.py:1398",
        "line_start": 1398,
        "depth": 2,
        "via_relation": "calls",
        "callee_id": "sym:0430ca2f393f:resolve_and_validate_output_path",
        "callee_symbol": "resolve_and_validate_output_path"
      },
      {
        "id": "sym:0430ca2f393f:McpService.pack_context_bundle",
        "path": "/Users/giapminh79/code/GitHub/sot-graph/src/sot_graph/mcp_service.py",
        "kind": "method",
        "symbol": "McpService.pack_context_bundle",
        "fqn": "sot_graph.mcp_service.McpService.pack_context_bundle",
        "label": "def pack_context_bundle \u2014 src/sot_graph/mcp_service.py:1426",
        "line_start": 1426,
        "depth": 2,
        "via_relation": "calls",
        "callee_id": "sym:0430ca2f393f:McpService._run",
        "callee_symbol": "McpService._run"
      },
      {
        "id": "sym:0430ca2f393f:McpService.trace",
        "path": "/Users/giapminh79/code/GitHub/sot-graph/src/sot_graph/mcp_service.py",
        "kind": "method",
        "symbol": "McpService.trace",
        "fqn": "sot_graph.mcp_service.McpService.trace",
        "label": "def trace \u2014 src/sot_graph/mcp_service.py:1466",
        "line_start": 1466,
        "depth": 2,
        "via_relation": "calls",
        "callee_id": "sym:0430ca2f393f:McpService._run",
        "callee_symbol": "McpService._run"
      },
      {
        "id": "sym:0430ca2f393f:McpService.ui_tree",
        "path": "/Users/giapminh79/code/GitHub/sot-graph/src/sot_graph/mcp_service.py",
        "kind": "method",
        "symbol": "McpService.ui_tree",
        "fqn": "sot_graph.mcp_service.McpService.ui_tree",
        "label": "def ui_tree \u2014 src/sot_graph/mcp_service.py:1488",
        "line_start": 1488,
        "depth": 2,
        "via_relation": "calls",
        "callee_id": "sym:0430ca2f393f:McpService._run",
        "callee_symbol": "McpService._run"
      },
      {
        "id": "sym:0430ca2f393f:McpService.backend_flow",
        "path": "/Users/giapminh79/code/GitHub/sot-graph/src/sot_graph/mcp_service.py",
        "kind": "method",
        "symbol": "McpService.backend_flow",
        "fqn": "sot_graph.mcp_service.McpService.backend_flow",
        "label": "def backend_flow \u2014 src/sot_graph/mcp_service.py:1507",
        "line_start": 1507,
        "depth": 2,
        "via_relation": "calls",
        "callee_id": "sym:0430ca2f393f:McpService._run",
        "callee_symbol": "McpService._run"
      },
      {
        "id": "sym:0430ca2f393f:McpService.solution_inventory",
        "path": "/Users/giapminh79/code/GitHub/sot-graph/src/sot_graph/mcp_service.py",
        "kind": "method",
        "symbol": "McpService.solution_inventory",
        "fqn": "sot_graph.mcp_service.McpService.solution_inventory",
        "label": "def solution_inventory \u2014 src/sot_graph/mcp_service.py:1526",
        "line_start": 1526,
        "depth": 2,
        "via_relation": "calls",
        "callee_id": "sym:0430ca2f393f:McpService._run",
        "callee_symbol": "McpService._run"
      },
      {
        "id": "sym:0430ca2f393f:McpService.solution_inventory.op",
        "path": "/Users/giapminh79/code/GitHub/sot-graph/src/sot_graph/mcp_service.py",
        "kind": "method",
        "symbol": "McpService.solution_inventory.op",
        "fqn": "sot_graph.mcp_service.McpService.solution_inventory.op",
        "label": "def op \u2014 src/sot_graph/mcp_service.py:1535",
        "line_start": 1535,
        "depth": 2,
        "via_relation": "calls",
        "callee_id": "sym:0430ca2f393f:resolve_and_validate_output_path",
        "callee_symbol": "resolve_and_validate_output_path"
      },
      {
        "id": "sym:0430ca2f393f:McpService.solution_steps",
        "path": "/Users/giapminh79/code/GitHub/sot-graph/src/sot_graph/mcp_service.py",
        "kind": "method",
        "symbol": "McpService.solution_steps",
        "fqn": "sot_graph.mcp_service.McpService.solution_steps",
        "label": "def solution_steps \u2014 src/sot_graph/mcp_service.py:1550",
        "line_start": 1550,
        "depth": 2,
        "via_relation": "calls",
        "callee_id": "sym:0430ca2f393f:McpService._run",
        "callee_symbol": "McpService._run"
      },
      {
        "id": "sym:0430ca2f393f:McpService.solution_bundle",
        "path": "/Users/giapminh79/code/GitHub/sot-graph/src/sot_graph/mcp_service.py",
        "kind": "method",
        "symbol": "McpService.solution_bundle",
        "fqn": "sot_graph.mcp_service.McpService.solution_bundle",
        "label": "def solution_bundle \u2014 src/sot_graph/mcp_service.py:1569",
        "line_start": 1569,
        "depth": 2,
        "via_relation": "calls",
        "callee_id": "sym:0430ca2f393f:McpService._run",
        "callee_symbol": "McpService._run"
      },
      {
        "id": "sym:0430ca2f393f:McpService.solution_bundle.op",
        "path": "/Users/giapminh79/code/GitHub/sot-graph/src/sot_graph/mcp_service.py",
        "kind": "method",
        "symbol": "McpService.solution_bundle.op",
        "fqn": "sot_graph.mcp_service.McpService.solution_bundle.op",
        "label": "def op \u2014 src/sot_graph/mcp_service.py:1578",
        "line_start": 1578,
        "depth": 2,
        "via_relation": "calls",
        "callee_id": "sym:0430ca2f393f:resolve_and_validate_output_path",
        "callee_symbol": "resolve_and_validate_output_path"
      },
      {
        "id": "sym:0430ca2f393f:McpService.diff_impact",
        "path": "/Users/giapminh79/code/GitHub/sot-graph/src/sot_graph/mcp_service.py",
        "kind": "method",
        "symbol": "McpService.diff_impact",
        "fqn": "sot_graph.mcp_service.McpService.diff_impact",
        "label": "def diff_impact \u2014 src/sot_graph/mcp_service.py:1595",
        "line_start": 1595,
        "depth": 2,
        "via_relation": "calls",
        "callee_id": "sym:0430ca2f393f:McpService._run",
        "callee_symbol": "McpService._run"
      },
      {
        "id": "sym:0430ca2f393f:McpService.diff_impact_receipt",
        "path": "/Users/giapminh79/code/GitHub/sot-graph/src/sot_graph/mcp_service.py",
        "kind": "method",
        "symbol": "McpService.diff_impact_receipt",
        "fqn": "sot_graph.mcp_service.McpService.diff_impact_receipt",
        "label": "def diff_impact_receipt \u2014 src/sot_graph/mcp_service.py:1724",
        "line_start": 1724,
        "depth": 2,
        "via_relation": "calls",
        "callee_id": "sym:0430ca2f393f:McpService._run",
        "callee_symbol": "McpService._run"
      },
      {
        "id": "sym:0430ca2f393f:McpService.git_history",
        "path": "/Users/giapminh79/code/GitHub/sot-graph/src/sot_graph/mcp_service.py",
        "kind": "method",
        "symbol": "McpService.git_history",
        "fqn": "sot_graph.mcp_service.McpService.git_history",
        "label": "def git_history \u2014 src/sot_graph/mcp_service.py:1795",
        "line_start": 1795,
        "depth": 2,
        "via_relation": "calls",
        "callee_id": "sym:0430ca2f393f:McpService._run",
        "callee_symbol": "McpService._run"
      },
      {
        "id": "sym:0430ca2f393f:McpService.asearch",
        "path": "/Users/giapminh79/code/GitHub/sot-graph/src/sot_graph/mcp_service.py",
        "kind": "method",
        "symbol": "McpService.asearch",
        "fqn": "sot_graph.mcp_service.McpService.asearch",
        "label": "async def asearch \u2014 src/sot_graph/mcp_service.py:1868",
        "line_start": 1868,
        "depth": 2,
        "via_relation": "calls",
        "callee_id": "sym:0430ca2f393f:McpService._async",
        "callee_symbol": "McpService._async"
      },
      {
        "id": "sym:0430ca2f393f:McpService.aexplore",
        "path": "/Users/giapminh79/code/GitHub/sot-graph/src/sot_graph/mcp_service.py",
        "kind": "method",
        "symbol": "McpService.aexplore",
        "fqn": "sot_graph.mcp_service.McpService.aexplore",
        "label": "async def aexplore \u2014 src/sot_graph/mcp_service.py:1871",
        "line_start": 1871,
        "depth": 2,
        "via_relation": "calls",
        "callee_id": "sym:0430ca2f393f:McpService._async",
        "callee_symbol": "McpService._async"
      },
      {
        "id": "sym:0430ca2f393f:McpService.ausages",
        "path": "/Users/giapminh79/code/GitHub/sot-graph/src/sot_graph/mcp_service.py",
        "kind": "method",
        "symbol": "McpService.ausages",
        "fqn": "sot_graph.mcp_service.McpService.ausages",
        "label": "async def ausages \u2014 src/sot_graph/mcp_service.py:1874",
        "line_start": 1874,
        "depth": 2,
        "via_relation": "calls",
        "callee_id": "sym:0430ca2f393f:McpService._async",
        "callee_symbol": "McpService._async"
      },
      {
        "id": "sym:0430ca2f393f:McpService.aimplementations",
        "path": "/Users/giapminh79/code/GitHub/sot-graph/src/sot_graph/mcp_service.py",
        "kind": "method",
        "symbol": "McpService.aimplementations",
        "fqn": "sot_graph.mcp_service.McpService.aimplementations",
        "label": "async def aimplementations \u2014 src/sot_graph/mcp_service.py:1877",
        "line_start": 1877,
        "depth": 2,
        "via_relation": "calls",
        "callee_id": "sym:0430ca2f393f:McpService._async",
        "callee_symbol": "McpService._async"
      },
      {
        "id": "sym:0430ca2f393f:McpService.arepo_map",
        "path": "/Users/giapminh79/code/GitHub/sot-graph/src/sot_graph/mcp_service.py",
        "kind": "method",
        "symbol": "McpService.arepo_map",
        "fqn": "sot_graph.mcp_service.McpService.arepo_map",
        "label": "async def arepo_map \u2014 src/sot_graph/mcp_service.py:1880",
        "line_start": 1880,
        "depth": 2,
        "via_relation": "calls",
        "callee_id": "sym:0430ca2f393f:McpService._async",
        "callee_symbol": "McpService._async"
      },
      {
        "id": "sym:0430ca2f393f:McpService.anotes",
        "path": "/Users/giapminh79/code/GitHub/sot-graph/src/sot_graph/mcp_service.py",
        "kind": "method",
        "symbol": "McpService.anotes",
        "fqn": "sot_graph.mcp_service.McpService.anotes",
        "label": "async def anotes \u2014 src/sot_graph/mcp_service.py:1883",
        "line_start": 1883,
        "depth": 2,
        "via_relation": "calls",
        "callee_id": "sym:0430ca2f393f:McpService._async",
        "callee_symbol": "McpService._async"
      },
      {
        "id": "sym:0430ca2f393f:McpService.agraph_generation",
        "path": "/Users/giapminh79/code/GitHub/sot-graph/src/sot_graph/mcp_service.py",
        "kind": "method",
        "symbol": "McpService.agraph_generation",
        "fqn": "sot_graph.mcp_service.McpService.agraph_generation",
        "label": "async def agraph_generation \u2014 src/sot_graph/mcp_service.py:1886",
        "line_start": 1886,
        "depth": 2,
        "via_relation": "calls",
        "callee_id": "sym:0430ca2f393f:McpService._async",
        "callee_symbol": "McpService._async"
      },
      {
        "id": "sym:0430ca2f393f:McpService.averify_drift",
        "path": "/Users/giapminh79/code/GitHub/sot-graph/src/sot_graph/mcp_service.py",
        "kind": "method",
        "symbol": "McpService.averify_drift",
        "fqn": "sot_graph.mcp_service.McpService.averify_drift",
        "label": "async def averify_drift \u2014 src/sot_graph/mcp_service.py:1889",
        "line_start": 1889,
        "depth": 2,
        "via_relation": "calls",
        "callee_id": "sym:0430ca2f393f:McpService._async",
        "callee_symbol": "McpService._async"
      },
      {
        "id": "sym:0430ca2f393f:McpService.anode",
        "path": "/Users/giapminh79/code/GitHub/sot-graph/src/sot_graph/mcp_service.py",
        "kind": "method",
        "symbol": "McpService.anode",
        "fqn": "sot_graph.mcp_service.McpService.anode",
        "label": "async def anode \u2014 src/sot_graph/mcp_service.py:1892",
        "line_start": 1892,
        "depth": 2,
        "via_relation": "calls",
        "callee_id": "sym:0430ca2f393f:McpService._async",
        "callee_symbol": "McpService._async"
      },
      {
        "id": "sym:0430ca2f393f:McpService.astats",
        "path": "/Users/giapminh79/code/GitHub/sot-graph/src/sot_graph/mcp_service.py",
        "kind": "method",
        "symbol": "McpService.astats",
        "fqn": "sot_graph.mcp_service.McpService.astats",
        "label": "async def astats \u2014 src/sot_graph/mcp_service.py:1895",
        "line_start": 1895,
        "depth": 2,
        "via_relation": "calls",
        "callee_id": "sym:0430ca2f393f:McpService._async",
        "callee_symbol": "McpService._async"
      },
      {
        "id": "sym:0430ca2f393f:McpService.aget_architecture_report",
        "path": "/Users/giapminh79/code/GitHub/sot-graph/src/sot_graph/mcp_service.py",
        "kind": "method",
        "symbol": "McpService.aget_architecture_report",
        "fqn": "sot_graph.mcp_service.McpService.aget_architecture_report",
        "label": "async def aget_architecture_report \u2014 src/sot_graph/mcp_service.py:1898",
        "line_start": 1898,
        "depth": 2,
        "via_relation": "calls",
        "callee_id": "sym:0430ca2f393f:McpService._async",
        "callee_symbol": "McpService._async"
      },
      {
        "id": "sym:0430ca2f393f:McpService.apack_context_bundle",
        "path": "/Users/giapminh79/code/GitHub/sot-graph/src/sot_graph/mcp_service.py",
        "kind": "method",
        "symbol": "McpService.apack_context_bundle",
        "fqn": "sot_graph.mcp_service.McpService.apack_context_bundle",
        "label": "async def apack_context_bundle \u2014 src/sot_graph/mcp_service.py:1901",
        "line_start": 1901,
        "depth": 2,
        "via_relation": "calls",
        "callee_id": "sym:0430ca2f393f:McpService._async",
        "callee_symbol": "McpService._async"
      },
      {
        "id": "sym:0430ca2f393f:McpService.aget_communities",
        "path": "/Users/giapminh79/code/GitHub/sot-graph/src/sot_graph/mcp_service.py",
        "kind": "method",
        "symbol": "McpService.aget_communities",
        "fqn": "sot_graph.mcp_service.McpService.aget_communities",
        "label": "async def aget_communities \u2014 src/sot_graph/mcp_service.py:1904",
        "line_start": 1904,
        "depth": 2,
        "via_relation": "calls",
        "callee_id": "sym:0430ca2f393f:McpService._async",
        "callee_symbol": "McpService._async"
      },
      {
        "id": "sym:0430ca2f393f:McpService.aget_architecture_bundle",
        "path": "/Users/giapminh79/code/GitHub/sot-graph/src/sot_graph/mcp_service.py",
        "kind": "method",
        "symbol": "McpService.aget_architecture_bundle",
        "fqn": "sot_graph.mcp_service.McpService.aget_architecture_bundle",
        "label": "async def aget_architecture_bundle \u2014 src/sot_graph/mcp_service.py:1907",
        "line_start": 1907,
        "depth": 2,
        "via_relation": "calls",
        "callee_id": "sym:0430ca2f393f:McpService._async",
        "callee_symbol": "McpService._async"
      },
      {
        "id": "sym:0430ca2f393f:McpService.atrace",
        "path": "/Users/giapminh79/code/GitHub/sot-graph/src/sot_graph/mcp_service.py",
        "kind": "method",
        "symbol": "McpService.atrace",
        "fqn": "sot_graph.mcp_service.McpService.atrace",
        "label": "async def atrace \u2014 src/sot_graph/mcp_service.py:1912",
        "line_start": 1912,
        "depth": 2,
        "via_relation": "calls",
        "callee_id": "sym:0430ca2f393f:McpService._async",
        "callee_symbol": "McpService._async"
      },
      {
        "id": "sym:0430ca2f393f:McpService.aui_tree",
        "path": "/Users/giapminh79/code/GitHub/sot-graph/src/sot_graph/mcp_service.py",
        "kind": "method",
        "symbol": "McpService.aui_tree",
        "fqn": "sot_graph.mcp_service.McpService.aui_tree",
        "label": "async def aui_tree \u2014 src/sot_graph/mcp_service.py:1915",
        "line_start": 1915,
        "depth": 2,
        "via_relation": "calls",
        "callee_id": "sym:0430ca2f393f:McpService._async",
        "callee_symbol": "McpService._async"
      },
      {
        "id": "sym:0430ca2f393f:McpService.abackend_flow",
        "path": "/Users/giapminh79/code/GitHub/sot-graph/src/sot_graph/mcp_service.py",
        "kind": "method",
        "symbol": "McpService.abackend_flow",
        "fqn": "sot_graph.mcp_service.McpService.abackend_flow",
        "label": "async def abackend_flow \u2014 src/sot_graph/mcp_service.py:1918",
        "line_start": 1918,
        "depth": 2,
        "via_relation": "calls",
        "callee_id": "sym:0430ca2f393f:McpService._async",
        "callee_symbol": "McpService._async"
      },
      {
        "id": "sym:0430ca2f393f:McpService.asolution_inventory",
        "path": "/Users/giapminh79/code/GitHub/sot-graph/src/sot_graph/mcp_service.py",
        "kind": "method",
        "symbol": "McpService.asolution_inventory",
        "fqn": "sot_graph.mcp_service.McpService.asolution_inventory",
        "label": "async def asolution_inventory \u2014 src/sot_graph/mcp_service.py:1921",
        "line_start": 1921,
        "depth": 2,
        "via_relation": "calls",
        "callee_id": "sym:0430ca2f393f:McpService._async",
        "callee_symbol": "McpService._async"
      },
      {
        "id": "sym:0430ca2f393f:McpService.asolution_steps",
        "path": "/Users/giapminh79/code/GitHub/sot-graph/src/sot_graph/mcp_service.py",
        "kind": "method",
        "symbol": "McpService.asolution_steps",
        "fqn": "sot_graph.mcp_service.McpService.asolution_steps",
        "label": "async def asolution_steps \u2014 src/sot_graph/mcp_service.py:1924",
        "line_start": 1924,
        "depth": 2,
        "via_relation": "calls",
        "callee_id": "sym:0430ca2f393f:McpService._async",
        "callee_symbol": "McpService._async"
      },
      {
        "id": "sym:0430ca2f393f:McpService.asolution_bundle",
        "path": "/Users/giapminh79/code/GitHub/sot-graph/src/sot_graph/mcp_service.py",
        "kind": "method",
        "symbol": "McpService.asolution_bundle",
        "fqn": "sot_graph.mcp_service.McpService.asolution_bundle",
        "label": "async def asolution_bundle \u2014 src/sot_graph/mcp_service.py:1927",
        "line_start": 1927,
        "depth": 2,
        "via_relation": "calls",
        "callee_id": "sym:0430ca2f393f:McpService._async",
        "callee_symbol": "McpService._async"
      },
      {
        "id": "sym:0430ca2f393f:McpService.adiff_impact",
        "path": "/Users/giapminh79/code/GitHub/sot-graph/src/sot_graph/mcp_service.py",
        "kind": "method",
        "symbol": "McpService.adiff_impact",
        "fqn": "sot_graph.mcp_service.McpService.adiff_impact",
        "label": "async def adiff_impact \u2014 src/sot_graph/mcp_service.py:1929",
        "line_start": 1929,
        "depth": 2,
        "via_relation": "calls",
        "callee_id": "sym:0430ca2f393f:McpService._async",
        "callee_symbol": "McpService._async"
      },
      {
        "id": "sym:0430ca2f393f:McpService.agit_history",
        "path": "/Users/giapminh79/code/GitHub/sot-graph/src/sot_graph/mcp_service.py",
        "kind": "method",
        "symbol": "McpService.agit_history",
        "fqn": "sot_graph.mcp_service.McpService.agit_history",
        "label": "async def agit_history \u2014 src/sot_graph/mcp_service.py:1932",
        "line_start": 1932,
        "depth": 2,
        "via_relation": "calls",
        "callee_id": "sym:0430ca2f393f:McpService._async",
        "callee_symbol": "McpService._async"
      },
      {
        "id": "sym:0430ca2f393f:McpService.ascope_receipt",
        "path": "/Users/giapminh79/code/GitHub/sot-graph/src/sot_graph/mcp_service.py",
        "kind": "method",
        "symbol": "McpService.ascope_receipt",
        "fqn": "sot_graph.mcp_service.McpService.ascope_receipt",
        "label": "async def ascope_receipt \u2014 src/sot_graph/mcp_service.py:1934",
        "line_start": 1934,
        "depth": 2,
        "via_relation": "calls",
        "callee_id": "sym:0430ca2f393f:McpService._async",
        "callee_symbol": "McpService._async"
      },
      {
        "id": "sym:0430ca2f393f:McpService.adiff_impact_receipt",
        "path": "/Users/giapminh79/code/GitHub/sot-graph/src/sot_graph/mcp_service.py",
        "kind": "method",
        "symbol": "McpService.adiff_impact_receipt",
        "fqn": "sot_graph.mcp_service.McpService.adiff_impact_receipt",
        "label": "async def adiff_impact_receipt \u2014 src/sot_graph/mcp_service.py:1937",
        "line_start": 1937,
        "depth": 2,
        "via_relation": "calls",
        "callee_id": "sym:0430ca2f393f:McpService._async",
        "callee_symbol": "McpService._async"
      },
      {
        "id": "sym:0430ca2f393f:McpService.across_check",
        "path": "/Users/giapminh79/code/GitHub/sot-graph/src/sot_graph/mcp_service.py",
        "kind": "method",
        "symbol": "McpService.across_check",
        "fqn": "sot_graph.mcp_service.McpService.across_check",
        "label": "async def across_check \u2014 src/sot_graph/mcp_service.py:1939",
        "line_start": 1939,
        "depth": 2,
        "via_relation": "calls",
        "callee_id": "sym:0430ca2f393f:McpService._async",
        "callee_symbol": "McpService._async"
      },
      {
        "id": "sym:e52b67086684:run_watch",
        "path": "/Users/giapminh79/code/GitHub/sot-graph/src/sot_graph/watcher.py",
        "kind": "function",
        "symbol": "run_watch",
        "fqn": "sot_graph.watcher.run_watch",
        "label": "def run_watch \u2014 src/sot_graph/watcher.py:201",
        "line_start": 201,
        "depth": 2,
        "via_relation": "calls",
        "callee_id": "sym:e52b67086684:_run_polling",
        "callee_symbol": "_run_polling"
      },
      {
        "id": "sym:c0b0e96e962a:TestBuiltinOnlyPolicy.test_builtin_spec_never_spawns_on_either_surface",
        "path": "/Users/giapminh79/code/GitHub/sot-graph/tests/test_cbm_contract_parity.py",
        "kind": "method",
        "symbol": "TestBuiltinOnlyPolicy.test_builtin_spec_never_spawns_on_either_surface",
        "fqn": "tests.test_cbm_contract_parity.TestBuiltinOnlyPolicy.test_builtin_spec_never_spawns_on_either_surface",
        "label": "def test_builtin_spec_never_spawns_on_either_surface \u2014 tests/test_cbm_contract_parity.py:89",
        "line_start": 89,
        "depth": 2,
        "via_relation": "calls",
        "callee_id": "sym:c0b0e96e962a:_mcp",
        "callee_symbol": "_mcp"
      },
      {
        "id": "sym:c0b0e96e962a:TestFailurePolicyParity.test_required_provider_fails_closed_on_both_surfaces",
        "path": "/Users/giapminh79/code/GitHub/sot-graph/tests/test_cbm_contract_parity.py",
        "kind": "method",
        "symbol": "TestFailurePolicyParity.test_required_provider_fails_closed_on_both_surfaces",
        "fqn": "tests.test_cbm_contract_parity.TestFailurePolicyParity.test_required_provider_fails_closed_on_both_surfaces",
        "label": "def test_required_provider_fails_closed_on_both_surfaces \u2014 tests/test_cbm_contract_parity.py:107",
        "line_start": 107,
        "depth": 2,
        "via_relation": "calls",
        "callee_id": "sym:c0b0e96e962a:_mcp",
        "callee_symbol": "_mcp"
      },
      {
        "id": "sym:c0b0e96e962a:TestVersionPolicyParity.test_unknown_version_degrades_explicitly_never_silently",
        "path": "/Users/giapminh79/code/GitHub/sot-graph/tests/test_cbm_contract_parity.py",
        "kind": "method",
        "symbol": "TestVersionPolicyParity.test_unknown_version_degrades_explicitly_never_silently",
        "fqn": "tests.test_cbm_contract_parity.TestVersionPolicyParity.test_unknown_version_degrades_explicitly_never_silently",
        "label": "def test_unknown_version_degrades_explicitly_never_silently \u2014 tests/test_cbm_contract_parity.py:142",
        "line_start": 142,
        "depth": 2,
        "via_relation": "calls",
        "callee_id": "sym:c0b0e96e962a:_mcp",
        "callee_symbol": "_mcp"
      },
      {
        "id": "sym:d310c90c4013:TestDiffImpactGate.test_gate_fails_on_partial_receipt",
        "path": "/Users/giapminh79/code/GitHub/sot-graph/tests/test_diff_impact.py",
        "kind": "method",
        "symbol": "TestDiffImpactGate.test_gate_fails_on_partial_receipt",
        "fqn": "tests.test_diff_impact.TestDiffImpactGate.test_gate_fails_on_partial_receipt",
        "label": "def test_gate_fails_on_partial_receipt \u2014 tests/test_diff_impact.py:1143",
        "line_start": 1143,
        "depth": 2,
        "via_relation": "calls",
        "callee_id": "sym:d310c90c4013:TestDiffImpactGate._run",
        "callee_symbol": "TestDiffImpactGate._run"
      },
      {
        "id": "sym:d310c90c4013:TestDiffImpactGate.test_gate_passes_on_assured_receipt",
        "path": "/Users/giapminh79/code/GitHub/sot-graph/tests/test_diff_impact.py",
        "kind": "method",
        "symbol": "TestDiffImpactGate.test_gate_passes_on_assured_receipt",
        "fqn": "tests.test_diff_impact.TestDiffImpactGate.test_gate_passes_on_assured_receipt",
        "label": "def test_gate_passes_on_assured_receipt \u2014 tests/test_diff_impact.py:1146",
        "line_start": 1146,
        "depth": 2,
        "via_relation": "calls",
        "callee_id": "sym:d310c90c4013:TestDiffImpactGate._run",
        "callee_symbol": "TestDiffImpactGate._run"
      },
      {
        "id": "sym:d310c90c4013:TestDiffImpactGate.test_default_advisory_exits_zero_even_on_partial",
        "path": "/Users/giapminh79/code/GitHub/sot-graph/tests/test_diff_impact.py",
        "kind": "method",
        "symbol": "TestDiffImpactGate.test_default_advisory_exits_zero_even_on_partial",
        "fqn": "tests.test_diff_impact.TestDiffImpactGate.test_default_advisory_exits_zero_even_on_partial",
        "label": "def test_default_advisory_exits_zero_even_on_partial \u2014 tests/test_diff_impact.py:1149",
        "line_start": 1149,
        "depth": 2,
        "via_relation": "calls",
        "callee_id": "sym:d310c90c4013:TestDiffImpactGate._run",
        "callee_symbol": "TestDiffImpactGate._run"
      },
      {
        "id": "sym:41fa6bfbed48:HardeningFixesTests.test_mcp_security_path_confinement",
        "path": "/Users/giapminh79/code/GitHub/sot-graph/tests/test_hardening_fixes.py",
        "kind": "method",
        "symbol": "HardeningFixesTests.test_mcp_security_path_confinement",
        "fqn": "tests.test_hardening_fixes.HardeningFixesTests.test_mcp_security_path_confinement",
        "label": "def test_mcp_security_path_confinement \u2014 tests/test_hardening_fixes.py:132",
        "line_start": 132,
        "depth": 2,
        "via_relation": "calls",
        "callee_id": "sym:0430ca2f393f:resolve_and_validate_output_path",
        "callee_symbol": "resolve_and_validate_output_path"
      },
      {
        "id": "file:9b01b43a2bc1",
        "path": "/Users/giapminh79/code/GitHub/sot-graph/tests/test_holdout_denominators.py",
        "kind": "file",
        "symbol": "test_holdout_denominators.py",
        "fqn": "tests.test_holdout_denominators",
        "label": "File: tests/test_holdout_denominators.py",
        "line_start": 1,
        "depth": 2,
        "via_relation": "imports",
        "callee_id": "file:c3d36d674c17",
        "callee_symbol": "bench_holdout.py"
      },
      {
        "id": "file:0a90ba1ae8d2",
        "path": "/Users/giapminh79/code/GitHub/sot-graph/tests/test_holdout_splits.py",
        "kind": "file",
        "symbol": "test_holdout_splits.py",
        "fqn": "tests.test_holdout_splits",
        "label": "File: tests/test_holdout_splits.py",
        "line_start": 1,
        "depth": 2,
        "via_relation": "imports",
        "callee_id": "file:c3d36d674c17",
        "callee_symbol": "bench_holdout.py"
      },
      {
        "id": "sym:4afdaea1f910:TestSurfaceWiring.test_parity_same_digest_pipeline_mcp_cli",
        "path": "/Users/giapminh79/code/GitHub/sot-graph/tests/test_impact_pipeline.py",
        "kind": "method",
        "symbol": "TestSurfaceWiring.test_parity_same_digest_pipeline_mcp_cli",
        "fqn": "tests.test_impact_pipeline.TestSurfaceWiring.test_parity_same_digest_pipeline_mcp_cli",
        "label": "def test_parity_same_digest_pipeline_mcp_cli \u2014 tests/test_impact_pipeline.py:438",
        "line_start": 438,
        "depth": 2,
        "via_relation": "calls",
        "callee_id": "sym:4afdaea1f910:TestSurfaceWiring._cli_json",
        "callee_symbol": "TestSurfaceWiring._cli_json"
      },
      {
        "id": "sym:4afdaea1f910:TestSurfaceWiring.test_receipt_store_persistence_is_content_addressed",
        "path": "/Users/giapminh79/code/GitHub/sot-graph/tests/test_impact_pipeline.py",
        "kind": "method",
        "symbol": "TestSurfaceWiring.test_receipt_store_persistence_is_content_addressed",
        "fqn": "tests.test_impact_pipeline.TestSurfaceWiring.test_receipt_store_persistence_is_content_addressed",
        "label": "def test_receipt_store_persistence_is_content_addressed \u2014 tests/test_impact_pipeline.py:457",
        "line_start": 457,
        "depth": 2,
        "via_relation": "calls",
        "callee_id": "sym:4afdaea1f910:TestSurfaceWiring._service",
        "callee_symbol": "TestSurfaceWiring._service"
      },
      {
        "id": "sym:4afdaea1f910:TestSurfaceWiring.test_mcp_diff_impact_envelope_projects_receipt",
        "path": "/Users/giapminh79/code/GitHub/sot-graph/tests/test_impact_pipeline.py",
        "kind": "method",
        "symbol": "TestSurfaceWiring.test_mcp_diff_impact_envelope_projects_receipt",
        "fqn": "tests.test_impact_pipeline.TestSurfaceWiring.test_mcp_diff_impact_envelope_projects_receipt",
        "label": "def test_mcp_diff_impact_envelope_projects_receipt \u2014 tests/test_impact_pipeline.py:473",
        "line_start": 473,
        "depth": 2,
        "via_relation": "calls",
        "callee_id": "sym:4afdaea1f910:TestSurfaceWiring._service",
        "callee_symbol": "TestSurfaceWiring._service"
      },
      {
        "id": "sym:4afdaea1f910:TestSurfaceWiring.test_cli_gate_semantics_unchanged",
        "path": "/Users/giapminh79/code/GitHub/sot-graph/tests/test_impact_pipeline.py",
        "kind": "method",
        "symbol": "TestSurfaceWiring.test_cli_gate_semantics_unchanged",
        "fqn": "tests.test_impact_pipeline.TestSurfaceWiring.test_cli_gate_semantics_unchanged",
        "label": "def test_cli_gate_semantics_unchanged \u2014 tests/test_impact_pipeline.py:512",
        "line_start": 512,
        "depth": 2,
        "via_relation": "calls",
        "callee_id": "sym:4afdaea1f910:TestSurfaceWiring._cli_json",
        "callee_symbol": "TestSurfaceWiring._cli_json"
      },
      {
        "id": "sym:4afdaea1f910:TestSurfaceWiring.test_cli_request_block_reflects_auto_reconcile_flag",
        "path": "/Users/giapminh79/code/GitHub/sot-graph/tests/test_impact_pipeline.py",
        "kind": "method",
        "symbol": "TestSurfaceWiring.test_cli_request_block_reflects_auto_reconcile_flag",
        "fqn": "tests.test_impact_pipeline.TestSurfaceWiring.test_cli_request_block_reflects_auto_reconcile_flag",
        "label": "def test_cli_request_block_reflects_auto_reconcile_flag \u2014 tests/test_impact_pipeline.py:523",
        "line_start": 523,
        "depth": 2,
        "via_relation": "calls",
        "callee_id": "sym:4afdaea1f910:TestSurfaceWiring._cli_json",
        "callee_symbol": "TestSurfaceWiring._cli_json"
      },
      {
        "id": "sym:4afdaea1f910:TestParityMatrix.test_digest_parity_executor_mcp_cli",
        "path": "/Users/giapminh79/code/GitHub/sot-graph/tests/test_impact_pipeline.py",
        "kind": "method",
        "symbol": "TestParityMatrix.test_digest_parity_executor_mcp_cli",
        "fqn": "tests.test_impact_pipeline.TestParityMatrix.test_digest_parity_executor_mcp_cli",
        "label": "def test_digest_parity_executor_mcp_cli \u2014 tests/test_impact_pipeline.py:671",
        "line_start": 671,
        "depth": 2,
        "via_relation": "calls",
        "callee_id": "sym:4afdaea1f910:_cli_diff_json",
        "callee_symbol": "_cli_diff_json"
      },
      {
        "id": "sym:4afdaea1f910:TestSurfaceFaultInjection.test_mcp_diff_impact_receipt_degrades_on_collection_fault",
        "path": "/Users/giapminh79/code/GitHub/sot-graph/tests/test_impact_pipeline.py",
        "kind": "method",
        "symbol": "TestSurfaceFaultInjection.test_mcp_diff_impact_receipt_degrades_on_collection_fault",
        "fqn": "tests.test_impact_pipeline.TestSurfaceFaultInjection.test_mcp_diff_impact_receipt_degrades_on_collection_fault",
        "label": "def test_mcp_diff_impact_receipt_degrades_on_collection_fault \u2014 tests/test_impact_pipeline.py:741",
        "line_start": 741,
        "depth": 2,
        "via_relation": "calls",
        "callee_id": "sym:4afdaea1f910:_service_of",
        "callee_symbol": "_service_of"
      },
      {
        "id": "sym:4afdaea1f910:TestSurfaceFaultInjection.test_cli_diff_impact_degrades_on_collection_fault",
        "path": "/Users/giapminh79/code/GitHub/sot-graph/tests/test_impact_pipeline.py",
        "kind": "method",
        "symbol": "TestSurfaceFaultInjection.test_cli_diff_impact_degrades_on_collection_fault",
        "fqn": "tests.test_impact_pipeline.TestSurfaceFaultInjection.test_cli_diff_impact_degrades_on_collection_fault",
        "label": "def test_cli_diff_impact_degrades_on_collection_fault \u2014 tests/test_impact_pipeline.py:782",
        "line_start": 782,
        "depth": 2,
        "via_relation": "calls",
        "callee_id": "sym:4afdaea1f910:_cli_diff_json",
        "callee_symbol": "_cli_diff_json"
      },
      {
        "id": "sym:27d462be5c4b:BareNameMatchesQualifiedSymbol.test_bare_query_reaches_method_via_mcp_search",
        "path": "/Users/giapminh79/code/GitHub/sot-graph/tests/test_search_bare_name_ranking.py",
        "kind": "method",
        "symbol": "BareNameMatchesQualifiedSymbol.test_bare_query_reaches_method_via_mcp_search",
        "fqn": "tests.test_search_bare_name_ranking.BareNameMatchesQualifiedSymbol.test_bare_query_reaches_method_via_mcp_search",
        "label": "def test_bare_query_reaches_method_via_mcp_search \u2014 tests/test_search_bare_name_ranking.py:122",
        "line_start": 122,
        "depth": 2,
        "via_relation": "calls",
        "callee_id": "sym:27d462be5c4b:BareNameRankingTestCase._mcp",
        "callee_symbol": "BareNameRankingTestCase._mcp"
      },
      {
        "id": "sym:27d462be5c4b:AmbiguousBareNameGuard.test_mcp_path_same_guarantee",
        "path": "/Users/giapminh79/code/GitHub/sot-graph/tests/test_search_bare_name_ranking.py",
        "kind": "method",
        "symbol": "AmbiguousBareNameGuard.test_mcp_path_same_guarantee",
        "fqn": "tests.test_search_bare_name_ranking.AmbiguousBareNameGuard.test_mcp_path_same_guarantee",
        "label": "def test_mcp_path_same_guarantee \u2014 tests/test_search_bare_name_ranking.py:173",
        "line_start": 173,
        "depth": 2,
        "via_relation": "calls",
        "callee_id": "sym:27d462be5c4b:BareNameRankingTestCase._mcp",
        "callee_symbol": "BareNameRankingTestCase._mcp"
      },
      {
        "id": "sym:27d462be5c4b:BareFunctionNotInSameNamedClass.test_bare_function_wins_for_bare_query",
        "path": "/Users/giapminh79/code/GitHub/sot-graph/tests/test_search_bare_name_ranking.py",
        "kind": "method",
        "symbol": "BareFunctionNotInSameNamedClass.test_bare_function_wins_for_bare_query",
        "fqn": "tests.test_search_bare_name_ranking.BareFunctionNotInSameNamedClass.test_bare_function_wins_for_bare_query",
        "label": "def test_bare_function_wins_for_bare_query \u2014 tests/test_search_bare_name_ranking.py:224",
        "line_start": 224,
        "depth": 2,
        "via_relation": "calls",
        "callee_id": "sym:27d462be5c4b:BareNameRankingTestCase._mcp",
        "callee_symbol": "BareNameRankingTestCase._mcp"
      },
      {
        "id": "sym:f058a7d050ab:_tight_budget_receipt",
        "path": "/Users/giapminh79/code/GitHub/sot-graph/tests/test_sg107_stress.py",
        "kind": "function",
        "symbol": "_tight_budget_receipt",
        "fqn": "tests.test_sg107_stress._tight_budget_receipt",
        "label": "def _tight_budget_receipt \u2014 tests/test_sg107_stress.py:403",
        "line_start": 403,
        "depth": 2,
        "via_relation": "calls",
        "callee_id": "sym:f058a7d050ab:_service_of",
        "callee_symbol": "_service_of"
      },
      {
        "id": "sym:f058a7d050ab:TestStressMatrix.test_201_changed_files_accounting_and_surface_parity",
        "path": "/Users/giapminh79/code/GitHub/sot-graph/tests/test_sg107_stress.py",
        "kind": "method",
        "symbol": "TestStressMatrix.test_201_changed_files_accounting_and_surface_parity",
        "fqn": "tests.test_sg107_stress.TestStressMatrix.test_201_changed_files_accounting_and_surface_parity",
        "label": "def test_201_changed_files_accounting_and_surface_parity \u2014 tests/test_sg107_stress.py:452",
        "line_start": 452,
        "depth": 2,
        "via_relation": "calls",
        "callee_id": "sym:f058a7d050ab:_cli_diff_json",
        "callee_symbol": "_cli_diff_json"
      },
      {
        "id": "sym:f058a7d050ab:TestNoFalseAssureSweep.test_executor_cli_mcp_never_assure_truncated",
        "path": "/Users/giapminh79/code/GitHub/sot-graph/tests/test_sg107_stress.py",
        "kind": "method",
        "symbol": "TestNoFalseAssureSweep.test_executor_cli_mcp_never_assure_truncated",
        "fqn": "tests.test_sg107_stress.TestNoFalseAssureSweep.test_executor_cli_mcp_never_assure_truncated",
        "label": "def test_executor_cli_mcp_never_assure_truncated \u2014 tests/test_sg107_stress.py:641",
        "line_start": 641,
        "depth": 2,
        "via_relation": "calls",
        "callee_id": "sym:f058a7d050ab:_cli_diff_json",
        "callee_symbol": "_cli_diff_json"
      },
      {
        "id": "sym:f058a7d050ab:TestNoFalseAssureSweep.test_edges_scenario_scope_surfaces_never_assure",
        "path": "/Users/giapminh79/code/GitHub/sot-graph/tests/test_sg107_stress.py",
        "kind": "method",
        "symbol": "TestNoFalseAssureSweep.test_edges_scenario_scope_surfaces_never_assure",
        "fqn": "tests.test_sg107_stress.TestNoFalseAssureSweep.test_edges_scenario_scope_surfaces_never_assure",
        "label": "def test_edges_scenario_scope_surfaces_never_assure \u2014 tests/test_sg107_stress.py:669",
        "line_start": 669,
        "depth": 2,
        "via_relation": "calls",
        "callee_id": "sym:f058a7d050ab:_service_of",
        "callee_symbol": "_service_of"
      },
      {
        "id": "sym:f058a7d050ab:TestCharacterizationResidualRisks.test_nested_list_heavy_receipt_raises_response_too_large",
        "path": "/Users/giapminh79/code/GitHub/sot-graph/tests/test_sg107_stress.py",
        "kind": "method",
        "symbol": "TestCharacterizationResidualRisks.test_nested_list_heavy_receipt_raises_response_too_large",
        "fqn": "tests.test_sg107_stress.TestCharacterizationResidualRisks.test_nested_list_heavy_receipt_raises_response_too_large",
        "label": "def test_nested_list_heavy_receipt_raises_response_too_large \u2014 tests/test_sg107_stress.py:743",
        "line_start": 743,
        "depth": 2,
        "via_relation": "calls",
        "callee_id": "sym:f058a7d050ab:TestCharacterizationResidualRisks._fits",
        "callee_symbol": "TestCharacterizationResidualRisks._fits"
      },
      {
        "id": "sym:f058a7d050ab:TestCharacterizationResidualRisks.test_eviction_bounded_at_three_rounds",
        "path": "/Users/giapminh79/code/GitHub/sot-graph/tests/test_sg107_stress.py",
        "kind": "method",
        "symbol": "TestCharacterizationResidualRisks.test_eviction_bounded_at_three_rounds",
        "fqn": "tests.test_sg107_stress.TestCharacterizationResidualRisks.test_eviction_bounded_at_three_rounds",
        "label": "def test_eviction_bounded_at_three_rounds \u2014 tests/test_sg107_stress.py:780",
        "line_start": 780,
        "depth": 2,
        "via_relation": "calls",
        "callee_id": "sym:f058a7d050ab:TestCharacterizationResidualRisks._fits",
        "callee_symbol": "TestCharacterizationResidualRisks._fits"
      },
      {
        "id": "sym:f058a7d050ab:TestCharacterizationResidualRisks.test_mcp_vs_cli_payload_normalization_field_parity",
        "path": "/Users/giapminh79/code/GitHub/sot-graph/tests/test_sg107_stress.py",
        "kind": "method",
        "symbol": "TestCharacterizationResidualRisks.test_mcp_vs_cli_payload_normalization_field_parity",
        "fqn": "tests.test_sg107_stress.TestCharacterizationResidualRisks.test_mcp_vs_cli_payload_normalization_field_parity",
        "label": "def test_mcp_vs_cli_payload_normalization_field_parity \u2014 tests/test_sg107_stress.py:841",
        "line_start": 841,
        "depth": 2,
        "via_relation": "calls",
        "callee_id": "sym:f058a7d050ab:_cli_diff_json",
        "callee_symbol": "_cli_diff_json"
      },
      {
        "id": "sym:d3c0b58d9f4b:TestCliSearchAxes.test_json_result_carries_axes_and_compat_fields",
        "path": "/Users/giapminh79/code/GitHub/sot-graph/tests/test_trust_axes.py",
        "kind": "method",
        "symbol": "TestCliSearchAxes.test_json_result_carries_axes_and_compat_fields",
        "fqn": "tests.test_trust_axes.TestCliSearchAxes.test_json_result_carries_axes_and_compat_fields",
        "label": "def test_json_result_carries_axes_and_compat_fields \u2014 tests/test_trust_axes.py:413",
        "line_start": 413,
        "depth": 2,
        "via_relation": "calls",
        "callee_id": "sym:d3c0b58d9f4b:_search_cli",
        "callee_symbol": "_search_cli"
      },
      {
        "id": "sym:d3c0b58d9f4b:TestCliSearchAxes.test_unique_named_hit_axes",
        "path": "/Users/giapminh79/code/GitHub/sot-graph/tests/test_trust_axes.py",
        "kind": "method",
        "symbol": "TestCliSearchAxes.test_unique_named_hit_axes",
        "fqn": "tests.test_trust_axes.TestCliSearchAxes.test_unique_named_hit_axes",
        "label": "def test_unique_named_hit_axes \u2014 tests/test_trust_axes.py:428",
        "line_start": 428,
        "depth": 2,
        "via_relation": "calls",
        "callee_id": "sym:d3c0b58d9f4b:_search_cli",
        "callee_symbol": "_search_cli"
      },
      {
        "id": "sym:d3c0b58d9f4b:TestCliSearchAxes.test_ambiguous_identity_on_duplicated_name",
        "path": "/Users/giapminh79/code/GitHub/sot-graph/tests/test_trust_axes.py",
        "kind": "method",
        "symbol": "TestCliSearchAxes.test_ambiguous_identity_on_duplicated_name",
        "fqn": "tests.test_trust_axes.TestCliSearchAxes.test_ambiguous_identity_on_duplicated_name",
        "label": "def test_ambiguous_identity_on_duplicated_name \u2014 tests/test_trust_axes.py:436",
        "line_start": 436,
        "depth": 2,
        "via_relation": "calls",
        "callee_id": "sym:d3c0b58d9f4b:_search_cli",
        "callee_symbol": "_search_cli"
      },
      {
        "id": "sym:d3c0b58d9f4b:TestCliSearchAxes.test_unnamed_token_hit_is_semantic",
        "path": "/Users/giapminh79/code/GitHub/sot-graph/tests/test_trust_axes.py",
        "kind": "method",
        "symbol": "TestCliSearchAxes.test_unnamed_token_hit_is_semantic",
        "fqn": "tests.test_trust_axes.TestCliSearchAxes.test_unnamed_token_hit_is_semantic",
        "label": "def test_unnamed_token_hit_is_semantic \u2014 tests/test_trust_axes.py:441",
        "line_start": 441,
        "depth": 2,
        "via_relation": "calls",
        "callee_id": "sym:d3c0b58d9f4b:_search_cli",
        "callee_symbol": "_search_cli"
      },
      {
        "id": "sym:d3c0b58d9f4b:TestCliSearchAxes.test_stopword_only_query_honest_unknown",
        "path": "/Users/giapminh79/code/GitHub/sot-graph/tests/test_trust_axes.py",
        "kind": "method",
        "symbol": "TestCliSearchAxes.test_stopword_only_query_honest_unknown",
        "fqn": "tests.test_trust_axes.TestCliSearchAxes.test_stopword_only_query_honest_unknown",
        "label": "def test_stopword_only_query_honest_unknown \u2014 tests/test_trust_axes.py:446",
        "line_start": 446,
        "depth": 2,
        "via_relation": "calls",
        "callee_id": "sym:d3c0b58d9f4b:_search_cli",
        "callee_symbol": "_search_cli"
      },
      {
        "id": "sym:d3c0b58d9f4b:TestCliSearchAxes.test_stale_anchor_keeps_exact_relevance",
        "path": "/Users/giapminh79/code/GitHub/sot-graph/tests/test_trust_axes.py",
        "kind": "method",
        "symbol": "TestCliSearchAxes.test_stale_anchor_keeps_exact_relevance",
        "fqn": "tests.test_trust_axes.TestCliSearchAxes.test_stale_anchor_keeps_exact_relevance",
        "label": "def test_stale_anchor_keeps_exact_relevance \u2014 tests/test_trust_axes.py:453",
        "line_start": 453,
        "depth": 2,
        "via_relation": "calls",
        "callee_id": "sym:d3c0b58d9f4b:_search_cli",
        "callee_symbol": "_search_cli"
      },
      {
        "id": "sym:d3c0b58d9f4b:TestCliSearchAxes.test_envelope_scope_and_semantics",
        "path": "/Users/giapminh79/code/GitHub/sot-graph/tests/test_trust_axes.py",
        "kind": "method",
        "symbol": "TestCliSearchAxes.test_envelope_scope_and_semantics",
        "fqn": "tests.test_trust_axes.TestCliSearchAxes.test_envelope_scope_and_semantics",
        "label": "def test_envelope_scope_and_semantics \u2014 tests/test_trust_axes.py:463",
        "line_start": 463,
        "depth": 2,
        "via_relation": "calls",
        "callee_id": "sym:d3c0b58d9f4b:_search_cli",
        "callee_symbol": "_search_cli"
      },
      {
        "id": "sym:d3c0b58d9f4b:TestCliSearchAxes.test_never_claims_exhaustive",
        "path": "/Users/giapminh79/code/GitHub/sot-graph/tests/test_trust_axes.py",
        "kind": "method",
        "symbol": "TestCliSearchAxes.test_never_claims_exhaustive",
        "fqn": "tests.test_trust_axes.TestCliSearchAxes.test_never_claims_exhaustive",
        "label": "def test_never_claims_exhaustive \u2014 tests/test_trust_axes.py:470",
        "line_start": 470,
        "depth": 2,
        "via_relation": "calls",
        "callee_id": "sym:d3c0b58d9f4b:_search_cli",
        "callee_symbol": "_search_cli"
      },
      {
        "id": "sym:d3c0b58d9f4b:TestCliSearchAxes.test_human_output_shows_axes_and_legend",
        "path": "/Users/giapminh79/code/GitHub/sot-graph/tests/test_trust_axes.py",
        "kind": "method",
        "symbol": "TestCliSearchAxes.test_human_output_shows_axes_and_legend",
        "fqn": "tests.test_trust_axes.TestCliSearchAxes.test_human_output_shows_axes_and_legend",
        "label": "def test_human_output_shows_axes_and_legend \u2014 tests/test_trust_axes.py:477",
        "line_start": 477,
        "depth": 2,
        "via_relation": "calls",
        "callee_id": "sym:d3c0b58d9f4b:_search_cli",
        "callee_symbol": "_search_cli"
      },
      {
        "id": "sym:75075ae34864:WatcherTests.test_polling_backend_reconciles_changes.daemon_target",
        "path": "/Users/giapminh79/code/GitHub/sot-graph/tests/test_v2_upgrade.py",
        "kind": "method",
        "symbol": "WatcherTests.test_polling_backend_reconciles_changes.daemon_target",
        "fqn": "tests.test_v2_upgrade.WatcherTests.test_polling_backend_reconciles_changes.daemon_target",
        "label": "def daemon_target \u2014 tests/test_v2_upgrade.py:487",
        "line_start": 487,
        "depth": 2,
        "via_relation": "calls",
        "callee_id": "sym:e52b67086684:_run_polling",
        "callee_symbol": "_run_polling"
      }
    ],
    "test_impacts": [
      {
        "id": "test:tests/test_managed_policy_parity.py",
        "path": "tests/test_managed_policy_parity.py",
        "symbol": "",
        "kind": "file",
        "impact_reason": "direct_test_file",
        "target_symbol": null
      },
      {
        "id": "test:tests/test_managed_read_dispatch.py",
        "path": "tests/test_managed_read_dispatch.py",
        "symbol": "",
        "kind": "file",
        "impact_reason": "direct_test_file",
        "target_symbol": null
      },
      {
        "id": "file:7d61a587199b",
        "path": "/Users/giapminh79/code/GitHub/sot-graph/tests/test_adapters.py",
        "symbol": "test_adapters.py",
        "kind": "file",
        "impact_reason": "calls_modified_node",
        "target_symbol": "build_parser"
      },
      {
        "id": "sym:7d61a587199b:TestHarnessAdapters.test_cli_setup_pi_alias",
        "path": "/Users/giapminh79/code/GitHub/sot-graph/tests/test_adapters.py",
        "symbol": "TestHarnessAdapters.test_cli_setup_pi_alias",
        "kind": "method",
        "impact_reason": "calls_modified_node",
        "target_symbol": "build_parser"
      },
      {
        "id": "sym:7d61a587199b:TestHarnessAdapters.test_cli_setup_command",
        "path": "/Users/giapminh79/code/GitHub/sot-graph/tests/test_adapters.py",
        "symbol": "TestHarnessAdapters.test_cli_setup_command",
        "kind": "method",
        "impact_reason": "calls_modified_node",
        "target_symbol": "build_parser"
      },
      {
        "id": "file:98baf308e487",
        "path": "/Users/giapminh79/code/GitHub/sot-graph/tests/test_analytics.py",
        "symbol": "test_analytics.py",
        "kind": "file",
        "impact_reason": "calls_modified_node",
        "target_symbol": "build_parser"
      },
      {
        "id": "sym:98baf308e487:AnalyticsTests.test_cli_report_and_cluster_commands",
        "path": "/Users/giapminh79/code/GitHub/sot-graph/tests/test_analytics.py",
        "symbol": "AnalyticsTests.test_cli_report_and_cluster_commands",
        "kind": "method",
        "impact_reason": "calls_modified_node",
        "target_symbol": "build_parser"
      },
      {
        "id": "file:d2961abaf2fd",
        "path": "/Users/giapminh79/code/GitHub/sot-graph/tests/test_bundle.py",
        "symbol": "test_bundle.py",
        "kind": "file",
        "impact_reason": "calls_modified_node",
        "target_symbol": "build_parser"
      },
      {
        "id": "sym:d2961abaf2fd:TestArchitectureBundler.test_cli_cmd_bundle",
        "path": "/Users/giapminh79/code/GitHub/sot-graph/tests/test_bundle.py",
        "symbol": "TestArchitectureBundler.test_cli_cmd_bundle",
        "kind": "method",
        "impact_reason": "calls_modified_node",
        "target_symbol": "build_parser"
      },
      {
        "id": "file:c0b0e96e962a",
        "path": "/Users/giapminh79/code/GitHub/sot-graph/tests/test_cbm_contract_parity.py",
        "symbol": "test_cbm_contract_parity.py",
        "kind": "file",
        "impact_reason": "calls_modified_node",
        "target_symbol": "McpServiceError"
      },
      {
        "id": "sym:c0b0e96e962a:_mcp",
        "path": "/Users/giapminh79/code/GitHub/sot-graph/tests/test_cbm_contract_parity.py",
        "symbol": "_mcp",
        "kind": "function",
        "impact_reason": "calls_modified_node",
        "target_symbol": "McpService"
      },
      {
        "id": "file:ed6bde13d2a4",
        "path": "/Users/giapminh79/code/GitHub/sot-graph/tests/test_cbm_verification.py",
        "symbol": "test_cbm_verification.py",
        "kind": "file",
        "impact_reason": "calls_modified_node",
        "target_symbol": "orchestrator.py"
      },
      {
        "id": "file:af09c15f617b",
        "path": "/Users/giapminh79/code/GitHub/sot-graph/tests/test_cli_provider_wiring.py",
        "symbol": "test_cli_provider_wiring.py",
        "kind": "file",
        "impact_reason": "calls_modified_node",
        "target_symbol": "main"
      },
      {
        "id": "sym:af09c15f617b:TestBuiltinDefault.test_default_builtin_never_spawns",
        "path": "/Users/giapminh79/code/GitHub/sot-graph/tests/test_cli_provider_wiring.py",
        "symbol": "TestBuiltinDefault.test_default_builtin_never_spawns",
        "kind": "method",
        "impact_reason": "calls_modified_node",
        "target_symbol": "main"
      },
      {
        "id": "sym:af09c15f617b:TestBuiltinDefault.test_explicit_builtin_flag_identical",
        "path": "/Users/giapminh79/code/GitHub/sot-graph/tests/test_cli_provider_wiring.py",
        "symbol": "TestBuiltinDefault.test_explicit_builtin_flag_identical",
        "kind": "method",
        "impact_reason": "calls_modified_node",
        "target_symbol": "main"
      },
      {
        "id": "sym:af09c15f617b:TestAllowExternalGate.test_blocked_prefer_warns_and_falls_back",
        "path": "/Users/giapminh79/code/GitHub/sot-graph/tests/test_cli_provider_wiring.py",
        "symbol": "TestAllowExternalGate.test_blocked_prefer_warns_and_falls_back",
        "kind": "method",
        "impact_reason": "calls_modified_node",
        "target_symbol": "main"
      },
      {
        "id": "sym:af09c15f617b:TestAllowExternalGate.test_blocked_require_fails_closed",
        "path": "/Users/giapminh79/code/GitHub/sot-graph/tests/test_cli_provider_wiring.py",
        "symbol": "TestAllowExternalGate.test_blocked_require_fails_closed",
        "kind": "method",
        "impact_reason": "calls_modified_node",
        "target_symbol": "main"
      },
      {
        "id": "sym:af09c15f617b:TestAllowExternalGate.test_invalid_spec_rejected",
        "path": "/Users/giapminh79/code/GitHub/sot-graph/tests/test_cli_provider_wiring.py",
        "symbol": "TestAllowExternalGate.test_invalid_spec_rejected",
        "kind": "method",
        "impact_reason": "calls_modified_node",
        "target_symbol": "main"
      },
      {
        "id": "sym:af09c15f617b:TestRequireFailsClosedUnhealthy.test_unhealthy_binary_require_exits_nonzero",
        "path": "/Users/giapminh79/code/GitHub/sot-graph/tests/test_cli_provider_wiring.py",
        "symbol": "TestRequireFailsClosedUnhealthy.test_unhealthy_binary_require_exits_nonzero",
        "kind": "method",
        "impact_reason": "calls_modified_node",
        "target_symbol": "main"
      },
      {
        "id": "sym:af09c15f617b:TestRequireFailsClosedUnhealthy.test_missing_binary_prefer_falls_back",
        "path": "/Users/giapminh79/code/GitHub/sot-graph/tests/test_cli_provider_wiring.py",
        "symbol": "TestRequireFailsClosedUnhealthy.test_missing_binary_prefer_falls_back",
        "kind": "method",
        "impact_reason": "calls_modified_node",
        "target_symbol": "main"
      },
      {
        "id": "sym:af09c15f617b:TestMergeOrderAndVerdict.test_candidates_after_builtin_with_ceiling_and_provider_tag",
        "path": "/Users/giapminh79/code/GitHub/sot-graph/tests/test_cli_provider_wiring.py",
        "symbol": "TestMergeOrderAndVerdict.test_candidates_after_builtin_with_ceiling_and_provider_tag",
        "kind": "method",
        "impact_reason": "calls_modified_node",
        "target_symbol": "main"
      },
      {
        "id": "sym:af09c15f617b:TestMergeOrderAndVerdict.test_target_mismatch_recorded_as_conflict",
        "path": "/Users/giapminh79/code/GitHub/sot-graph/tests/test_cli_provider_wiring.py",
        "symbol": "TestMergeOrderAndVerdict.test_target_mismatch_recorded_as_conflict",
        "kind": "method",
        "impact_reason": "calls_modified_node",
        "target_symbol": "main"
      },
      {
        "id": "sym:af09c15f617b:TestTruncationPropagation.test_has_more_sets_truncated_true",
        "path": "/Users/giapminh79/code/GitHub/sot-graph/tests/test_cli_provider_wiring.py",
        "symbol": "TestTruncationPropagation.test_has_more_sets_truncated_true",
        "kind": "method",
        "impact_reason": "calls_modified_node",
        "target_symbol": "main"
      },
      {
        "id": "sym:af09c15f617b:TestProvidersSync.test_sync_invokes_index_and_emits_receipt",
        "path": "/Users/giapminh79/code/GitHub/sot-graph/tests/test_cli_provider_wiring.py",
        "symbol": "TestProvidersSync.test_sync_invokes_index_and_emits_receipt",
        "kind": "method",
        "impact_reason": "calls_modified_node",
        "target_symbol": "main"
      },
      {
        "id": "sym:af09c15f617b:TestProvidersSync.test_sync_unknown_provider_fails_cleanly",
        "path": "/Users/giapminh79/code/GitHub/sot-graph/tests/test_cli_provider_wiring.py",
        "symbol": "TestProvidersSync.test_sync_unknown_provider_fails_cleanly",
        "kind": "method",
        "impact_reason": "calls_modified_node",
        "target_symbol": "main"
      },
      {
        "id": "file:5dab7ee8ccb5",
        "path": "/Users/giapminh79/code/GitHub/sot-graph/tests/test_collection_accounting.py",
        "symbol": "test_collection_accounting.py",
        "kind": "file",
        "impact_reason": "calls_modified_node",
        "target_symbol": "build_parser"
      },
      {
        "id": "sym:5dab7ee8ccb5:TestReconcileProvenance.test_cli_records_pipeline_provenance",
        "path": "/Users/giapminh79/code/GitHub/sot-graph/tests/test_collection_accounting.py",
        "symbol": "TestReconcileProvenance.test_cli_records_pipeline_provenance",
        "kind": "method",
        "impact_reason": "calls_modified_node",
        "target_symbol": "build_parser"
      },
      {
        "id": "sym:5dab7ee8ccb5:TestReconcileProvenance.test_mcp_auto_reconcile_records_surface_pre",
        "path": "/Users/giapminh79/code/GitHub/sot-graph/tests/test_collection_accounting.py",
        "symbol": "TestReconcileProvenance.test_mcp_auto_reconcile_records_surface_pre",
        "kind": "method",
        "impact_reason": "calls_modified_node",
        "target_symbol": "McpService"
      },
      {
        "id": "sym:5dab7ee8ccb5:TestTransportTrimInterplay.test_collection_truncated_receipt_survives_transport_trim._service",
        "path": "/Users/giapminh79/code/GitHub/sot-graph/tests/test_collection_accounting.py",
        "symbol": "TestTransportTrimInterplay.test_collection_truncated_receipt_survives_transport_trim._service",
        "kind": "method",
        "impact_reason": "calls_modified_node",
        "target_symbol": "McpService"
      },
      {
        "id": "file:d310c90c4013",
        "path": "/Users/giapminh79/code/GitHub/sot-graph/tests/test_diff_impact.py",
        "symbol": "test_diff_impact.py",
        "kind": "file",
        "impact_reason": "calls_modified_node",
        "target_symbol": "build_parser"
      },
      {
        "id": "sym:d310c90c4013:TestDiffImpactGate._run",
        "path": "/Users/giapminh79/code/GitHub/sot-graph/tests/test_diff_impact.py",
        "symbol": "TestDiffImpactGate._run",
        "kind": "method",
        "impact_reason": "calls_modified_node",
        "target_symbol": "build_parser"
      },
      {
        "id": "sym:d310c90c4013:TestDiffImpactGate.test_gate_flag_registered",
        "path": "/Users/giapminh79/code/GitHub/sot-graph/tests/test_diff_impact.py",
        "symbol": "TestDiffImpactGate.test_gate_flag_registered",
        "kind": "method",
        "impact_reason": "calls_modified_node",
        "target_symbol": "build_parser"
      },
      {
        "id": "sym:d310c90c4013:TestMcpServiceDiffImpact.setUp",
        "path": "/Users/giapminh79/code/GitHub/sot-graph/tests/test_diff_impact.py",
        "symbol": "TestMcpServiceDiffImpact.setUp",
        "kind": "method",
        "impact_reason": "calls_modified_node",
        "target_symbol": "McpService"
      },
      {
        "id": "file:4ddc2aaf087d",
        "path": "/Users/giapminh79/code/GitHub/sot-graph/tests/test_diff_impact_github.py",
        "symbol": "test_diff_impact_github.py",
        "kind": "file",
        "impact_reason": "calls_modified_node",
        "target_symbol": "build_parser"
      },
      {
        "id": "sym:4ddc2aaf087d:GithubRendererTests.test_cli_format_flag_choices_and_default_unchanged",
        "path": "/Users/giapminh79/code/GitHub/sot-graph/tests/test_diff_impact_github.py",
        "symbol": "GithubRendererTests.test_cli_format_flag_choices_and_default_unchanged",
        "kind": "method",
        "impact_reason": "calls_modified_node",
        "target_symbol": "build_parser"
      },
      {
        "id": "sym:4ddc2aaf087d:GithubRendererTests.test_cmd_diff_impact_github_end_to_end",
        "path": "/Users/giapminh79/code/GitHub/sot-graph/tests/test_diff_impact_github.py",
        "symbol": "GithubRendererTests.test_cmd_diff_impact_github_end_to_end",
        "kind": "method",
        "impact_reason": "calls_modified_node",
        "target_symbol": "build_parser"
      },
      {
        "id": "sym:f6d8752e14c6:EdgeLifecycleTests.test_reconcile_idempotent_after_move",
        "path": "/Users/giapminh79/code/GitHub/sot-graph/tests/test_edge_lifecycle.py",
        "symbol": "EdgeLifecycleTests.test_reconcile_idempotent_after_move",
        "kind": "method",
        "impact_reason": "calls_modified_node",
        "target_symbol": "snapshot"
      },
      {
        "id": "file:7c588472908f",
        "path": "/Users/giapminh79/code/GitHub/sot-graph/tests/test_engine_admin.py",
        "symbol": "test_engine_admin.py",
        "kind": "file",
        "impact_reason": "calls_modified_node",
        "target_symbol": "main"
      },
      {
        "id": "sym:7c588472908f:test_install_promote_rollback_and_status",
        "path": "/Users/giapminh79/code/GitHub/sot-graph/tests/test_engine_admin.py",
        "symbol": "test_install_promote_rollback_and_status",
        "kind": "function",
        "impact_reason": "calls_modified_node",
        "target_symbol": "main"
      },
      {
        "id": "sym:7c588472908f:test_wrong_digest_refused_and_unknown_data_preserved",
        "path": "/Users/giapminh79/code/GitHub/sot-graph/tests/test_engine_admin.py",
        "symbol": "test_wrong_digest_refused_and_unknown_data_preserved",
        "kind": "function",
        "impact_reason": "calls_modified_node",
        "target_symbol": "main"
      },
      {
        "id": "sym:7c588472908f:test_operational_exit_and_multi_artifact_registry",
        "path": "/Users/giapminh79/code/GitHub/sot-graph/tests/test_engine_admin.py",
        "symbol": "test_operational_exit_and_multi_artifact_registry",
        "kind": "function",
        "impact_reason": "calls_modified_node",
        "target_symbol": "main"
      },
      {
        "id": "sym:7c588472908f:test_administration_errors_are_bounded",
        "path": "/Users/giapminh79/code/GitHub/sot-graph/tests/test_engine_admin.py",
        "symbol": "test_administration_errors_are_bounded",
        "kind": "function",
        "impact_reason": "calls_modified_node",
        "target_symbol": "main"
      },
      {
        "id": "sym:7c588472908f:test_uninstall_missing_is_read_only",
        "path": "/Users/giapminh79/code/GitHub/sot-graph/tests/test_engine_admin.py",
        "symbol": "test_uninstall_missing_is_read_only",
        "kind": "function",
        "impact_reason": "calls_modified_node",
        "target_symbol": "main"
      },
      {
        "id": "sym:7c588472908f:test_no_raw_execution_surface",
        "path": "/Users/giapminh79/code/GitHub/sot-graph/tests/test_engine_admin.py",
        "symbol": "test_no_raw_execution_surface",
        "kind": "function",
        "impact_reason": "calls_modified_node",
        "target_symbol": "main"
      },
      {
        "id": "file:42626f773bdb",
        "path": "/Users/giapminh79/code/GitHub/sot-graph/tests/test_engine_trusted_config.py",
        "symbol": "test_engine_trusted_config.py",
        "kind": "file",
        "impact_reason": "calls_modified_node",
        "target_symbol": "main"
      },
      {
        "id": "sym:42626f773bdb:test_cli_register_status_disable_persist_without_native",
        "path": "/Users/giapminh79/code/GitHub/sot-graph/tests/test_engine_trusted_config.py",
        "symbol": "test_cli_register_status_disable_persist_without_native",
        "kind": "function",
        "impact_reason": "calls_modified_node",
        "target_symbol": "main"
      },
      {
        "id": "sym:42626f773bdb:test_cli_default_off_does_not_create_config",
        "path": "/Users/giapminh79/code/GitHub/sot-graph/tests/test_engine_trusted_config.py",
        "symbol": "test_cli_default_off_does_not_create_config",
        "kind": "function",
        "impact_reason": "calls_modified_node",
        "target_symbol": "main"
      },
      {
        "id": "sym:42626f773bdb:test_cli_register_rejects_real_protocol_mismatch",
        "path": "/Users/giapminh79/code/GitHub/sot-graph/tests/test_engine_trusted_config.py",
        "symbol": "test_cli_register_rejects_real_protocol_mismatch",
        "kind": "function",
        "impact_reason": "calls_modified_node",
        "target_symbol": "main"
      },
      {
        "id": "sym:42626f773bdb:test_cli_cannot_select_trusted_config_path",
        "path": "/Users/giapminh79/code/GitHub/sot-graph/tests/test_engine_trusted_config.py",
        "symbol": "test_cli_cannot_select_trusted_config_path",
        "kind": "function",
        "impact_reason": "calls_modified_node",
        "target_symbol": "main"
      },
      {
        "id": "file:f1b04f59ef79",
        "path": "/Users/giapminh79/code/GitHub/sot-graph/tests/test_export.py",
        "symbol": "test_export.py",
        "kind": "file",
        "impact_reason": "calls_modified_node",
        "target_symbol": "build_parser"
      },
      {
        "id": "sym:f1b04f59ef79:ExportTests.test_cli_viz_and_export_commands",
        "path": "/Users/giapminh79/code/GitHub/sot-graph/tests/test_export.py",
        "symbol": "ExportTests.test_cli_viz_and_export_commands",
        "kind": "method",
        "impact_reason": "calls_modified_node",
        "target_symbol": "build_parser"
      },
      {
        "id": "file:eb1f53425d6d",
        "path": "/Users/giapminh79/code/GitHub/sot-graph/tests/test_gs_surface_catalog.py",
        "symbol": "test_gs_surface_catalog.py",
        "kind": "file",
        "impact_reason": "calls_modified_node",
        "target_symbol": "main"
      },
      {
        "id": "sym:eb1f53425d6d:test_sur02_catalog_and_native_invocation_refusal",
        "path": "/Users/giapminh79/code/GitHub/sot-graph/tests/test_gs_surface_catalog.py",
        "symbol": "test_sur02_catalog_and_native_invocation_refusal",
        "kind": "function",
        "impact_reason": "calls_modified_node",
        "target_symbol": "McpService"
      },
      {
        "id": "sym:eb1f53425d6d:test_sur03_sur04_entry_points_and_help_are_sot_only",
        "path": "/Users/giapminh79/code/GitHub/sot-graph/tests/test_gs_surface_catalog.py",
        "symbol": "test_sur03_sur04_entry_points_and_help_are_sot_only",
        "kind": "function",
        "impact_reason": "calls_modified_node",
        "target_symbol": "main"
      },
      {
        "id": "sym:eb1f53425d6d:test_sur02_exception_results_are_errors_without_private_diagnostics",
        "path": "/Users/giapminh79/code/GitHub/sot-graph/tests/test_gs_surface_catalog.py",
        "symbol": "test_sur02_exception_results_are_errors_without_private_diagnostics",
        "kind": "function",
        "impact_reason": "calls_modified_node",
        "target_symbol": "McpService"
      },
      {
        "id": "sym:eb1f53425d6d:test_sur02_exception_results_are_errors_without_private_diagnostics.failing",
        "path": "/Users/giapminh79/code/GitHub/sot-graph/tests/test_gs_surface_catalog.py",
        "symbol": "test_sur02_exception_results_are_errors_without_private_diagnostics.failing",
        "kind": "method",
        "impact_reason": "calls_modified_node",
        "target_symbol": "McpServiceError"
      },
      {
        "id": "file:0b899b2ef407",
        "path": "/Users/giapminh79/code/GitHub/sot-graph/tests/test_gs_surface_lifecycle.py",
        "symbol": "test_gs_surface_lifecycle.py",
        "kind": "file",
        "impact_reason": "calls_modified_node",
        "target_symbol": "main"
      },
      {
        "id": "sym:0b899b2ef407:test_sur12_sot_only_upgrade_recovery_and_uninstall.command",
        "path": "/Users/giapminh79/code/GitHub/sot-graph/tests/test_gs_surface_lifecycle.py",
        "symbol": "test_sur12_sot_only_upgrade_recovery_and_uninstall.command",
        "kind": "method",
        "impact_reason": "calls_modified_node",
        "target_symbol": "main"
      },
      {
        "id": "file:41fa6bfbed48",
        "path": "/Users/giapminh79/code/GitHub/sot-graph/tests/test_hardening_fixes.py",
        "symbol": "test_hardening_fixes.py",
        "kind": "file",
        "impact_reason": "calls_modified_node",
        "target_symbol": "main"
      },
      {
        "id": "sym:41fa6bfbed48:HardeningFixesTests.test_cli_handles_lock_busy_and_runtime_error",
        "path": "/Users/giapminh79/code/GitHub/sot-graph/tests/test_hardening_fixes.py",
        "symbol": "HardeningFixesTests.test_cli_handles_lock_busy_and_runtime_error",
        "kind": "method",
        "impact_reason": "calls_modified_node",
        "target_symbol": "main"
      },
      {
        "id": "file:4afdaea1f910",
        "path": "/Users/giapminh79/code/GitHub/sot-graph/tests/test_impact_pipeline.py",
        "symbol": "test_impact_pipeline.py",
        "kind": "file",
        "impact_reason": "calls_modified_node",
        "target_symbol": "build_parser"
      },
      {
        "id": "sym:4afdaea1f910:TestSurfaceWiring._service",
        "path": "/Users/giapminh79/code/GitHub/sot-graph/tests/test_impact_pipeline.py",
        "symbol": "TestSurfaceWiring._service",
        "kind": "method",
        "impact_reason": "calls_modified_node",
        "target_symbol": "McpService"
      },
      {
        "id": "sym:4afdaea1f910:TestSurfaceWiring._cli_json",
        "path": "/Users/giapminh79/code/GitHub/sot-graph/tests/test_impact_pipeline.py",
        "symbol": "TestSurfaceWiring._cli_json",
        "kind": "method",
        "impact_reason": "calls_modified_node",
        "target_symbol": "build_parser"
      },
      {
        "id": "sym:4afdaea1f910:TestSurfaceWiring.test_mcp_diff_impact_trim_degrades_embedded_assurance",
        "path": "/Users/giapminh79/code/GitHub/sot-graph/tests/test_impact_pipeline.py",
        "symbol": "TestSurfaceWiring.test_mcp_diff_impact_trim_degrades_embedded_assurance",
        "kind": "method",
        "impact_reason": "calls_modified_node",
        "target_symbol": "McpService"
      },
      {
        "id": "sym:4afdaea1f910:_service_of",
        "path": "/Users/giapminh79/code/GitHub/sot-graph/tests/test_impact_pipeline.py",
        "symbol": "_service_of",
        "kind": "function",
        "impact_reason": "calls_modified_node",
        "target_symbol": "McpService"
      },
      {
        "id": "sym:4afdaea1f910:_cli_diff_json",
        "path": "/Users/giapminh79/code/GitHub/sot-graph/tests/test_impact_pipeline.py",
        "symbol": "_cli_diff_json",
        "kind": "function",
        "impact_reason": "calls_modified_node",
        "target_symbol": "build_parser"
      },
      {
        "id": "file:8c5b0289bd83",
        "path": "/Users/giapminh79/code/GitHub/sot-graph/tests/test_jit_reconcile.py",
        "symbol": "test_jit_reconcile.py",
        "kind": "file",
        "impact_reason": "calls_modified_node",
        "target_symbol": "cmd_search"
      },
      {
        "id": "sym:8c5b0289bd83:test_cli_cmd_search_jit_reconcile",
        "path": "/Users/giapminh79/code/GitHub/sot-graph/tests/test_jit_reconcile.py",
        "symbol": "test_cli_cmd_search_jit_reconcile",
        "kind": "function",
        "impact_reason": "calls_modified_node",
        "target_symbol": "cmd_search"
      },
      {
        "id": "sym:fcfd6b9d9342:test_path_overlap_refused_before_resolve_without_writes",
        "path": "/Users/giapminh79/code/GitHub/sot-graph/tests/test_managed_installation.py",
        "symbol": "test_path_overlap_refused_before_resolve_without_writes",
        "kind": "function",
        "impact_reason": "calls_modified_node",
        "target_symbol": "snapshot"
      },
      {
        "id": "sym:40d83afb5cc0:test_source_repo_and_notes_untouched",
        "path": "/Users/giapminh79/code/GitHub/sot-graph/tests/test_managed_runtime.py",
        "symbol": "test_source_repo_and_notes_untouched",
        "kind": "function",
        "impact_reason": "calls_modified_node",
        "target_symbol": "snapshot"
      },
      {
        "id": "file:dbd598560bb3",
        "path": "/Users/giapminh79/code/GitHub/sot-graph/tests/test_mcp.py",
        "symbol": "test_mcp.py",
        "kind": "file",
        "impact_reason": "calls_modified_node",
        "target_symbol": "McpServiceError"
      },
      {
        "id": "sym:dbd598560bb3:TestMcpService.setUp",
        "path": "/Users/giapminh79/code/GitHub/sot-graph/tests/test_mcp.py",
        "symbol": "TestMcpService.setUp",
        "kind": "method",
        "impact_reason": "calls_modified_node",
        "target_symbol": "McpService"
      },
      {
        "id": "sym:dbd598560bb3:TestMcpDebtR5.setUp",
        "path": "/Users/giapminh79/code/GitHub/sot-graph/tests/test_mcp.py",
        "symbol": "TestMcpDebtR5.setUp",
        "kind": "method",
        "impact_reason": "calls_modified_node",
        "target_symbol": "McpService"
      },
      {
        "id": "sym:dbd598560bb3:TestMcpDebtR5._legacy_fits",
        "path": "/Users/giapminh79/code/GitHub/sot-graph/tests/test_mcp.py",
        "symbol": "TestMcpDebtR5._legacy_fits",
        "kind": "method",
        "impact_reason": "calls_modified_node",
        "target_symbol": "McpServiceError"
      },
      {
        "id": "sym:dbd598560bb3:TestMcpDebtR5.test_fits_response_matches_legacy_reference_on_shapes",
        "path": "/Users/giapminh79/code/GitHub/sot-graph/tests/test_mcp.py",
        "symbol": "TestMcpDebtR5.test_fits_response_matches_legacy_reference_on_shapes",
        "kind": "method",
        "impact_reason": "calls_modified_node",
        "target_symbol": "McpService"
      },
      {
        "id": "sym:dbd598560bb3:TestMcpDebtR5.test_fits_response_small_payload_untouched",
        "path": "/Users/giapminh79/code/GitHub/sot-graph/tests/test_mcp.py",
        "symbol": "TestMcpDebtR5.test_fits_response_small_payload_untouched",
        "kind": "method",
        "impact_reason": "calls_modified_node",
        "target_symbol": "McpService"
      },
      {
        "id": "file:9a8760b5c178",
        "path": "/Users/giapminh79/code/GitHub/sot-graph/tests/test_mcp_modern.py",
        "symbol": "test_mcp_modern.py",
        "kind": "file",
        "impact_reason": "calls_modified_node",
        "target_symbol": "McpServiceError"
      },
      {
        "id": "sym:9a8760b5c178:McpModernTests.setUp",
        "path": "/Users/giapminh79/code/GitHub/sot-graph/tests/test_mcp_modern.py",
        "symbol": "McpModernTests.setUp",
        "kind": "method",
        "impact_reason": "calls_modified_node",
        "target_symbol": "McpService"
      },
      {
        "id": "file:b8b6031dfc71",
        "path": "/Users/giapminh79/code/GitHub/sot-graph/tests/test_mcp_prompts.py",
        "symbol": "test_mcp_prompts.py",
        "kind": "file",
        "impact_reason": "calls_modified_node",
        "target_symbol": "McpService"
      },
      {
        "id": "sym:b8b6031dfc71:McpPromptTests.setUp",
        "path": "/Users/giapminh79/code/GitHub/sot-graph/tests/test_mcp_prompts.py",
        "symbol": "McpPromptTests.setUp",
        "kind": "method",
        "impact_reason": "calls_modified_node",
        "target_symbol": "McpService"
      },
      {
        "id": "file:41ed8ce188e1",
        "path": "/Users/giapminh79/code/GitHub/sot-graph/tests/test_mcp_receipt_tools.py",
        "symbol": "test_mcp_receipt_tools.py",
        "kind": "file",
        "impact_reason": "calls_modified_node",
        "target_symbol": "McpService"
      },
      {
        "id": "sym:41ed8ce188e1:McpReceiptToolsTests.setUp",
        "path": "/Users/giapminh79/code/GitHub/sot-graph/tests/test_mcp_receipt_tools.py",
        "symbol": "McpReceiptToolsTests.setUp",
        "kind": "method",
        "impact_reason": "calls_modified_node",
        "target_symbol": "McpService"
      },
      {
        "id": "file:872ddc5970de",
        "path": "/Users/giapminh79/code/GitHub/sot-graph/tests/test_navigation.py",
        "symbol": "test_navigation.py",
        "kind": "file",
        "impact_reason": "calls_modified_node",
        "target_symbol": "cmd_usages"
      },
      {
        "id": "file:08055a8da3bb",
        "path": "/Users/giapminh79/code/GitHub/sot-graph/tests/test_optimizations.py",
        "symbol": "test_optimizations.py",
        "kind": "file",
        "impact_reason": "calls_modified_node",
        "target_symbol": "build_parser"
      },
      {
        "id": "sym:08055a8da3bb:TestOptimizations.test_batch_reconcile_and_repo_discovery",
        "path": "/Users/giapminh79/code/GitHub/sot-graph/tests/test_optimizations.py",
        "symbol": "TestOptimizations.test_batch_reconcile_and_repo_discovery",
        "kind": "method",
        "impact_reason": "calls_modified_node",
        "target_symbol": "build_parser"
      },
      {
        "id": "file:398155064175",
        "path": "/Users/giapminh79/code/GitHub/sot-graph/tests/test_p2_orchestrator.py",
        "symbol": "test_p2_orchestrator.py",
        "kind": "file",
        "impact_reason": "calls_modified_node",
        "target_symbol": "cli.py"
      },
      {
        "id": "sym:398155064175:TestDeadProviderDegrades.test_require_blocked_by_config_exit_code_is_stable",
        "path": "/Users/giapminh79/code/GitHub/sot-graph/tests/test_p2_orchestrator.py",
        "symbol": "TestDeadProviderDegrades.test_require_blocked_by_config_exit_code_is_stable",
        "kind": "method",
        "impact_reason": "calls_modified_node",
        "target_symbol": "main"
      },
      {
        "id": "file:2e469e212c63",
        "path": "/Users/giapminh79/code/GitHub/sot-graph/tests/test_p3_plugin_contract.py",
        "symbol": "test_p3_plugin_contract.py",
        "kind": "file",
        "impact_reason": "calls_modified_node",
        "target_symbol": "orchestrator.py"
      },
      {
        "id": "file:c9f64b1d74ed",
        "path": "/Users/giapminh79/code/GitHub/sot-graph/tests/test_p5_coverage_verification.py",
        "symbol": "test_p5_coverage_verification.py",
        "kind": "file",
        "impact_reason": "calls_modified_node",
        "target_symbol": "McpService"
      },
      {
        "id": "sym:c9f64b1d74ed:TestZeroResultIsNotNegativeClaim.test_mcp_search_response_has_coverage",
        "path": "/Users/giapminh79/code/GitHub/sot-graph/tests/test_p5_coverage_verification.py",
        "symbol": "TestZeroResultIsNotNegativeClaim.test_mcp_search_response_has_coverage",
        "kind": "method",
        "impact_reason": "calls_modified_node",
        "target_symbol": "McpService"
      },
      {
        "id": "file:081f2612ac35",
        "path": "/Users/giapminh79/code/GitHub/sot-graph/tests/test_p6_ledger.py",
        "symbol": "test_p6_ledger.py",
        "kind": "file",
        "impact_reason": "calls_modified_node",
        "target_symbol": "McpService"
      },
      {
        "id": "sym:081f2612ac35:TestMcpWritePath.test_providers_sync_records_run_and_evidence",
        "path": "/Users/giapminh79/code/GitHub/sot-graph/tests/test_p6_ledger.py",
        "symbol": "TestMcpWritePath.test_providers_sync_records_run_and_evidence",
        "kind": "method",
        "impact_reason": "calls_modified_node",
        "target_symbol": "McpService"
      },
      {
        "id": "sym:081f2612ac35:TestMcpWritePath.test_search_still_read_only",
        "path": "/Users/giapminh79/code/GitHub/sot-graph/tests/test_p6_ledger.py",
        "symbol": "TestMcpWritePath.test_search_still_read_only",
        "kind": "method",
        "impact_reason": "calls_modified_node",
        "target_symbol": "McpService"
      },
      {
        "id": "file:143ab3c80e53",
        "path": "/Users/giapminh79/code/GitHub/sot-graph/tests/test_p8_omp_integration.py",
        "symbol": "test_p8_omp_integration.py",
        "kind": "file",
        "impact_reason": "calls_modified_node",
        "target_symbol": "McpServiceError"
      },
      {
        "id": "sym:143ab3c80e53:TestMcpAssuranceInputs.test_search_policy_and_budget_params",
        "path": "/Users/giapminh79/code/GitHub/sot-graph/tests/test_p8_omp_integration.py",
        "symbol": "TestMcpAssuranceInputs.test_search_policy_and_budget_params",
        "kind": "method",
        "impact_reason": "calls_modified_node",
        "target_symbol": "McpService"
      },
      {
        "id": "sym:143ab3c80e53:TestMcpAssuranceInputs.test_scope_receipt_and_diff_impact_receipt",
        "path": "/Users/giapminh79/code/GitHub/sot-graph/tests/test_p8_omp_integration.py",
        "symbol": "TestMcpAssuranceInputs.test_scope_receipt_and_diff_impact_receipt",
        "kind": "method",
        "impact_reason": "calls_modified_node",
        "target_symbol": "McpService"
      },
      {
        "id": "file:e14d1834ad8c",
        "path": "/Users/giapminh79/code/GitHub/sot-graph/tests/test_phase1_scip_and_schema_v5.py",
        "symbol": "test_phase1_scip_and_schema_v5.py",
        "kind": "file",
        "impact_reason": "calls_modified_node",
        "target_symbol": "cmd_search"
      },
      {
        "id": "sym:e14d1834ad8c:Phase1SchemaV5AndScipTests.test_cli_search_and_explore_json_envelope",
        "path": "/Users/giapminh79/code/GitHub/sot-graph/tests/test_phase1_scip_and_schema_v5.py",
        "symbol": "Phase1SchemaV5AndScipTests.test_cli_search_and_explore_json_envelope",
        "kind": "method",
        "impact_reason": "calls_modified_node",
        "target_symbol": "cmd_search"
      },
      {
        "id": "sym:e14d1834ad8c:Phase1SchemaV5AndScipTests.test_mcp_service_includes_providers_in_responses",
        "path": "/Users/giapminh79/code/GitHub/sot-graph/tests/test_phase1_scip_and_schema_v5.py",
        "symbol": "Phase1SchemaV5AndScipTests.test_mcp_service_includes_providers_in_responses",
        "kind": "method",
        "impact_reason": "calls_modified_node",
        "target_symbol": "McpService"
      },
      {
        "id": "file:7f511fdf0995",
        "path": "/Users/giapminh79/code/GitHub/sot-graph/tests/test_providers_cross_check.py",
        "symbol": "test_providers_cross_check.py",
        "kind": "file",
        "impact_reason": "calls_modified_node",
        "target_symbol": "build_parser"
      },
      {
        "id": "sym:7f511fdf0995:CrossCheckTests.test_cli_subcommand_wiring",
        "path": "/Users/giapminh79/code/GitHub/sot-graph/tests/test_providers_cross_check.py",
        "symbol": "CrossCheckTests.test_cli_subcommand_wiring",
        "kind": "method",
        "impact_reason": "calls_modified_node",
        "target_symbol": "build_parser"
      },
      {
        "id": "sym:7f511fdf0995:CrossCheckReceiptTests.test_cli_receipt_flag_wiring",
        "path": "/Users/giapminh79/code/GitHub/sot-graph/tests/test_providers_cross_check.py",
        "symbol": "CrossCheckReceiptTests.test_cli_receipt_flag_wiring",
        "kind": "method",
        "impact_reason": "calls_modified_node",
        "target_symbol": "build_parser"
      },
      {
        "id": "file:51828cb5b765",
        "path": "/Users/giapminh79/code/GitHub/sot-graph/tests/test_providers_registry.py",
        "symbol": "test_providers_registry.py",
        "kind": "file",
        "impact_reason": "calls_modified_node",
        "target_symbol": "main"
      },
      {
        "id": "sym:51828cb5b765:TestCliProviders.test_detect_json_smoke",
        "path": "/Users/giapminh79/code/GitHub/sot-graph/tests/test_providers_registry.py",
        "symbol": "TestCliProviders.test_detect_json_smoke",
        "kind": "method",
        "impact_reason": "calls_modified_node",
        "target_symbol": "main"
      },
      {
        "id": "sym:51828cb5b765:TestCliProviders.test_doctor_exit_code_zero_when_optional_missing",
        "path": "/Users/giapminh79/code/GitHub/sot-graph/tests/test_providers_registry.py",
        "symbol": "TestCliProviders.test_doctor_exit_code_zero_when_optional_missing",
        "kind": "method",
        "impact_reason": "calls_modified_node",
        "target_symbol": "main"
      },
      {
        "id": "sym:51828cb5b765:TestCliProviders.test_doctor_exit_code_one_when_required_unhealthy",
        "path": "/Users/giapminh79/code/GitHub/sot-graph/tests/test_providers_registry.py",
        "symbol": "TestCliProviders.test_doctor_exit_code_one_when_required_unhealthy",
        "kind": "method",
        "impact_reason": "calls_modified_node",
        "target_symbol": "main"
      },
      {
        "id": "sym:51828cb5b765:TestCliProviders.test_resolve_json_returns_ranked_list",
        "path": "/Users/giapminh79/code/GitHub/sot-graph/tests/test_providers_registry.py",
        "symbol": "TestCliProviders.test_resolve_json_returns_ranked_list",
        "kind": "method",
        "impact_reason": "calls_modified_node",
        "target_symbol": "main"
      },
      {
        "id": "sym:51828cb5b765:TestCliProviders.test_list_json_lists_all_configured",
        "path": "/Users/giapminh79/code/GitHub/sot-graph/tests/test_providers_registry.py",
        "symbol": "TestCliProviders.test_list_json_lists_all_configured",
        "kind": "method",
        "impact_reason": "calls_modified_node",
        "target_symbol": "main"
      },
      {
        "id": "file:1e037f5c17d0",
        "path": "/Users/giapminh79/code/GitHub/sot-graph/tests/test_repo_map.py",
        "symbol": "test_repo_map.py",
        "kind": "file",
        "impact_reason": "calls_modified_node",
        "target_symbol": "McpService"
      },
      {
        "id": "sym:1e037f5c17d0:McpMapAndNotesTests.setUp",
        "path": "/Users/giapminh79/code/GitHub/sot-graph/tests/test_repo_map.py",
        "symbol": "McpMapAndNotesTests.setUp",
        "kind": "method",
        "impact_reason": "calls_modified_node",
        "target_symbol": "McpService"
      },
      {
        "id": "file:a0fd26ba8176",
        "path": "/Users/giapminh79/code/GitHub/sot-graph/tests/test_report_conformance.py",
        "symbol": "test_report_conformance.py",
        "kind": "file",
        "impact_reason": "calls_modified_node",
        "target_symbol": "build_parser"
      },
      {
        "id": "sym:a0fd26ba8176:TestShippedPathIntegration.test_cli_report_receives_real_denominators",
        "path": "/Users/giapminh79/code/GitHub/sot-graph/tests/test_report_conformance.py",
        "symbol": "TestShippedPathIntegration.test_cli_report_receives_real_denominators",
        "kind": "method",
        "impact_reason": "calls_modified_node",
        "target_symbol": "build_parser"
      },
      {
        "id": "sym:a0fd26ba8176:TestShippedPathIntegration.test_mcp_report_receives_real_denominators",
        "path": "/Users/giapminh79/code/GitHub/sot-graph/tests/test_report_conformance.py",
        "symbol": "TestShippedPathIntegration.test_mcp_report_receives_real_denominators",
        "kind": "method",
        "impact_reason": "calls_modified_node",
        "target_symbol": "McpService"
      },
      {
        "id": "file:27d462be5c4b",
        "path": "/Users/giapminh79/code/GitHub/sot-graph/tests/test_search_bare_name_ranking.py",
        "symbol": "test_search_bare_name_ranking.py",
        "kind": "file",
        "impact_reason": "calls_modified_node",
        "target_symbol": "McpService"
      },
      {
        "id": "sym:27d462be5c4b:BareNameRankingTestCase._mcp",
        "path": "/Users/giapminh79/code/GitHub/sot-graph/tests/test_search_bare_name_ranking.py",
        "symbol": "BareNameRankingTestCase._mcp",
        "kind": "method",
        "impact_reason": "calls_modified_node",
        "target_symbol": "McpService"
      },
      {
        "id": "file:f058a7d050ab",
        "path": "/Users/giapminh79/code/GitHub/sot-graph/tests/test_sg107_stress.py",
        "symbol": "test_sg107_stress.py",
        "kind": "file",
        "impact_reason": "calls_modified_node",
        "target_symbol": "build_parser"
      },
      {
        "id": "sym:f058a7d050ab:_service_of",
        "path": "/Users/giapminh79/code/GitHub/sot-graph/tests/test_sg107_stress.py",
        "symbol": "_service_of",
        "kind": "function",
        "impact_reason": "calls_modified_node",
        "target_symbol": "McpService"
      },
      {
        "id": "sym:f058a7d050ab:_cli_diff_json",
        "path": "/Users/giapminh79/code/GitHub/sot-graph/tests/test_sg107_stress.py",
        "symbol": "_cli_diff_json",
        "kind": "function",
        "impact_reason": "calls_modified_node",
        "target_symbol": "build_parser"
      },
      {
        "id": "sym:f058a7d050ab:TestCharacterizationResidualRisks._fits",
        "path": "/Users/giapminh79/code/GitHub/sot-graph/tests/test_sg107_stress.py",
        "symbol": "TestCharacterizationResidualRisks._fits",
        "kind": "method",
        "impact_reason": "calls_modified_node",
        "target_symbol": "McpService"
      },
      {
        "id": "file:b476db0d78ee",
        "path": "/Users/giapminh79/code/GitHub/sot-graph/tests/test_sg201_repo_map_filters.py",
        "symbol": "test_sg201_repo_map_filters.py",
        "kind": "file",
        "impact_reason": "calls_modified_node",
        "target_symbol": "McpServiceError"
      },
      {
        "id": "sym:b476db0d78ee:RepoMapFilterSurfaceTests.test_mcp_repo_map_returns_filters_and_opt_in",
        "path": "/Users/giapminh79/code/GitHub/sot-graph/tests/test_sg201_repo_map_filters.py",
        "symbol": "RepoMapFilterSurfaceTests.test_mcp_repo_map_returns_filters_and_opt_in",
        "kind": "method",
        "impact_reason": "calls_modified_node",
        "target_symbol": "McpService"
      },
      {
        "id": "sym:b476db0d78ee:RepoMapFilterSurfaceTests.test_mcp_repo_map_rejects_unknown_category",
        "path": "/Users/giapminh79/code/GitHub/sot-graph/tests/test_sg201_repo_map_filters.py",
        "symbol": "RepoMapFilterSurfaceTests.test_mcp_repo_map_rejects_unknown_category",
        "kind": "method",
        "impact_reason": "calls_modified_node",
        "target_symbol": "McpService"
      },
      {
        "id": "file:23a7d8cbff5f",
        "path": "/Users/giapminh79/code/GitHub/sot-graph/tests/test_sg202_pack_completeness.py",
        "symbol": "test_sg202_pack_completeness.py",
        "kind": "file",
        "impact_reason": "calls_modified_node",
        "target_symbol": "McpService"
      },
      {
        "id": "sym:23a7d8cbff5f:SG202PackCompletenessTests.test_mcp_surface_reports_honesty_fields",
        "path": "/Users/giapminh79/code/GitHub/sot-graph/tests/test_sg202_pack_completeness.py",
        "symbol": "SG202PackCompletenessTests.test_mcp_surface_reports_honesty_fields",
        "kind": "method",
        "impact_reason": "calls_modified_node",
        "target_symbol": "McpService"
      },
      {
        "id": "file:bafaa559d09b",
        "path": "/Users/giapminh79/code/GitHub/sot-graph/tests/test_solution_trace.py",
        "symbol": "test_solution_trace.py",
        "kind": "file",
        "impact_reason": "calls_modified_node",
        "target_symbol": "McpService"
      },
      {
        "id": "sym:bafaa559d09b:TestSolutionAndTraceEngine.test_mcp_service_async_primitives",
        "path": "/Users/giapminh79/code/GitHub/sot-graph/tests/test_solution_trace.py",
        "symbol": "TestSolutionAndTraceEngine.test_mcp_service_async_primitives",
        "kind": "method",
        "impact_reason": "calls_modified_node",
        "target_symbol": "McpService"
      },
      {
        "id": "file:8d8facd09c31",
        "path": "/Users/giapminh79/code/GitHub/sot-graph/tests/test_sprint4_compass_and_pack.py",
        "symbol": "test_sprint4_compass_and_pack.py",
        "kind": "file",
        "impact_reason": "calls_modified_node",
        "target_symbol": "McpService"
      },
      {
        "id": "sym:8d8facd09c31:Sprint4CompassAndPackTests.test_mcp_explore_structured_hops",
        "path": "/Users/giapminh79/code/GitHub/sot-graph/tests/test_sprint4_compass_and_pack.py",
        "symbol": "Sprint4CompassAndPackTests.test_mcp_explore_structured_hops",
        "kind": "method",
        "impact_reason": "calls_modified_node",
        "target_symbol": "McpService"
      },
      {
        "id": "file:21c603c57c3d",
        "path": "/Users/giapminh79/code/GitHub/sot-graph/tests/test_storage_integrity.py",
        "symbol": "test_storage_integrity.py",
        "kind": "file",
        "impact_reason": "calls_modified_node",
        "target_symbol": "main"
      },
      {
        "id": "sym:21c603c57c3d:test_doctor_cli_text_and_json",
        "path": "/Users/giapminh79/code/GitHub/sot-graph/tests/test_storage_integrity.py",
        "symbol": "test_doctor_cli_text_and_json",
        "kind": "function",
        "impact_reason": "calls_modified_node",
        "target_symbol": "main"
      },
      {
        "id": "file:d3c0b58d9f4b",
        "path": "/Users/giapminh79/code/GitHub/sot-graph/tests/test_trust_axes.py",
        "symbol": "test_trust_axes.py",
        "kind": "file",
        "impact_reason": "calls_modified_node",
        "target_symbol": "cmd_search"
      },
      {
        "id": "sym:d3c0b58d9f4b:_search_cli",
        "path": "/Users/giapminh79/code/GitHub/sot-graph/tests/test_trust_axes.py",
        "symbol": "_search_cli",
        "kind": "function",
        "impact_reason": "calls_modified_node",
        "target_symbol": "cmd_search"
      },
      {
        "id": "sym:d3c0b58d9f4b:TestMcpSearchAxes.test_results_carry_axes_and_contract",
        "path": "/Users/giapminh79/code/GitHub/sot-graph/tests/test_trust_axes.py",
        "symbol": "TestMcpSearchAxes.test_results_carry_axes_and_contract",
        "kind": "method",
        "impact_reason": "calls_modified_node",
        "target_symbol": "McpService"
      },
      {
        "id": "sym:d3c0b58d9f4b:TestMcpSearchAxes.test_ambiguous_identity_on_mcp",
        "path": "/Users/giapminh79/code/GitHub/sot-graph/tests/test_trust_axes.py",
        "symbol": "TestMcpSearchAxes.test_ambiguous_identity_on_mcp",
        "kind": "method",
        "impact_reason": "calls_modified_node",
        "target_symbol": "McpService"
      },
      {
        "id": "sym:d3c0b58d9f4b:TestMcpSearchAxes.test_empty_results_still_expose_contract",
        "path": "/Users/giapminh79/code/GitHub/sot-graph/tests/test_trust_axes.py",
        "symbol": "TestMcpSearchAxes.test_empty_results_still_expose_contract",
        "kind": "method",
        "impact_reason": "calls_modified_node",
        "target_symbol": "McpService"
      },
      {
        "id": "file:90bc0983d900",
        "path": "/Users/giapminh79/code/GitHub/sot-graph/tests/test_trust_chain_hardening.py",
        "symbol": "test_trust_chain_hardening.py",
        "kind": "file",
        "impact_reason": "calls_modified_node",
        "target_symbol": "McpService"
      },
      {
        "id": "sym:90bc0983d900:test_mcp_fits_response_surrogateescape",
        "path": "/Users/giapminh79/code/GitHub/sot-graph/tests/test_trust_chain_hardening.py",
        "symbol": "test_mcp_fits_response_surrogateescape",
        "kind": "function",
        "impact_reason": "calls_modified_node",
        "target_symbol": "McpService"
      },
      {
        "id": "sym:90bc0983d900:test_mcp_diff_impact_receipt_fits_response_truncation",
        "path": "/Users/giapminh79/code/GitHub/sot-graph/tests/test_trust_chain_hardening.py",
        "symbol": "test_mcp_diff_impact_receipt_fits_response_truncation",
        "kind": "function",
        "impact_reason": "calls_modified_node",
        "target_symbol": "McpService"
      },
      {
        "id": "sym:90bc0983d900:test_mcp_transport_truncation_degrades_assurance",
        "path": "/Users/giapminh79/code/GitHub/sot-graph/tests/test_trust_chain_hardening.py",
        "symbol": "test_mcp_transport_truncation_degrades_assurance",
        "kind": "function",
        "impact_reason": "calls_modified_node",
        "target_symbol": "McpService"
      },
      {
        "id": "sym:90bc0983d900:test_mcp_small_receipt_payload_assurance_untouched",
        "path": "/Users/giapminh79/code/GitHub/sot-graph/tests/test_trust_chain_hardening.py",
        "symbol": "test_mcp_small_receipt_payload_assurance_untouched",
        "kind": "function",
        "impact_reason": "calls_modified_node",
        "target_symbol": "McpService"
      },
      {
        "id": "sym:90bc0983d900:test_mcp_diff_impact_default_target_is_head",
        "path": "/Users/giapminh79/code/GitHub/sot-graph/tests/test_trust_chain_hardening.py",
        "symbol": "test_mcp_diff_impact_default_target_is_head",
        "kind": "function",
        "impact_reason": "calls_modified_node",
        "target_symbol": "McpService"
      },
      {
        "id": "sym:90bc0983d900:test_mcp_diff_impact_receipt_default_target_is_head",
        "path": "/Users/giapminh79/code/GitHub/sot-graph/tests/test_trust_chain_hardening.py",
        "symbol": "test_mcp_diff_impact_receipt_default_target_is_head",
        "kind": "function",
        "impact_reason": "calls_modified_node",
        "target_symbol": "McpService"
      },
      {
        "id": "sym:c0b0e96e962a:TestBuiltinOnlyPolicy.test_builtin_spec_never_spawns_on_either_surface",
        "path": "/Users/giapminh79/code/GitHub/sot-graph/tests/test_cbm_contract_parity.py",
        "symbol": "TestBuiltinOnlyPolicy.test_builtin_spec_never_spawns_on_either_surface",
        "kind": "method",
        "impact_reason": "calls_modified_node",
        "target_symbol": "_mcp"
      },
      {
        "id": "sym:c0b0e96e962a:TestFailurePolicyParity.test_required_provider_fails_closed_on_both_surfaces",
        "path": "/Users/giapminh79/code/GitHub/sot-graph/tests/test_cbm_contract_parity.py",
        "symbol": "TestFailurePolicyParity.test_required_provider_fails_closed_on_both_surfaces",
        "kind": "method",
        "impact_reason": "calls_modified_node",
        "target_symbol": "_mcp"
      },
      {
        "id": "sym:c0b0e96e962a:TestVersionPolicyParity.test_unknown_version_degrades_explicitly_never_silently",
        "path": "/Users/giapminh79/code/GitHub/sot-graph/tests/test_cbm_contract_parity.py",
        "symbol": "TestVersionPolicyParity.test_unknown_version_degrades_explicitly_never_silently",
        "kind": "method",
        "impact_reason": "calls_modified_node",
        "target_symbol": "_mcp"
      },
      {
        "id": "sym:d310c90c4013:TestDiffImpactGate.test_gate_fails_on_partial_receipt",
        "path": "/Users/giapminh79/code/GitHub/sot-graph/tests/test_diff_impact.py",
        "symbol": "TestDiffImpactGate.test_gate_fails_on_partial_receipt",
        "kind": "method",
        "impact_reason": "calls_modified_node",
        "target_symbol": "TestDiffImpactGate._run"
      },
      {
        "id": "sym:d310c90c4013:TestDiffImpactGate.test_gate_passes_on_assured_receipt",
        "path": "/Users/giapminh79/code/GitHub/sot-graph/tests/test_diff_impact.py",
        "symbol": "TestDiffImpactGate.test_gate_passes_on_assured_receipt",
        "kind": "method",
        "impact_reason": "calls_modified_node",
        "target_symbol": "TestDiffImpactGate._run"
      },
      {
        "id": "sym:d310c90c4013:TestDiffImpactGate.test_default_advisory_exits_zero_even_on_partial",
        "path": "/Users/giapminh79/code/GitHub/sot-graph/tests/test_diff_impact.py",
        "symbol": "TestDiffImpactGate.test_default_advisory_exits_zero_even_on_partial",
        "kind": "method",
        "impact_reason": "calls_modified_node",
        "target_symbol": "TestDiffImpactGate._run"
      },
      {
        "id": "sym:41fa6bfbed48:HardeningFixesTests.test_mcp_security_path_confinement",
        "path": "/Users/giapminh79/code/GitHub/sot-graph/tests/test_hardening_fixes.py",
        "symbol": "HardeningFixesTests.test_mcp_security_path_confinement",
        "kind": "method",
        "impact_reason": "calls_modified_node",
        "target_symbol": "resolve_and_validate_output_path"
      },
      {
        "id": "file:9b01b43a2bc1",
        "path": "/Users/giapminh79/code/GitHub/sot-graph/tests/test_holdout_denominators.py",
        "symbol": "test_holdout_denominators.py",
        "kind": "file",
        "impact_reason": "calls_modified_node",
        "target_symbol": "bench_holdout.py"
      },
      {
        "id": "file:0a90ba1ae8d2",
        "path": "/Users/giapminh79/code/GitHub/sot-graph/tests/test_holdout_splits.py",
        "symbol": "test_holdout_splits.py",
        "kind": "file",
        "impact_reason": "calls_modified_node",
        "target_symbol": "bench_holdout.py"
      },
      {
        "id": "sym:4afdaea1f910:TestSurfaceWiring.test_parity_same_digest_pipeline_mcp_cli",
        "path": "/Users/giapminh79/code/GitHub/sot-graph/tests/test_impact_pipeline.py",
        "symbol": "TestSurfaceWiring.test_parity_same_digest_pipeline_mcp_cli",
        "kind": "method",
        "impact_reason": "calls_modified_node",
        "target_symbol": "TestSurfaceWiring._cli_json"
      },
      {
        "id": "sym:4afdaea1f910:TestSurfaceWiring.test_receipt_store_persistence_is_content_addressed",
        "path": "/Users/giapminh79/code/GitHub/sot-graph/tests/test_impact_pipeline.py",
        "symbol": "TestSurfaceWiring.test_receipt_store_persistence_is_content_addressed",
        "kind": "method",
        "impact_reason": "calls_modified_node",
        "target_symbol": "TestSurfaceWiring._service"
      },
      {
        "id": "sym:4afdaea1f910:TestSurfaceWiring.test_mcp_diff_impact_envelope_projects_receipt",
        "path": "/Users/giapminh79/code/GitHub/sot-graph/tests/test_impact_pipeline.py",
        "symbol": "TestSurfaceWiring.test_mcp_diff_impact_envelope_projects_receipt",
        "kind": "method",
        "impact_reason": "calls_modified_node",
        "target_symbol": "TestSurfaceWiring._service"
      },
      {
        "id": "sym:4afdaea1f910:TestSurfaceWiring.test_cli_gate_semantics_unchanged",
        "path": "/Users/giapminh79/code/GitHub/sot-graph/tests/test_impact_pipeline.py",
        "symbol": "TestSurfaceWiring.test_cli_gate_semantics_unchanged",
        "kind": "method",
        "impact_reason": "calls_modified_node",
        "target_symbol": "TestSurfaceWiring._cli_json"
      },
      {
        "id": "sym:4afdaea1f910:TestSurfaceWiring.test_cli_request_block_reflects_auto_reconcile_flag",
        "path": "/Users/giapminh79/code/GitHub/sot-graph/tests/test_impact_pipeline.py",
        "symbol": "TestSurfaceWiring.test_cli_request_block_reflects_auto_reconcile_flag",
        "kind": "method",
        "impact_reason": "calls_modified_node",
        "target_symbol": "TestSurfaceWiring._cli_json"
      },
      {
        "id": "sym:4afdaea1f910:TestParityMatrix.test_digest_parity_executor_mcp_cli",
        "path": "/Users/giapminh79/code/GitHub/sot-graph/tests/test_impact_pipeline.py",
        "symbol": "TestParityMatrix.test_digest_parity_executor_mcp_cli",
        "kind": "method",
        "impact_reason": "calls_modified_node",
        "target_symbol": "_cli_diff_json"
      },
      {
        "id": "sym:4afdaea1f910:TestSurfaceFaultInjection.test_mcp_diff_impact_receipt_degrades_on_collection_fault",
        "path": "/Users/giapminh79/code/GitHub/sot-graph/tests/test_impact_pipeline.py",
        "symbol": "TestSurfaceFaultInjection.test_mcp_diff_impact_receipt_degrades_on_collection_fault",
        "kind": "method",
        "impact_reason": "calls_modified_node",
        "target_symbol": "_service_of"
      },
      {
        "id": "sym:4afdaea1f910:TestSurfaceFaultInjection.test_cli_diff_impact_degrades_on_collection_fault",
        "path": "/Users/giapminh79/code/GitHub/sot-graph/tests/test_impact_pipeline.py",
        "symbol": "TestSurfaceFaultInjection.test_cli_diff_impact_degrades_on_collection_fault",
        "kind": "method",
        "impact_reason": "calls_modified_node",
        "target_symbol": "_cli_diff_json"
      },
      {
        "id": "sym:27d462be5c4b:BareNameMatchesQualifiedSymbol.test_bare_query_reaches_method_via_mcp_search",
        "path": "/Users/giapminh79/code/GitHub/sot-graph/tests/test_search_bare_name_ranking.py",
        "symbol": "BareNameMatchesQualifiedSymbol.test_bare_query_reaches_method_via_mcp_search",
        "kind": "method",
        "impact_reason": "calls_modified_node",
        "target_symbol": "BareNameRankingTestCase._mcp"
      },
      {
        "id": "sym:27d462be5c4b:AmbiguousBareNameGuard.test_mcp_path_same_guarantee",
        "path": "/Users/giapminh79/code/GitHub/sot-graph/tests/test_search_bare_name_ranking.py",
        "symbol": "AmbiguousBareNameGuard.test_mcp_path_same_guarantee",
        "kind": "method",
        "impact_reason": "calls_modified_node",
        "target_symbol": "BareNameRankingTestCase._mcp"
      },
      {
        "id": "sym:27d462be5c4b:BareFunctionNotInSameNamedClass.test_bare_function_wins_for_bare_query",
        "path": "/Users/giapminh79/code/GitHub/sot-graph/tests/test_search_bare_name_ranking.py",
        "symbol": "BareFunctionNotInSameNamedClass.test_bare_function_wins_for_bare_query",
        "kind": "method",
        "impact_reason": "calls_modified_node",
        "target_symbol": "BareNameRankingTestCase._mcp"
      },
      {
        "id": "sym:f058a7d050ab:_tight_budget_receipt",
        "path": "/Users/giapminh79/code/GitHub/sot-graph/tests/test_sg107_stress.py",
        "symbol": "_tight_budget_receipt",
        "kind": "function",
        "impact_reason": "calls_modified_node",
        "target_symbol": "_service_of"
      },
      {
        "id": "sym:f058a7d050ab:TestStressMatrix.test_201_changed_files_accounting_and_surface_parity",
        "path": "/Users/giapminh79/code/GitHub/sot-graph/tests/test_sg107_stress.py",
        "symbol": "TestStressMatrix.test_201_changed_files_accounting_and_surface_parity",
        "kind": "method",
        "impact_reason": "calls_modified_node",
        "target_symbol": "_cli_diff_json"
      },
      {
        "id": "sym:f058a7d050ab:TestNoFalseAssureSweep.test_executor_cli_mcp_never_assure_truncated",
        "path": "/Users/giapminh79/code/GitHub/sot-graph/tests/test_sg107_stress.py",
        "symbol": "TestNoFalseAssureSweep.test_executor_cli_mcp_never_assure_truncated",
        "kind": "method",
        "impact_reason": "calls_modified_node",
        "target_symbol": "_cli_diff_json"
      },
      {
        "id": "sym:f058a7d050ab:TestNoFalseAssureSweep.test_edges_scenario_scope_surfaces_never_assure",
        "path": "/Users/giapminh79/code/GitHub/sot-graph/tests/test_sg107_stress.py",
        "symbol": "TestNoFalseAssureSweep.test_edges_scenario_scope_surfaces_never_assure",
        "kind": "method",
        "impact_reason": "calls_modified_node",
        "target_symbol": "_service_of"
      },
      {
        "id": "sym:f058a7d050ab:TestCharacterizationResidualRisks.test_nested_list_heavy_receipt_raises_response_too_large",
        "path": "/Users/giapminh79/code/GitHub/sot-graph/tests/test_sg107_stress.py",
        "symbol": "TestCharacterizationResidualRisks.test_nested_list_heavy_receipt_raises_response_too_large",
        "kind": "method",
        "impact_reason": "calls_modified_node",
        "target_symbol": "TestCharacterizationResidualRisks._fits"
      },
      {
        "id": "sym:f058a7d050ab:TestCharacterizationResidualRisks.test_eviction_bounded_at_three_rounds",
        "path": "/Users/giapminh79/code/GitHub/sot-graph/tests/test_sg107_stress.py",
        "symbol": "TestCharacterizationResidualRisks.test_eviction_bounded_at_three_rounds",
        "kind": "method",
        "impact_reason": "calls_modified_node",
        "target_symbol": "TestCharacterizationResidualRisks._fits"
      },
      {
        "id": "sym:f058a7d050ab:TestCharacterizationResidualRisks.test_mcp_vs_cli_payload_normalization_field_parity",
        "path": "/Users/giapminh79/code/GitHub/sot-graph/tests/test_sg107_stress.py",
        "symbol": "TestCharacterizationResidualRisks.test_mcp_vs_cli_payload_normalization_field_parity",
        "kind": "method",
        "impact_reason": "calls_modified_node",
        "target_symbol": "_cli_diff_json"
      },
      {
        "id": "sym:d3c0b58d9f4b:TestCliSearchAxes.test_json_result_carries_axes_and_compat_fields",
        "path": "/Users/giapminh79/code/GitHub/sot-graph/tests/test_trust_axes.py",
        "symbol": "TestCliSearchAxes.test_json_result_carries_axes_and_compat_fields",
        "kind": "method",
        "impact_reason": "calls_modified_node",
        "target_symbol": "_search_cli"
      },
      {
        "id": "sym:d3c0b58d9f4b:TestCliSearchAxes.test_unique_named_hit_axes",
        "path": "/Users/giapminh79/code/GitHub/sot-graph/tests/test_trust_axes.py",
        "symbol": "TestCliSearchAxes.test_unique_named_hit_axes",
        "kind": "method",
        "impact_reason": "calls_modified_node",
        "target_symbol": "_search_cli"
      },
      {
        "id": "sym:d3c0b58d9f4b:TestCliSearchAxes.test_ambiguous_identity_on_duplicated_name",
        "path": "/Users/giapminh79/code/GitHub/sot-graph/tests/test_trust_axes.py",
        "symbol": "TestCliSearchAxes.test_ambiguous_identity_on_duplicated_name",
        "kind": "method",
        "impact_reason": "calls_modified_node",
        "target_symbol": "_search_cli"
      },
      {
        "id": "sym:d3c0b58d9f4b:TestCliSearchAxes.test_unnamed_token_hit_is_semantic",
        "path": "/Users/giapminh79/code/GitHub/sot-graph/tests/test_trust_axes.py",
        "symbol": "TestCliSearchAxes.test_unnamed_token_hit_is_semantic",
        "kind": "method",
        "impact_reason": "calls_modified_node",
        "target_symbol": "_search_cli"
      },
      {
        "id": "sym:d3c0b58d9f4b:TestCliSearchAxes.test_stopword_only_query_honest_unknown",
        "path": "/Users/giapminh79/code/GitHub/sot-graph/tests/test_trust_axes.py",
        "symbol": "TestCliSearchAxes.test_stopword_only_query_honest_unknown",
        "kind": "method",
        "impact_reason": "calls_modified_node",
        "target_symbol": "_search_cli"
      },
      {
        "id": "sym:d3c0b58d9f4b:TestCliSearchAxes.test_stale_anchor_keeps_exact_relevance",
        "path": "/Users/giapminh79/code/GitHub/sot-graph/tests/test_trust_axes.py",
        "symbol": "TestCliSearchAxes.test_stale_anchor_keeps_exact_relevance",
        "kind": "method",
        "impact_reason": "calls_modified_node",
        "target_symbol": "_search_cli"
      },
      {
        "id": "sym:d3c0b58d9f4b:TestCliSearchAxes.test_envelope_scope_and_semantics",
        "path": "/Users/giapminh79/code/GitHub/sot-graph/tests/test_trust_axes.py",
        "symbol": "TestCliSearchAxes.test_envelope_scope_and_semantics",
        "kind": "method",
        "impact_reason": "calls_modified_node",
        "target_symbol": "_search_cli"
      },
      {
        "id": "sym:d3c0b58d9f4b:TestCliSearchAxes.test_never_claims_exhaustive",
        "path": "/Users/giapminh79/code/GitHub/sot-graph/tests/test_trust_axes.py",
        "symbol": "TestCliSearchAxes.test_never_claims_exhaustive",
        "kind": "method",
        "impact_reason": "calls_modified_node",
        "target_symbol": "_search_cli"
      },
      {
        "id": "sym:d3c0b58d9f4b:TestCliSearchAxes.test_human_output_shows_axes_and_legend",
        "path": "/Users/giapminh79/code/GitHub/sot-graph/tests/test_trust_axes.py",
        "symbol": "TestCliSearchAxes.test_human_output_shows_axes_and_legend",
        "kind": "method",
        "impact_reason": "calls_modified_node",
        "target_symbol": "_search_cli"
      },
      {
        "id": "sym:75075ae34864:WatcherTests.test_polling_backend_reconciles_changes.daemon_target",
        "path": "/Users/giapminh79/code/GitHub/sot-graph/tests/test_v2_upgrade.py",
        "symbol": "WatcherTests.test_polling_backend_reconciles_changes.daemon_target",
        "kind": "method",
        "impact_reason": "calls_modified_node",
        "target_symbol": "_run_polling"
      },
      {
        "id": "file:ed6bde13d2a4",
        "path": "/Users/giapminh79/code/GitHub/sot-graph/tests/test_cbm_verification.py",
        "symbol": "test_cbm_verification.py",
        "kind": "file",
        "impact_reason": "calls_modified_node",
        "target_symbol": "orchestrator.py"
      },
      {
        "id": "file:2e469e212c63",
        "path": "/Users/giapminh79/code/GitHub/sot-graph/tests/test_p3_plugin_contract.py",
        "symbol": "test_p3_plugin_contract.py",
        "kind": "file",
        "impact_reason": "calls_modified_node",
        "target_symbol": "orchestrator.py"
      },
      {
        "id": "sym:b59b1cd8bb8c:dispatch",
        "path": "/Users/giapminh79/code/GitHub/sot-graph/tests/test_managed_read_dispatch.py",
        "symbol": "dispatch",
        "kind": "function",
        "impact_reason": "calls_modified_node",
        "target_symbol": "managed_read_dispatch"
      },
      {
        "id": "sym:b59b1cd8bb8c:test_unsupported_usages_never_loads",
        "path": "/Users/giapminh79/code/GitHub/sot-graph/tests/test_managed_read_dispatch.py",
        "symbol": "test_unsupported_usages_never_loads",
        "kind": "function",
        "impact_reason": "calls_modified_node",
        "target_symbol": "managed_read_dispatch"
      },
      {
        "id": "sym:b59b1cd8bb8c:test_invalid_query_does_not_load_admin",
        "path": "/Users/giapminh79/code/GitHub/sot-graph/tests/test_managed_read_dispatch.py",
        "symbol": "test_invalid_query_does_not_load_admin",
        "kind": "function",
        "impact_reason": "calls_modified_node",
        "target_symbol": "managed_read_dispatch"
      },
      {
        "id": "file:398155064175",
        "path": "/Users/giapminh79/code/GitHub/sot-graph/tests/test_p2_orchestrator.py",
        "symbol": "test_p2_orchestrator.py",
        "kind": "file",
        "impact_reason": "calls_modified_node",
        "target_symbol": "cli.py"
      },
      {
        "id": "sym:1747a3cf05a2:test_external_missing_target_retains_policy_and_managed",
        "path": "/Users/giapminh79/code/GitHub/sot-graph/tests/test_managed_policy_parity.py",
        "symbol": "test_external_missing_target_retains_policy_and_managed",
        "kind": "function",
        "impact_reason": "calls_modified_node",
        "target_symbol": "_managed_policy_metadata"
      },
      {
        "id": "sym:1747a3cf05a2:test_external_error_diagnostics_are_safe_and_metadata_retained",
        "path": "/Users/giapminh79/code/GitHub/sot-graph/tests/test_managed_policy_parity.py",
        "symbol": "test_external_error_diagnostics_are_safe_and_metadata_retained",
        "kind": "function",
        "impact_reason": "calls_modified_node",
        "target_symbol": "_managed_policy_metadata"
      },
      {
        "id": "file:8c5b0289bd83",
        "path": "/Users/giapminh79/code/GitHub/sot-graph/tests/test_jit_reconcile.py",
        "symbol": "test_jit_reconcile.py",
        "kind": "file",
        "impact_reason": "calls_modified_node",
        "target_symbol": "cmd_search"
      },
      {
        "id": "sym:8c5b0289bd83:test_cli_cmd_search_jit_reconcile",
        "path": "/Users/giapminh79/code/GitHub/sot-graph/tests/test_jit_reconcile.py",
        "symbol": "test_cli_cmd_search_jit_reconcile",
        "kind": "function",
        "impact_reason": "calls_modified_node",
        "target_symbol": "cmd_search"
      },
      {
        "id": "file:e14d1834ad8c",
        "path": "/Users/giapminh79/code/GitHub/sot-graph/tests/test_phase1_scip_and_schema_v5.py",
        "symbol": "test_phase1_scip_and_schema_v5.py",
        "kind": "file",
        "impact_reason": "calls_modified_node",
        "target_symbol": "cmd_search"
      },
      {
        "id": "sym:e14d1834ad8c:Phase1SchemaV5AndScipTests.test_cli_search_and_explore_json_envelope",
        "path": "/Users/giapminh79/code/GitHub/sot-graph/tests/test_phase1_scip_and_schema_v5.py",
        "symbol": "Phase1SchemaV5AndScipTests.test_cli_search_and_explore_json_envelope",
        "kind": "method",
        "impact_reason": "calls_modified_node",
        "target_symbol": "cmd_search"
      },
      {
        "id": "file:d3c0b58d9f4b",
        "path": "/Users/giapminh79/code/GitHub/sot-graph/tests/test_trust_axes.py",
        "symbol": "test_trust_axes.py",
        "kind": "file",
        "impact_reason": "calls_modified_node",
        "target_symbol": "cmd_search"
      },
      {
        "id": "sym:d3c0b58d9f4b:_search_cli",
        "path": "/Users/giapminh79/code/GitHub/sot-graph/tests/test_trust_axes.py",
        "symbol": "_search_cli",
        "kind": "function",
        "impact_reason": "calls_modified_node",
        "target_symbol": "cmd_search"
      },
      {
        "id": "file:872ddc5970de",
        "path": "/Users/giapminh79/code/GitHub/sot-graph/tests/test_navigation.py",
        "symbol": "test_navigation.py",
        "kind": "file",
        "impact_reason": "calls_modified_node",
        "target_symbol": "cmd_usages"
      },
      {
        "id": "file:7d61a587199b",
        "path": "/Users/giapminh79/code/GitHub/sot-graph/tests/test_adapters.py",
        "symbol": "test_adapters.py",
        "kind": "file",
        "impact_reason": "calls_modified_node",
        "target_symbol": "build_parser"
      },
      {
        "id": "sym:7d61a587199b:TestHarnessAdapters.test_cli_setup_pi_alias",
        "path": "/Users/giapminh79/code/GitHub/sot-graph/tests/test_adapters.py",
        "symbol": "TestHarnessAdapters.test_cli_setup_pi_alias",
        "kind": "method",
        "impact_reason": "calls_modified_node",
        "target_symbol": "build_parser"
      },
      {
        "id": "sym:7d61a587199b:TestHarnessAdapters.test_cli_setup_command",
        "path": "/Users/giapminh79/code/GitHub/sot-graph/tests/test_adapters.py",
        "symbol": "TestHarnessAdapters.test_cli_setup_command",
        "kind": "method",
        "impact_reason": "calls_modified_node",
        "target_symbol": "build_parser"
      },
      {
        "id": "file:98baf308e487",
        "path": "/Users/giapminh79/code/GitHub/sot-graph/tests/test_analytics.py",
        "symbol": "test_analytics.py",
        "kind": "file",
        "impact_reason": "calls_modified_node",
        "target_symbol": "build_parser"
      },
      {
        "id": "sym:98baf308e487:AnalyticsTests.test_cli_report_and_cluster_commands",
        "path": "/Users/giapminh79/code/GitHub/sot-graph/tests/test_analytics.py",
        "symbol": "AnalyticsTests.test_cli_report_and_cluster_commands",
        "kind": "method",
        "impact_reason": "calls_modified_node",
        "target_symbol": "build_parser"
      },
      {
        "id": "file:d2961abaf2fd",
        "path": "/Users/giapminh79/code/GitHub/sot-graph/tests/test_bundle.py",
        "symbol": "test_bundle.py",
        "kind": "file",
        "impact_reason": "calls_modified_node",
        "target_symbol": "build_parser"
      },
      {
        "id": "sym:d2961abaf2fd:TestArchitectureBundler.test_cli_cmd_bundle",
        "path": "/Users/giapminh79/code/GitHub/sot-graph/tests/test_bundle.py",
        "symbol": "TestArchitectureBundler.test_cli_cmd_bundle",
        "kind": "method",
        "impact_reason": "calls_modified_node",
        "target_symbol": "build_parser"
      },
      {
        "id": "file:08055a8da3bb",
        "path": "/Users/giapminh79/code/GitHub/sot-graph/tests/test_optimizations.py",
        "symbol": "test_optimizations.py",
        "kind": "file",
        "impact_reason": "calls_modified_node",
        "target_symbol": "build_parser"
      },
      {
        "id": "sym:08055a8da3bb:TestOptimizations.test_batch_reconcile_and_repo_discovery",
        "path": "/Users/giapminh79/code/GitHub/sot-graph/tests/test_optimizations.py",
        "symbol": "TestOptimizations.test_batch_reconcile_and_repo_discovery",
        "kind": "method",
        "impact_reason": "calls_modified_node",
        "target_symbol": "build_parser"
      },
      {
        "id": "file:f1b04f59ef79",
        "path": "/Users/giapminh79/code/GitHub/sot-graph/tests/test_export.py",
        "symbol": "test_export.py",
        "kind": "file",
        "impact_reason": "calls_modified_node",
        "target_symbol": "build_parser"
      },
      {
        "id": "sym:f1b04f59ef79:ExportTests.test_cli_viz_and_export_commands",
        "path": "/Users/giapminh79/code/GitHub/sot-graph/tests/test_export.py",
        "symbol": "ExportTests.test_cli_viz_and_export_commands",
        "kind": "method",
        "impact_reason": "calls_modified_node",
        "target_symbol": "build_parser"
      },
      {
        "id": "sym:d310c90c4013:TestDiffImpactGate._run",
        "path": "/Users/giapminh79/code/GitHub/sot-graph/tests/test_diff_impact.py",
        "symbol": "TestDiffImpactGate._run",
        "kind": "method",
        "impact_reason": "calls_modified_node",
        "target_symbol": "build_parser"
      },
      {
        "id": "sym:d310c90c4013:TestDiffImpactGate.test_gate_flag_registered",
        "path": "/Users/giapminh79/code/GitHub/sot-graph/tests/test_diff_impact.py",
        "symbol": "TestDiffImpactGate.test_gate_flag_registered",
        "kind": "method",
        "impact_reason": "calls_modified_node",
        "target_symbol": "build_parser"
      },
      {
        "id": "file:d310c90c4013",
        "path": "/Users/giapminh79/code/GitHub/sot-graph/tests/test_diff_impact.py",
        "symbol": "test_diff_impact.py",
        "kind": "file",
        "impact_reason": "calls_modified_node",
        "target_symbol": "build_parser"
      },
      {
        "id": "sym:4ddc2aaf087d:GithubRendererTests.test_cli_format_flag_choices_and_default_unchanged",
        "path": "/Users/giapminh79/code/GitHub/sot-graph/tests/test_diff_impact_github.py",
        "symbol": "GithubRendererTests.test_cli_format_flag_choices_and_default_unchanged",
        "kind": "method",
        "impact_reason": "calls_modified_node",
        "target_symbol": "build_parser"
      },
      {
        "id": "sym:4ddc2aaf087d:GithubRendererTests.test_cmd_diff_impact_github_end_to_end",
        "path": "/Users/giapminh79/code/GitHub/sot-graph/tests/test_diff_impact_github.py",
        "symbol": "GithubRendererTests.test_cmd_diff_impact_github_end_to_end",
        "kind": "method",
        "impact_reason": "calls_modified_node",
        "target_symbol": "build_parser"
      },
      {
        "id": "file:4ddc2aaf087d",
        "path": "/Users/giapminh79/code/GitHub/sot-graph/tests/test_diff_impact_github.py",
        "symbol": "test_diff_impact_github.py",
        "kind": "file",
        "impact_reason": "calls_modified_node",
        "target_symbol": "build_parser"
      },
      {
        "id": "sym:5dab7ee8ccb5:TestReconcileProvenance.test_cli_records_pipeline_provenance",
        "path": "/Users/giapminh79/code/GitHub/sot-graph/tests/test_collection_accounting.py",
        "symbol": "TestReconcileProvenance.test_cli_records_pipeline_provenance",
        "kind": "method",
        "impact_reason": "calls_modified_node",
        "target_symbol": "build_parser"
      },
      {
        "id": "file:5dab7ee8ccb5",
        "path": "/Users/giapminh79/code/GitHub/sot-graph/tests/test_collection_accounting.py",
        "symbol": "test_collection_accounting.py",
        "kind": "file",
        "impact_reason": "calls_modified_node",
        "target_symbol": "build_parser"
      },
      {
        "id": "sym:4afdaea1f910:TestSurfaceWiring._cli_json",
        "path": "/Users/giapminh79/code/GitHub/sot-graph/tests/test_impact_pipeline.py",
        "symbol": "TestSurfaceWiring._cli_json",
        "kind": "method",
        "impact_reason": "calls_modified_node",
        "target_symbol": "build_parser"
      },
      {
        "id": "sym:4afdaea1f910:_cli_diff_json",
        "path": "/Users/giapminh79/code/GitHub/sot-graph/tests/test_impact_pipeline.py",
        "symbol": "_cli_diff_json",
        "kind": "function",
        "impact_reason": "calls_modified_node",
        "target_symbol": "build_parser"
      },
      {
        "id": "file:4afdaea1f910",
        "path": "/Users/giapminh79/code/GitHub/sot-graph/tests/test_impact_pipeline.py",
        "symbol": "test_impact_pipeline.py",
        "kind": "file",
        "impact_reason": "calls_modified_node",
        "target_symbol": "build_parser"
      },
      {
        "id": "sym:7f511fdf0995:CrossCheckTests.test_cli_subcommand_wiring",
        "path": "/Users/giapminh79/code/GitHub/sot-graph/tests/test_providers_cross_check.py",
        "symbol": "CrossCheckTests.test_cli_subcommand_wiring",
        "kind": "method",
        "impact_reason": "calls_modified_node",
        "target_symbol": "build_parser"
      },
      {
        "id": "sym:7f511fdf0995:CrossCheckReceiptTests.test_cli_receipt_flag_wiring",
        "path": "/Users/giapminh79/code/GitHub/sot-graph/tests/test_providers_cross_check.py",
        "symbol": "CrossCheckReceiptTests.test_cli_receipt_flag_wiring",
        "kind": "method",
        "impact_reason": "calls_modified_node",
        "target_symbol": "build_parser"
      },
      {
        "id": "file:7f511fdf0995",
        "path": "/Users/giapminh79/code/GitHub/sot-graph/tests/test_providers_cross_check.py",
        "symbol": "test_providers_cross_check.py",
        "kind": "file",
        "impact_reason": "calls_modified_node",
        "target_symbol": "build_parser"
      },
      {
        "id": "sym:f058a7d050ab:_cli_diff_json",
        "path": "/Users/giapminh79/code/GitHub/sot-graph/tests/test_sg107_stress.py",
        "symbol": "_cli_diff_json",
        "kind": "function",
        "impact_reason": "calls_modified_node",
        "target_symbol": "build_parser"
      },
      {
        "id": "file:f058a7d050ab",
        "path": "/Users/giapminh79/code/GitHub/sot-graph/tests/test_sg107_stress.py",
        "symbol": "test_sg107_stress.py",
        "kind": "file",
        "impact_reason": "calls_modified_node",
        "target_symbol": "build_parser"
      },
      {
        "id": "file:a0fd26ba8176",
        "path": "/Users/giapminh79/code/GitHub/sot-graph/tests/test_report_conformance.py",
        "symbol": "test_report_conformance.py",
        "kind": "file",
        "impact_reason": "calls_modified_node",
        "target_symbol": "build_parser"
      },
      {
        "id": "sym:a0fd26ba8176:TestShippedPathIntegration.test_cli_report_receives_real_denominators",
        "path": "/Users/giapminh79/code/GitHub/sot-graph/tests/test_report_conformance.py",
        "symbol": "TestShippedPathIntegration.test_cli_report_receives_real_denominators",
        "kind": "method",
        "impact_reason": "calls_modified_node",
        "target_symbol": "build_parser"
      },
      {
        "id": "sym:398155064175:TestDeadProviderDegrades.test_require_blocked_by_config_exit_code_is_stable",
        "path": "/Users/giapminh79/code/GitHub/sot-graph/tests/test_p2_orchestrator.py",
        "symbol": "TestDeadProviderDegrades.test_require_blocked_by_config_exit_code_is_stable",
        "kind": "method",
        "impact_reason": "calls_modified_node",
        "target_symbol": "main"
      },
      {
        "id": "file:51828cb5b765",
        "path": "/Users/giapminh79/code/GitHub/sot-graph/tests/test_providers_registry.py",
        "symbol": "test_providers_registry.py",
        "kind": "file",
        "impact_reason": "calls_modified_node",
        "target_symbol": "main"
      },
      {
        "id": "sym:51828cb5b765:TestCliProviders.test_detect_json_smoke",
        "path": "/Users/giapminh79/code/GitHub/sot-graph/tests/test_providers_registry.py",
        "symbol": "TestCliProviders.test_detect_json_smoke",
        "kind": "method",
        "impact_reason": "calls_modified_node",
        "target_symbol": "main"
      },
      {
        "id": "sym:51828cb5b765:TestCliProviders.test_doctor_exit_code_zero_when_optional_missing",
        "path": "/Users/giapminh79/code/GitHub/sot-graph/tests/test_providers_registry.py",
        "symbol": "TestCliProviders.test_doctor_exit_code_zero_when_optional_missing",
        "kind": "method",
        "impact_reason": "calls_modified_node",
        "target_symbol": "main"
      },
      {
        "id": "sym:51828cb5b765:TestCliProviders.test_doctor_exit_code_one_when_required_unhealthy",
        "path": "/Users/giapminh79/code/GitHub/sot-graph/tests/test_providers_registry.py",
        "symbol": "TestCliProviders.test_doctor_exit_code_one_when_required_unhealthy",
        "kind": "method",
        "impact_reason": "calls_modified_node",
        "target_symbol": "main"
      },
      {
        "id": "sym:51828cb5b765:TestCliProviders.test_resolve_json_returns_ranked_list",
        "path": "/Users/giapminh79/code/GitHub/sot-graph/tests/test_providers_registry.py",
        "symbol": "TestCliProviders.test_resolve_json_returns_ranked_list",
        "kind": "method",
        "impact_reason": "calls_modified_node",
        "target_symbol": "main"
      },
      {
        "id": "sym:51828cb5b765:TestCliProviders.test_list_json_lists_all_configured",
        "path": "/Users/giapminh79/code/GitHub/sot-graph/tests/test_providers_registry.py",
        "symbol": "TestCliProviders.test_list_json_lists_all_configured",
        "kind": "method",
        "impact_reason": "calls_modified_node",
        "target_symbol": "main"
      },
      {
        "id": "file:21c603c57c3d",
        "path": "/Users/giapminh79/code/GitHub/sot-graph/tests/test_storage_integrity.py",
        "symbol": "test_storage_integrity.py",
        "kind": "file",
        "impact_reason": "calls_modified_node",
        "target_symbol": "main"
      },
      {
        "id": "sym:21c603c57c3d:test_doctor_cli_text_and_json",
        "path": "/Users/giapminh79/code/GitHub/sot-graph/tests/test_storage_integrity.py",
        "symbol": "test_doctor_cli_text_and_json",
        "kind": "function",
        "impact_reason": "calls_modified_node",
        "target_symbol": "main"
      },
      {
        "id": "file:af09c15f617b",
        "path": "/Users/giapminh79/code/GitHub/sot-graph/tests/test_cli_provider_wiring.py",
        "symbol": "test_cli_provider_wiring.py",
        "kind": "file",
        "impact_reason": "calls_modified_node",
        "target_symbol": "main"
      },
      {
        "id": "sym:af09c15f617b:TestBuiltinDefault.test_default_builtin_never_spawns",
        "path": "/Users/giapminh79/code/GitHub/sot-graph/tests/test_cli_provider_wiring.py",
        "symbol": "TestBuiltinDefault.test_default_builtin_never_spawns",
        "kind": "method",
        "impact_reason": "calls_modified_node",
        "target_symbol": "main"
      },
      {
        "id": "sym:af09c15f617b:TestBuiltinDefault.test_explicit_builtin_flag_identical",
        "path": "/Users/giapminh79/code/GitHub/sot-graph/tests/test_cli_provider_wiring.py",
        "symbol": "TestBuiltinDefault.test_explicit_builtin_flag_identical",
        "kind": "method",
        "impact_reason": "calls_modified_node",
        "target_symbol": "main"
      },
      {
        "id": "sym:af09c15f617b:TestAllowExternalGate.test_blocked_prefer_warns_and_falls_back",
        "path": "/Users/giapminh79/code/GitHub/sot-graph/tests/test_cli_provider_wiring.py",
        "symbol": "TestAllowExternalGate.test_blocked_prefer_warns_and_falls_back",
        "kind": "method",
        "impact_reason": "calls_modified_node",
        "target_symbol": "main"
      },
      {
        "id": "sym:af09c15f617b:TestAllowExternalGate.test_blocked_require_fails_closed",
        "path": "/Users/giapminh79/code/GitHub/sot-graph/tests/test_cli_provider_wiring.py",
        "symbol": "TestAllowExternalGate.test_blocked_require_fails_closed",
        "kind": "method",
        "impact_reason": "calls_modified_node",
        "target_symbol": "main"
      },
      {
        "id": "sym:af09c15f617b:TestAllowExternalGate.test_invalid_spec_rejected",
        "path": "/Users/giapminh79/code/GitHub/sot-graph/tests/test_cli_provider_wiring.py",
        "symbol": "TestAllowExternalGate.test_invalid_spec_rejected",
        "kind": "method",
        "impact_reason": "calls_modified_node",
        "target_symbol": "main"
      },
      {
        "id": "sym:af09c15f617b:TestRequireFailsClosedUnhealthy.test_unhealthy_binary_require_exits_nonzero",
        "path": "/Users/giapminh79/code/GitHub/sot-graph/tests/test_cli_provider_wiring.py",
        "symbol": "TestRequireFailsClosedUnhealthy.test_unhealthy_binary_require_exits_nonzero",
        "kind": "method",
        "impact_reason": "calls_modified_node",
        "target_symbol": "main"
      },
      {
        "id": "sym:af09c15f617b:TestRequireFailsClosedUnhealthy.test_missing_binary_prefer_falls_back",
        "path": "/Users/giapminh79/code/GitHub/sot-graph/tests/test_cli_provider_wiring.py",
        "symbol": "TestRequireFailsClosedUnhealthy.test_missing_binary_prefer_falls_back",
        "kind": "method",
        "impact_reason": "calls_modified_node",
        "target_symbol": "main"
      },
      {
        "id": "sym:af09c15f617b:TestMergeOrderAndVerdict.test_candidates_after_builtin_with_ceiling_and_provider_tag",
        "path": "/Users/giapminh79/code/GitHub/sot-graph/tests/test_cli_provider_wiring.py",
        "symbol": "TestMergeOrderAndVerdict.test_candidates_after_builtin_with_ceiling_and_provider_tag",
        "kind": "method",
        "impact_reason": "calls_modified_node",
        "target_symbol": "main"
      },
      {
        "id": "sym:af09c15f617b:TestMergeOrderAndVerdict.test_target_mismatch_recorded_as_conflict",
        "path": "/Users/giapminh79/code/GitHub/sot-graph/tests/test_cli_provider_wiring.py",
        "symbol": "TestMergeOrderAndVerdict.test_target_mismatch_recorded_as_conflict",
        "kind": "method",
        "impact_reason": "calls_modified_node",
        "target_symbol": "main"
      },
      {
        "id": "sym:af09c15f617b:TestTruncationPropagation.test_has_more_sets_truncated_true",
        "path": "/Users/giapminh79/code/GitHub/sot-graph/tests/test_cli_provider_wiring.py",
        "symbol": "TestTruncationPropagation.test_has_more_sets_truncated_true",
        "kind": "method",
        "impact_reason": "calls_modified_node",
        "target_symbol": "main"
      },
      {
        "id": "sym:af09c15f617b:TestProvidersSync.test_sync_invokes_index_and_emits_receipt",
        "path": "/Users/giapminh79/code/GitHub/sot-graph/tests/test_cli_provider_wiring.py",
        "symbol": "TestProvidersSync.test_sync_invokes_index_and_emits_receipt",
        "kind": "method",
        "impact_reason": "calls_modified_node",
        "target_symbol": "main"
      },
      {
        "id": "sym:af09c15f617b:TestProvidersSync.test_sync_unknown_provider_fails_cleanly",
        "path": "/Users/giapminh79/code/GitHub/sot-graph/tests/test_cli_provider_wiring.py",
        "symbol": "TestProvidersSync.test_sync_unknown_provider_fails_cleanly",
        "kind": "method",
        "impact_reason": "calls_modified_node",
        "target_symbol": "main"
      },
      {
        "id": "sym:41fa6bfbed48:HardeningFixesTests.test_cli_handles_lock_busy_and_runtime_error",
        "path": "/Users/giapminh79/code/GitHub/sot-graph/tests/test_hardening_fixes.py",
        "symbol": "HardeningFixesTests.test_cli_handles_lock_busy_and_runtime_error",
        "kind": "method",
        "impact_reason": "calls_modified_node",
        "target_symbol": "main"
      },
      {
        "id": "file:41fa6bfbed48",
        "path": "/Users/giapminh79/code/GitHub/sot-graph/tests/test_hardening_fixes.py",
        "symbol": "test_hardening_fixes.py",
        "kind": "file",
        "impact_reason": "calls_modified_node",
        "target_symbol": "main"
      },
      {
        "id": "file:7c588472908f",
        "path": "/Users/giapminh79/code/GitHub/sot-graph/tests/test_engine_admin.py",
        "symbol": "test_engine_admin.py",
        "kind": "file",
        "impact_reason": "calls_modified_node",
        "target_symbol": "main"
      },
      {
        "id": "sym:7c588472908f:test_install_promote_rollback_and_status",
        "path": "/Users/giapminh79/code/GitHub/sot-graph/tests/test_engine_admin.py",
        "symbol": "test_install_promote_rollback_and_status",
        "kind": "function",
        "impact_reason": "calls_modified_node",
        "target_symbol": "main"
      },
      {
        "id": "sym:7c588472908f:test_wrong_digest_refused_and_unknown_data_preserved",
        "path": "/Users/giapminh79/code/GitHub/sot-graph/tests/test_engine_admin.py",
        "symbol": "test_wrong_digest_refused_and_unknown_data_preserved",
        "kind": "function",
        "impact_reason": "calls_modified_node",
        "target_symbol": "main"
      },
      {
        "id": "sym:7c588472908f:test_operational_exit_and_multi_artifact_registry",
        "path": "/Users/giapminh79/code/GitHub/sot-graph/tests/test_engine_admin.py",
        "symbol": "test_operational_exit_and_multi_artifact_registry",
        "kind": "function",
        "impact_reason": "calls_modified_node",
        "target_symbol": "main"
      },
      {
        "id": "sym:7c588472908f:test_administration_errors_are_bounded",
        "path": "/Users/giapminh79/code/GitHub/sot-graph/tests/test_engine_admin.py",
        "symbol": "test_administration_errors_are_bounded",
        "kind": "function",
        "impact_reason": "calls_modified_node",
        "target_symbol": "main"
      },
      {
        "id": "sym:7c588472908f:test_uninstall_missing_is_read_only",
        "path": "/Users/giapminh79/code/GitHub/sot-graph/tests/test_engine_admin.py",
        "symbol": "test_uninstall_missing_is_read_only",
        "kind": "function",
        "impact_reason": "calls_modified_node",
        "target_symbol": "main"
      },
      {
        "id": "sym:7c588472908f:test_no_raw_execution_surface",
        "path": "/Users/giapminh79/code/GitHub/sot-graph/tests/test_engine_admin.py",
        "symbol": "test_no_raw_execution_surface",
        "kind": "function",
        "impact_reason": "calls_modified_node",
        "target_symbol": "main"
      },
      {
        "id": "file:eb1f53425d6d",
        "path": "/Users/giapminh79/code/GitHub/sot-graph/tests/test_gs_surface_catalog.py",
        "symbol": "test_gs_surface_catalog.py",
        "kind": "file",
        "impact_reason": "calls_modified_node",
        "target_symbol": "main"
      },
      {
        "id": "sym:eb1f53425d6d:test_sur03_sur04_entry_points_and_help_are_sot_only",
        "path": "/Users/giapminh79/code/GitHub/sot-graph/tests/test_gs_surface_catalog.py",
        "symbol": "test_sur03_sur04_entry_points_and_help_are_sot_only",
        "kind": "function",
        "impact_reason": "calls_modified_node",
        "target_symbol": "main"
      },
      {
        "id": "file:0b899b2ef407",
        "path": "/Users/giapminh79/code/GitHub/sot-graph/tests/test_gs_surface_lifecycle.py",
        "symbol": "test_gs_surface_lifecycle.py",
        "kind": "file",
        "impact_reason": "calls_modified_node",
        "target_symbol": "main"
      },
      {
        "id": "sym:0b899b2ef407:test_sur12_sot_only_upgrade_recovery_and_uninstall.command",
        "path": "/Users/giapminh79/code/GitHub/sot-graph/tests/test_gs_surface_lifecycle.py",
        "symbol": "test_sur12_sot_only_upgrade_recovery_and_uninstall.command",
        "kind": "method",
        "impact_reason": "calls_modified_node",
        "target_symbol": "main"
      },
      {
        "id": "file:42626f773bdb",
        "path": "/Users/giapminh79/code/GitHub/sot-graph/tests/test_engine_trusted_config.py",
        "symbol": "test_engine_trusted_config.py",
        "kind": "file",
        "impact_reason": "calls_modified_node",
        "target_symbol": "main"
      },
      {
        "id": "sym:42626f773bdb:test_cli_register_status_disable_persist_without_native",
        "path": "/Users/giapminh79/code/GitHub/sot-graph/tests/test_engine_trusted_config.py",
        "symbol": "test_cli_register_status_disable_persist_without_native",
        "kind": "function",
        "impact_reason": "calls_modified_node",
        "target_symbol": "main"
      },
      {
        "id": "sym:42626f773bdb:test_cli_default_off_does_not_create_config",
        "path": "/Users/giapminh79/code/GitHub/sot-graph/tests/test_engine_trusted_config.py",
        "symbol": "test_cli_default_off_does_not_create_config",
        "kind": "function",
        "impact_reason": "calls_modified_node",
        "target_symbol": "main"
      },
      {
        "id": "sym:42626f773bdb:test_cli_register_rejects_real_protocol_mismatch",
        "path": "/Users/giapminh79/code/GitHub/sot-graph/tests/test_engine_trusted_config.py",
        "symbol": "test_cli_register_rejects_real_protocol_mismatch",
        "kind": "function",
        "impact_reason": "calls_modified_node",
        "target_symbol": "main"
      },
      {
        "id": "sym:42626f773bdb:test_cli_cannot_select_trusted_config_path",
        "path": "/Users/giapminh79/code/GitHub/sot-graph/tests/test_engine_trusted_config.py",
        "symbol": "test_cli_cannot_select_trusted_config_path",
        "kind": "function",
        "impact_reason": "calls_modified_node",
        "target_symbol": "main"
      },
      {
        "id": "file:143ab3c80e53",
        "path": "/Users/giapminh79/code/GitHub/sot-graph/tests/test_p8_omp_integration.py",
        "symbol": "test_p8_omp_integration.py",
        "kind": "file",
        "impact_reason": "calls_modified_node",
        "target_symbol": "McpServiceError"
      },
      {
        "id": "file:9a8760b5c178",
        "path": "/Users/giapminh79/code/GitHub/sot-graph/tests/test_mcp_modern.py",
        "symbol": "test_mcp_modern.py",
        "kind": "file",
        "impact_reason": "calls_modified_node",
        "target_symbol": "McpServiceError"
      },
      {
        "id": "file:dbd598560bb3",
        "path": "/Users/giapminh79/code/GitHub/sot-graph/tests/test_mcp.py",
        "symbol": "test_mcp.py",
        "kind": "file",
        "impact_reason": "calls_modified_node",
        "target_symbol": "McpServiceError"
      },
      {
        "id": "sym:dbd598560bb3:TestMcpDebtR5._legacy_fits",
        "path": "/Users/giapminh79/code/GitHub/sot-graph/tests/test_mcp.py",
        "symbol": "TestMcpDebtR5._legacy_fits",
        "kind": "method",
        "impact_reason": "calls_modified_node",
        "target_symbol": "McpServiceError"
      },
      {
        "id": "file:b476db0d78ee",
        "path": "/Users/giapminh79/code/GitHub/sot-graph/tests/test_sg201_repo_map_filters.py",
        "symbol": "test_sg201_repo_map_filters.py",
        "kind": "file",
        "impact_reason": "calls_modified_node",
        "target_symbol": "McpServiceError"
      },
      {
        "id": "file:c0b0e96e962a",
        "path": "/Users/giapminh79/code/GitHub/sot-graph/tests/test_cbm_contract_parity.py",
        "symbol": "test_cbm_contract_parity.py",
        "kind": "file",
        "impact_reason": "calls_modified_node",
        "target_symbol": "McpServiceError"
      },
      {
        "id": "sym:eb1f53425d6d:test_sur02_exception_results_are_errors_without_private_diagnostics.failing",
        "path": "/Users/giapminh79/code/GitHub/sot-graph/tests/test_gs_surface_catalog.py",
        "symbol": "test_sur02_exception_results_are_errors_without_private_diagnostics.failing",
        "kind": "method",
        "impact_reason": "calls_modified_node",
        "target_symbol": "McpServiceError"
      },
      {
        "id": "file:1747a3cf05a2",
        "path": "/Users/giapminh79/code/GitHub/sot-graph/tests/test_managed_policy_parity.py",
        "symbol": "test_managed_policy_parity.py",
        "kind": "file",
        "impact_reason": "calls_modified_node",
        "target_symbol": "McpServiceError"
      },
      {
        "id": "sym:1747a3cf05a2:test_builtin_error_serialization_remains_code_message_only",
        "path": "/Users/giapminh79/code/GitHub/sot-graph/tests/test_managed_policy_parity.py",
        "symbol": "test_builtin_error_serialization_remains_code_message_only",
        "kind": "function",
        "impact_reason": "calls_modified_node",
        "target_symbol": "McpServiceError"
      },
      {
        "id": "sym:143ab3c80e53:TestMcpAssuranceInputs.test_search_policy_and_budget_params",
        "path": "/Users/giapminh79/code/GitHub/sot-graph/tests/test_p8_omp_integration.py",
        "symbol": "TestMcpAssuranceInputs.test_search_policy_and_budget_params",
        "kind": "method",
        "impact_reason": "calls_modified_node",
        "target_symbol": "McpService"
      },
      {
        "id": "sym:143ab3c80e53:TestMcpAssuranceInputs.test_scope_receipt_and_diff_impact_receipt",
        "path": "/Users/giapminh79/code/GitHub/sot-graph/tests/test_p8_omp_integration.py",
        "symbol": "TestMcpAssuranceInputs.test_scope_receipt_and_diff_impact_receipt",
        "kind": "method",
        "impact_reason": "calls_modified_node",
        "target_symbol": "McpService"
      },
      {
        "id": "sym:e14d1834ad8c:Phase1SchemaV5AndScipTests.test_mcp_service_includes_providers_in_responses",
        "path": "/Users/giapminh79/code/GitHub/sot-graph/tests/test_phase1_scip_and_schema_v5.py",
        "symbol": "Phase1SchemaV5AndScipTests.test_mcp_service_includes_providers_in_responses",
        "kind": "method",
        "impact_reason": "calls_modified_node",
        "target_symbol": "McpService"
      },
      {
        "id": "sym:c9f64b1d74ed:TestZeroResultIsNotNegativeClaim.test_mcp_search_response_has_coverage",
        "path": "/Users/giapminh79/code/GitHub/sot-graph/tests/test_p5_coverage_verification.py",
        "symbol": "TestZeroResultIsNotNegativeClaim.test_mcp_search_response_has_coverage",
        "kind": "method",
        "impact_reason": "calls_modified_node",
        "target_symbol": "McpService"
      },
      {
        "id": "file:c9f64b1d74ed",
        "path": "/Users/giapminh79/code/GitHub/sot-graph/tests/test_p5_coverage_verification.py",
        "symbol": "test_p5_coverage_verification.py",
        "kind": "file",
        "impact_reason": "calls_modified_node",
        "target_symbol": "McpService"
      },
      {
        "id": "sym:9a8760b5c178:McpModernTests.setUp",
        "path": "/Users/giapminh79/code/GitHub/sot-graph/tests/test_mcp_modern.py",
        "symbol": "McpModernTests.setUp",
        "kind": "method",
        "impact_reason": "calls_modified_node",
        "target_symbol": "McpService"
      },
      {
        "id": "sym:081f2612ac35:TestMcpWritePath.test_providers_sync_records_run_and_evidence",
        "path": "/Users/giapminh79/code/GitHub/sot-graph/tests/test_p6_ledger.py",
        "symbol": "TestMcpWritePath.test_providers_sync_records_run_and_evidence",
        "kind": "method",
        "impact_reason": "calls_modified_node",
        "target_symbol": "McpService"
      },
      {
        "id": "sym:081f2612ac35:TestMcpWritePath.test_search_still_read_only",
        "path": "/Users/giapminh79/code/GitHub/sot-graph/tests/test_p6_ledger.py",
        "symbol": "TestMcpWritePath.test_search_still_read_only",
        "kind": "method",
        "impact_reason": "calls_modified_node",
        "target_symbol": "McpService"
      },
      {
        "id": "file:081f2612ac35",
        "path": "/Users/giapminh79/code/GitHub/sot-graph/tests/test_p6_ledger.py",
        "symbol": "test_p6_ledger.py",
        "kind": "file",
        "impact_reason": "calls_modified_node",
        "target_symbol": "McpService"
      },
      {
        "id": "file:bafaa559d09b",
        "path": "/Users/giapminh79/code/GitHub/sot-graph/tests/test_solution_trace.py",
        "symbol": "test_solution_trace.py",
        "kind": "file",
        "impact_reason": "calls_modified_node",
        "target_symbol": "McpService"
      },
      {
        "id": "sym:bafaa559d09b:TestSolutionAndTraceEngine.test_mcp_service_async_primitives",
        "path": "/Users/giapminh79/code/GitHub/sot-graph/tests/test_solution_trace.py",
        "symbol": "TestSolutionAndTraceEngine.test_mcp_service_async_primitives",
        "kind": "method",
        "impact_reason": "calls_modified_node",
        "target_symbol": "McpService"
      },
      {
        "id": "sym:b8b6031dfc71:McpPromptTests.setUp",
        "path": "/Users/giapminh79/code/GitHub/sot-graph/tests/test_mcp_prompts.py",
        "symbol": "McpPromptTests.setUp",
        "kind": "method",
        "impact_reason": "calls_modified_node",
        "target_symbol": "McpService"
      },
      {
        "id": "file:b8b6031dfc71",
        "path": "/Users/giapminh79/code/GitHub/sot-graph/tests/test_mcp_prompts.py",
        "symbol": "test_mcp_prompts.py",
        "kind": "file",
        "impact_reason": "calls_modified_node",
        "target_symbol": "McpService"
      },
      {
        "id": "sym:dbd598560bb3:TestMcpService.setUp",
        "path": "/Users/giapminh79/code/GitHub/sot-graph/tests/test_mcp.py",
        "symbol": "TestMcpService.setUp",
        "kind": "method",
        "impact_reason": "calls_modified_node",
        "target_symbol": "McpService"
      },
      {
        "id": "sym:dbd598560bb3:TestMcpDebtR5.setUp",
        "path": "/Users/giapminh79/code/GitHub/sot-graph/tests/test_mcp.py",
        "symbol": "TestMcpDebtR5.setUp",
        "kind": "method",
        "impact_reason": "calls_modified_node",
        "target_symbol": "McpService"
      },
      {
        "id": "sym:dbd598560bb3:TestMcpDebtR5.test_fits_response_matches_legacy_reference_on_shapes",
        "path": "/Users/giapminh79/code/GitHub/sot-graph/tests/test_mcp.py",
        "symbol": "TestMcpDebtR5.test_fits_response_matches_legacy_reference_on_shapes",
        "kind": "method",
        "impact_reason": "calls_modified_node",
        "target_symbol": "McpService"
      },
      {
        "id": "sym:dbd598560bb3:TestMcpDebtR5.test_fits_response_small_payload_untouched",
        "path": "/Users/giapminh79/code/GitHub/sot-graph/tests/test_mcp.py",
        "symbol": "TestMcpDebtR5.test_fits_response_small_payload_untouched",
        "kind": "method",
        "impact_reason": "calls_modified_node",
        "target_symbol": "McpService"
      },
      {
        "id": "sym:d310c90c4013:TestMcpServiceDiffImpact.setUp",
        "path": "/Users/giapminh79/code/GitHub/sot-graph/tests/test_diff_impact.py",
        "symbol": "TestMcpServiceDiffImpact.setUp",
        "kind": "method",
        "impact_reason": "calls_modified_node",
        "target_symbol": "McpService"
      },
      {
        "id": "sym:90bc0983d900:test_mcp_fits_response_surrogateescape",
        "path": "/Users/giapminh79/code/GitHub/sot-graph/tests/test_trust_chain_hardening.py",
        "symbol": "test_mcp_fits_response_surrogateescape",
        "kind": "function",
        "impact_reason": "calls_modified_node",
        "target_symbol": "McpService"
      },
      {
        "id": "sym:90bc0983d900:test_mcp_diff_impact_receipt_fits_response_truncation",
        "path": "/Users/giapminh79/code/GitHub/sot-graph/tests/test_trust_chain_hardening.py",
        "symbol": "test_mcp_diff_impact_receipt_fits_response_truncation",
        "kind": "function",
        "impact_reason": "calls_modified_node",
        "target_symbol": "McpService"
      },
      {
        "id": "sym:90bc0983d900:test_mcp_transport_truncation_degrades_assurance",
        "path": "/Users/giapminh79/code/GitHub/sot-graph/tests/test_trust_chain_hardening.py",
        "symbol": "test_mcp_transport_truncation_degrades_assurance",
        "kind": "function",
        "impact_reason": "calls_modified_node",
        "target_symbol": "McpService"
      },
      {
        "id": "sym:90bc0983d900:test_mcp_small_receipt_payload_assurance_untouched",
        "path": "/Users/giapminh79/code/GitHub/sot-graph/tests/test_trust_chain_hardening.py",
        "symbol": "test_mcp_small_receipt_payload_assurance_untouched",
        "kind": "function",
        "impact_reason": "calls_modified_node",
        "target_symbol": "McpService"
      },
      {
        "id": "sym:90bc0983d900:test_mcp_diff_impact_default_target_is_head",
        "path": "/Users/giapminh79/code/GitHub/sot-graph/tests/test_trust_chain_hardening.py",
        "symbol": "test_mcp_diff_impact_default_target_is_head",
        "kind": "function",
        "impact_reason": "calls_modified_node",
        "target_symbol": "McpService"
      },
      {
        "id": "sym:90bc0983d900:test_mcp_diff_impact_receipt_default_target_is_head",
        "path": "/Users/giapminh79/code/GitHub/sot-graph/tests/test_trust_chain_hardening.py",
        "symbol": "test_mcp_diff_impact_receipt_default_target_is_head",
        "kind": "function",
        "impact_reason": "calls_modified_node",
        "target_symbol": "McpService"
      },
      {
        "id": "file:90bc0983d900",
        "path": "/Users/giapminh79/code/GitHub/sot-graph/tests/test_trust_chain_hardening.py",
        "symbol": "test_trust_chain_hardening.py",
        "kind": "file",
        "impact_reason": "calls_modified_node",
        "target_symbol": "McpService"
      },
      {
        "id": "sym:5dab7ee8ccb5:TestReconcileProvenance.test_mcp_auto_reconcile_records_surface_pre",
        "path": "/Users/giapminh79/code/GitHub/sot-graph/tests/test_collection_accounting.py",
        "symbol": "TestReconcileProvenance.test_mcp_auto_reconcile_records_surface_pre",
        "kind": "method",
        "impact_reason": "calls_modified_node",
        "target_symbol": "McpService"
      },
      {
        "id": "sym:5dab7ee8ccb5:TestTransportTrimInterplay.test_collection_truncated_receipt_survives_transport_trim._service",
        "path": "/Users/giapminh79/code/GitHub/sot-graph/tests/test_collection_accounting.py",
        "symbol": "TestTransportTrimInterplay.test_collection_truncated_receipt_survives_transport_trim._service",
        "kind": "method",
        "impact_reason": "calls_modified_node",
        "target_symbol": "McpService"
      },
      {
        "id": "sym:4afdaea1f910:TestSurfaceWiring._service",
        "path": "/Users/giapminh79/code/GitHub/sot-graph/tests/test_impact_pipeline.py",
        "symbol": "TestSurfaceWiring._service",
        "kind": "method",
        "impact_reason": "calls_modified_node",
        "target_symbol": "McpService"
      },
      {
        "id": "sym:4afdaea1f910:TestSurfaceWiring.test_mcp_diff_impact_trim_degrades_embedded_assurance",
        "path": "/Users/giapminh79/code/GitHub/sot-graph/tests/test_impact_pipeline.py",
        "symbol": "TestSurfaceWiring.test_mcp_diff_impact_trim_degrades_embedded_assurance",
        "kind": "method",
        "impact_reason": "calls_modified_node",
        "target_symbol": "McpService"
      },
      {
        "id": "sym:4afdaea1f910:_service_of",
        "path": "/Users/giapminh79/code/GitHub/sot-graph/tests/test_impact_pipeline.py",
        "symbol": "_service_of",
        "kind": "function",
        "impact_reason": "calls_modified_node",
        "target_symbol": "McpService"
      },
      {
        "id": "file:8d8facd09c31",
        "path": "/Users/giapminh79/code/GitHub/sot-graph/tests/test_sprint4_compass_and_pack.py",
        "symbol": "test_sprint4_compass_and_pack.py",
        "kind": "file",
        "impact_reason": "calls_modified_node",
        "target_symbol": "McpService"
      },
      {
        "id": "sym:8d8facd09c31:Sprint4CompassAndPackTests.test_mcp_explore_structured_hops",
        "path": "/Users/giapminh79/code/GitHub/sot-graph/tests/test_sprint4_compass_and_pack.py",
        "symbol": "Sprint4CompassAndPackTests.test_mcp_explore_structured_hops",
        "kind": "method",
        "impact_reason": "calls_modified_node",
        "target_symbol": "McpService"
      },
      {
        "id": "file:1e037f5c17d0",
        "path": "/Users/giapminh79/code/GitHub/sot-graph/tests/test_repo_map.py",
        "symbol": "test_repo_map.py",
        "kind": "file",
        "impact_reason": "calls_modified_node",
        "target_symbol": "McpService"
      },
      {
        "id": "sym:1e037f5c17d0:McpMapAndNotesTests.setUp",
        "path": "/Users/giapminh79/code/GitHub/sot-graph/tests/test_repo_map.py",
        "symbol": "McpMapAndNotesTests.setUp",
        "kind": "method",
        "impact_reason": "calls_modified_node",
        "target_symbol": "McpService"
      },
      {
        "id": "sym:27d462be5c4b:BareNameRankingTestCase._mcp",
        "path": "/Users/giapminh79/code/GitHub/sot-graph/tests/test_search_bare_name_ranking.py",
        "symbol": "BareNameRankingTestCase._mcp",
        "kind": "method",
        "impact_reason": "calls_modified_node",
        "target_symbol": "McpService"
      },
      {
        "id": "file:27d462be5c4b",
        "path": "/Users/giapminh79/code/GitHub/sot-graph/tests/test_search_bare_name_ranking.py",
        "symbol": "test_search_bare_name_ranking.py",
        "kind": "file",
        "impact_reason": "calls_modified_node",
        "target_symbol": "McpService"
      },
      {
        "id": "sym:f058a7d050ab:_service_of",
        "path": "/Users/giapminh79/code/GitHub/sot-graph/tests/test_sg107_stress.py",
        "symbol": "_service_of",
        "kind": "function",
        "impact_reason": "calls_modified_node",
        "target_symbol": "McpService"
      },
      {
        "id": "sym:f058a7d050ab:TestCharacterizationResidualRisks._fits",
        "path": "/Users/giapminh79/code/GitHub/sot-graph/tests/test_sg107_stress.py",
        "symbol": "TestCharacterizationResidualRisks._fits",
        "kind": "method",
        "impact_reason": "calls_modified_node",
        "target_symbol": "McpService"
      },
      {
        "id": "sym:b476db0d78ee:RepoMapFilterSurfaceTests.test_mcp_repo_map_returns_filters_and_opt_in",
        "path": "/Users/giapminh79/code/GitHub/sot-graph/tests/test_sg201_repo_map_filters.py",
        "symbol": "RepoMapFilterSurfaceTests.test_mcp_repo_map_returns_filters_and_opt_in",
        "kind": "method",
        "impact_reason": "calls_modified_node",
        "target_symbol": "McpService"
      },
      {
        "id": "sym:b476db0d78ee:RepoMapFilterSurfaceTests.test_mcp_repo_map_rejects_unknown_category",
        "path": "/Users/giapminh79/code/GitHub/sot-graph/tests/test_sg201_repo_map_filters.py",
        "symbol": "RepoMapFilterSurfaceTests.test_mcp_repo_map_rejects_unknown_category",
        "kind": "method",
        "impact_reason": "calls_modified_node",
        "target_symbol": "McpService"
      },
      {
        "id": "sym:a0fd26ba8176:TestShippedPathIntegration.test_mcp_report_receives_real_denominators",
        "path": "/Users/giapminh79/code/GitHub/sot-graph/tests/test_report_conformance.py",
        "symbol": "TestShippedPathIntegration.test_mcp_report_receives_real_denominators",
        "kind": "method",
        "impact_reason": "calls_modified_node",
        "target_symbol": "McpService"
      },
      {
        "id": "file:23a7d8cbff5f",
        "path": "/Users/giapminh79/code/GitHub/sot-graph/tests/test_sg202_pack_completeness.py",
        "symbol": "test_sg202_pack_completeness.py",
        "kind": "file",
        "impact_reason": "calls_modified_node",
        "target_symbol": "McpService"
      },
      {
        "id": "sym:23a7d8cbff5f:SG202PackCompletenessTests.test_mcp_surface_reports_honesty_fields",
        "path": "/Users/giapminh79/code/GitHub/sot-graph/tests/test_sg202_pack_completeness.py",
        "symbol": "SG202PackCompletenessTests.test_mcp_surface_reports_honesty_fields",
        "kind": "method",
        "impact_reason": "calls_modified_node",
        "target_symbol": "McpService"
      },
      {
        "id": "sym:d3c0b58d9f4b:TestMcpSearchAxes.test_results_carry_axes_and_contract",
        "path": "/Users/giapminh79/code/GitHub/sot-graph/tests/test_trust_axes.py",
        "symbol": "TestMcpSearchAxes.test_results_carry_axes_and_contract",
        "kind": "method",
        "impact_reason": "calls_modified_node",
        "target_symbol": "McpService"
      },
      {
        "id": "sym:d3c0b58d9f4b:TestMcpSearchAxes.test_ambiguous_identity_on_mcp",
        "path": "/Users/giapminh79/code/GitHub/sot-graph/tests/test_trust_axes.py",
        "symbol": "TestMcpSearchAxes.test_ambiguous_identity_on_mcp",
        "kind": "method",
        "impact_reason": "calls_modified_node",
        "target_symbol": "McpService"
      },
      {
        "id": "sym:d3c0b58d9f4b:TestMcpSearchAxes.test_empty_results_still_expose_contract",
        "path": "/Users/giapminh79/code/GitHub/sot-graph/tests/test_trust_axes.py",
        "symbol": "TestMcpSearchAxes.test_empty_results_still_expose_contract",
        "kind": "method",
        "impact_reason": "calls_modified_node",
        "target_symbol": "McpService"
      },
      {
        "id": "sym:c0b0e96e962a:_mcp",
        "path": "/Users/giapminh79/code/GitHub/sot-graph/tests/test_cbm_contract_parity.py",
        "symbol": "_mcp",
        "kind": "function",
        "impact_reason": "calls_modified_node",
        "target_symbol": "McpService"
      },
      {
        "id": "sym:eb1f53425d6d:test_sur02_catalog_and_native_invocation_refusal",
        "path": "/Users/giapminh79/code/GitHub/sot-graph/tests/test_gs_surface_catalog.py",
        "symbol": "test_sur02_catalog_and_native_invocation_refusal",
        "kind": "function",
        "impact_reason": "calls_modified_node",
        "target_symbol": "McpService"
      },
      {
        "id": "sym:eb1f53425d6d:test_sur02_exception_results_are_errors_without_private_diagnostics",
        "path": "/Users/giapminh79/code/GitHub/sot-graph/tests/test_gs_surface_catalog.py",
        "symbol": "test_sur02_exception_results_are_errors_without_private_diagnostics",
        "kind": "function",
        "impact_reason": "calls_modified_node",
        "target_symbol": "McpService"
      },
      {
        "id": "sym:41ed8ce188e1:McpReceiptToolsTests.setUp",
        "path": "/Users/giapminh79/code/GitHub/sot-graph/tests/test_mcp_receipt_tools.py",
        "symbol": "McpReceiptToolsTests.setUp",
        "kind": "method",
        "impact_reason": "calls_modified_node",
        "target_symbol": "McpService"
      },
      {
        "id": "file:41ed8ce188e1",
        "path": "/Users/giapminh79/code/GitHub/sot-graph/tests/test_mcp_receipt_tools.py",
        "symbol": "test_mcp_receipt_tools.py",
        "kind": "file",
        "impact_reason": "calls_modified_node",
        "target_symbol": "McpService"
      },
      {
        "id": "sym:1747a3cf05a2:service",
        "path": "/Users/giapminh79/code/GitHub/sot-graph/tests/test_managed_policy_parity.py",
        "symbol": "service",
        "kind": "function",
        "impact_reason": "calls_modified_node",
        "target_symbol": "McpService"
      },
      {
        "id": "sym:1747a3cf05a2:repo",
        "path": "/Users/giapminh79/code/GitHub/sot-graph/tests/test_managed_policy_parity.py",
        "symbol": "repo",
        "kind": "function",
        "impact_reason": "calls_modified_node",
        "target_symbol": "repo.git_only"
      },
      {
        "id": "sym:f6d8752e14c6:EdgeLifecycleTests.test_reconcile_idempotent_after_move",
        "path": "/Users/giapminh79/code/GitHub/sot-graph/tests/test_edge_lifecycle.py",
        "symbol": "EdgeLifecycleTests.test_reconcile_idempotent_after_move",
        "kind": "method",
        "impact_reason": "calls_modified_node",
        "target_symbol": "snapshot"
      },
      {
        "id": "sym:40d83afb5cc0:test_source_repo_and_notes_untouched",
        "path": "/Users/giapminh79/code/GitHub/sot-graph/tests/test_managed_runtime.py",
        "symbol": "test_source_repo_and_notes_untouched",
        "kind": "function",
        "impact_reason": "calls_modified_node",
        "target_symbol": "snapshot"
      },
      {
        "id": "sym:fcfd6b9d9342:test_path_overlap_refused_before_resolve_without_writes",
        "path": "/Users/giapminh79/code/GitHub/sot-graph/tests/test_managed_installation.py",
        "symbol": "test_path_overlap_refused_before_resolve_without_writes",
        "kind": "function",
        "impact_reason": "calls_modified_node",
        "target_symbol": "snapshot"
      },
      {
        "id": "sym:1747a3cf05a2:test_builtin_never_dispatches_or_loads_managed_config",
        "path": "/Users/giapminh79/code/GitHub/sot-graph/tests/test_managed_policy_parity.py",
        "symbol": "test_builtin_never_dispatches_or_loads_managed_config",
        "kind": "function",
        "impact_reason": "calls_modified_node",
        "target_symbol": "snapshot"
      },
      {
        "id": "sym:1747a3cf05a2:test_fallback_and_fail_closed_parity",
        "path": "/Users/giapminh79/code/GitHub/sot-graph/tests/test_managed_policy_parity.py",
        "symbol": "test_fallback_and_fail_closed_parity",
        "kind": "function",
        "impact_reason": "calls_modified_node",
        "target_symbol": "snapshot"
      },
      {
        "id": "sym:1747a3cf05a2:test_search_evidence_does_not_promote_builtin_trust",
        "path": "/Users/giapminh79/code/GitHub/sot-graph/tests/test_managed_policy_parity.py",
        "symbol": "test_search_evidence_does_not_promote_builtin_trust",
        "kind": "function",
        "impact_reason": "calls_modified_node",
        "target_symbol": "snapshot"
      },
      {
        "id": "sym:1747a3cf05a2:test_mcp_invalid_bounds_precede_dispatch",
        "path": "/Users/giapminh79/code/GitHub/sot-graph/tests/test_managed_policy_parity.py",
        "symbol": "test_mcp_invalid_bounds_precede_dispatch",
        "kind": "function",
        "impact_reason": "calls_modified_node",
        "target_symbol": "snapshot"
      },
      {
        "id": "sym:1747a3cf05a2:test_cli_explicit_legacy_provider_conflicts",
        "path": "/Users/giapminh79/code/GitHub/sot-graph/tests/test_managed_policy_parity.py",
        "symbol": "test_cli_explicit_legacy_provider_conflicts",
        "kind": "function",
        "impact_reason": "calls_modified_node",
        "target_symbol": "snapshot"
      },
      {
        "id": "sym:1747a3cf05a2:test_cli_invalid_search_bounds_precede_trusted_loader",
        "path": "/Users/giapminh79/code/GitHub/sot-graph/tests/test_managed_policy_parity.py",
        "symbol": "test_cli_invalid_search_bounds_precede_trusted_loader",
        "kind": "function",
        "impact_reason": "calls_modified_node",
        "target_symbol": "snapshot"
      },
      {
        "id": "sym:1747a3cf05a2:test_cli_external_never_reconciles_or_creates_database",
        "path": "/Users/giapminh79/code/GitHub/sot-graph/tests/test_managed_policy_parity.py",
        "symbol": "test_cli_external_never_reconciles_or_creates_database",
        "kind": "function",
        "impact_reason": "calls_modified_node",
        "target_symbol": "snapshot"
      },
      {
        "id": "sym:1747a3cf05a2:test_mcp_clamps_limit_and_budget_before_dispatch",
        "path": "/Users/giapminh79/code/GitHub/sot-graph/tests/test_managed_policy_parity.py",
        "symbol": "test_mcp_clamps_limit_and_budget_before_dispatch",
        "kind": "function",
        "impact_reason": "calls_modified_node",
        "target_symbol": "service"
      },
      {
        "id": "file:b59b1cd8bb8c",
        "path": "/Users/giapminh79/code/GitHub/sot-graph/tests/test_managed_read_dispatch.py",
        "symbol": "test_managed_read_dispatch.py",
        "kind": "file",
        "impact_reason": "calls_modified_node",
        "target_symbol": "no_legacy_or_writes"
      },
      {
        "id": "sym:b59b1cd8bb8c:no_legacy_or_writes",
        "path": "/Users/giapminh79/code/GitHub/sot-graph/tests/test_managed_read_dispatch.py",
        "symbol": "no_legacy_or_writes",
        "kind": "function",
        "impact_reason": "calls_modified_node",
        "target_symbol": "no_legacy_or_writes.forbidden"
      },
      {
        "id": "sym:b59b1cd8bb8c:test_builtin_bypasses_all_loaders_even_corrupt_configuration",
        "path": "/Users/giapminh79/code/GitHub/sot-graph/tests/test_managed_read_dispatch.py",
        "symbol": "test_builtin_bypasses_all_loaders_even_corrupt_configuration",
        "kind": "function",
        "impact_reason": "calls_modified_node",
        "target_symbol": "dispatch"
      },
      {
        "id": "sym:b59b1cd8bb8c:test_real_trusted_configuration_failures",
        "path": "/Users/giapminh79/code/GitHub/sot-graph/tests/test_managed_read_dispatch.py",
        "symbol": "test_real_trusted_configuration_failures",
        "kind": "function",
        "impact_reason": "calls_modified_node",
        "target_symbol": "dispatch"
      },
      {
        "id": "sym:b59b1cd8bb8c:test_explicit_repository_denial_precedes_admin_loader",
        "path": "/Users/giapminh79/code/GitHub/sot-graph/tests/test_managed_read_dispatch.py",
        "symbol": "test_explicit_repository_denial_precedes_admin_loader",
        "kind": "function",
        "impact_reason": "calls_modified_node",
        "target_symbol": "dispatch"
      },
      {
        "id": "sym:b59b1cd8bb8c:test_repository_cannot_grant_native_execution",
        "path": "/Users/giapminh79/code/GitHub/sot-graph/tests/test_managed_read_dispatch.py",
        "symbol": "test_repository_cannot_grant_native_execution",
        "kind": "function",
        "impact_reason": "calls_modified_node",
        "target_symbol": "dispatch"
      },
      {
        "id": "sym:b59b1cd8bb8c:test_real_adapter_retains_runtime_readiness_guard",
        "path": "/Users/giapminh79/code/GitHub/sot-graph/tests/test_managed_read_dispatch.py",
        "symbol": "test_real_adapter_retains_runtime_readiness_guard",
        "kind": "function",
        "impact_reason": "calls_modified_node",
        "target_symbol": "dispatch"
      },
      {
        "id": "sym:b59b1cd8bb8c:test_registered_provider_and_exact_normalization_are_reused",
        "path": "/Users/giapminh79/code/GitHub/sot-graph/tests/test_managed_read_dispatch.py",
        "symbol": "test_registered_provider_and_exact_normalization_are_reused",
        "kind": "function",
        "impact_reason": "calls_modified_node",
        "target_symbol": "dispatch"
      },
      {
        "id": "sym:b59b1cd8bb8c:test_invalid_limit_errors_without_loader",
        "path": "/Users/giapminh79/code/GitHub/sot-graph/tests/test_managed_read_dispatch.py",
        "symbol": "test_invalid_limit_errors_without_loader",
        "kind": "function",
        "impact_reason": "calls_modified_node",
        "target_symbol": "dispatch"
      },
      {
        "id": "sym:b59b1cd8bb8c:test_scope_postfilter_and_limit_clamp",
        "path": "/Users/giapminh79/code/GitHub/sot-graph/tests/test_managed_read_dispatch.py",
        "symbol": "test_scope_postfilter_and_limit_clamp",
        "kind": "function",
        "impact_reason": "calls_modified_node",
        "target_symbol": "dispatch"
      },
      {
        "id": "sym:b59b1cd8bb8c:test_environment_deny_precedes_admin_loader",
        "path": "/Users/giapminh79/code/GitHub/sot-graph/tests/test_managed_read_dispatch.py",
        "symbol": "test_environment_deny_precedes_admin_loader",
        "kind": "function",
        "impact_reason": "calls_modified_node",
        "target_symbol": "dispatch"
      },
      {
        "id": "sym:b59b1cd8bb8c:test_malformed_repository_config_never_loads_admin",
        "path": "/Users/giapminh79/code/GitHub/sot-graph/tests/test_managed_read_dispatch.py",
        "symbol": "test_malformed_repository_config_never_loads_admin",
        "kind": "function",
        "impact_reason": "calls_modified_node",
        "target_symbol": "dispatch"
      },
      {
        "id": "sym:b59b1cd8bb8c:test_escaping_scope_is_invalid_without_loader",
        "path": "/Users/giapminh79/code/GitHub/sot-graph/tests/test_managed_read_dispatch.py",
        "symbol": "test_escaping_scope_is_invalid_without_loader",
        "kind": "function",
        "impact_reason": "calls_modified_node",
        "target_symbol": "dispatch"
      },
      {
        "id": "sym:b59b1cd8bb8c:test_unsafe_repository_config_is_not_read_as_grant",
        "path": "/Users/giapminh79/code/GitHub/sot-graph/tests/test_managed_read_dispatch.py",
        "symbol": "test_unsafe_repository_config_is_not_read_as_grant",
        "kind": "function",
        "impact_reason": "calls_modified_node",
        "target_symbol": "dispatch"
      },
      {
        "id": "sym:b59b1cd8bb8c:test_requested_limit_truncates_normalized_evidence",
        "path": "/Users/giapminh79/code/GitHub/sot-graph/tests/test_managed_read_dispatch.py",
        "symbol": "test_requested_limit_truncates_normalized_evidence",
        "kind": "function",
        "impact_reason": "calls_modified_node",
        "target_symbol": "dispatch"
      },
      {
        "id": "sym:b59b1cd8bb8c:test_native_candidates_cannot_escape_root",
        "path": "/Users/giapminh79/code/GitHub/sot-graph/tests/test_managed_read_dispatch.py",
        "symbol": "test_native_candidates_cannot_escape_root",
        "kind": "function",
        "impact_reason": "calls_modified_node",
        "target_symbol": "dispatch"
      },
      {
        "id": "sym:b59b1cd8bb8c:test_native_failure_never_leaks_diagnostic",
        "path": "/Users/giapminh79/code/GitHub/sot-graph/tests/test_managed_read_dispatch.py",
        "symbol": "test_native_failure_never_leaks_diagnostic",
        "kind": "function",
        "impact_reason": "calls_modified_node",
        "target_symbol": "dispatch"
      }
    ],
    "api_impacts": [],
    "tests_to_run": [
      "/Users/giapminh79/code/GitHub/sot-graph/tests/test_adapters.py",
      "/Users/giapminh79/code/GitHub/sot-graph/tests/test_analytics.py",
      "/Users/giapminh79/code/GitHub/sot-graph/tests/test_bundle.py",
      "/Users/giapminh79/code/GitHub/sot-graph/tests/test_cbm_contract_parity.py",
      "/Users/giapminh79/code/GitHub/sot-graph/tests/test_cbm_verification.py",
      "/Users/giapminh79/code/GitHub/sot-graph/tests/test_cli_provider_wiring.py",
      "/Users/giapminh79/code/GitHub/sot-graph/tests/test_collection_accounting.py",
      "/Users/giapminh79/code/GitHub/sot-graph/tests/test_diff_impact.py",
      "/Users/giapminh79/code/GitHub/sot-graph/tests/test_diff_impact_github.py",
      "/Users/giapminh79/code/GitHub/sot-graph/tests/test_edge_lifecycle.py",
      "/Users/giapminh79/code/GitHub/sot-graph/tests/test_engine_admin.py",
      "/Users/giapminh79/code/GitHub/sot-graph/tests/test_engine_trusted_config.py",
      "/Users/giapminh79/code/GitHub/sot-graph/tests/test_export.py",
      "/Users/giapminh79/code/GitHub/sot-graph/tests/test_gs_surface_catalog.py",
      "/Users/giapminh79/code/GitHub/sot-graph/tests/test_gs_surface_lifecycle.py",
      "/Users/giapminh79/code/GitHub/sot-graph/tests/test_hardening_fixes.py",
      "/Users/giapminh79/code/GitHub/sot-graph/tests/test_holdout_denominators.py",
      "/Users/giapminh79/code/GitHub/sot-graph/tests/test_holdout_splits.py",
      "/Users/giapminh79/code/GitHub/sot-graph/tests/test_impact_pipeline.py",
      "/Users/giapminh79/code/GitHub/sot-graph/tests/test_jit_reconcile.py",
      "/Users/giapminh79/code/GitHub/sot-graph/tests/test_managed_installation.py",
      "/Users/giapminh79/code/GitHub/sot-graph/tests/test_managed_policy_parity.py",
      "/Users/giapminh79/code/GitHub/sot-graph/tests/test_managed_read_dispatch.py",
      "/Users/giapminh79/code/GitHub/sot-graph/tests/test_managed_runtime.py",
      "/Users/giapminh79/code/GitHub/sot-graph/tests/test_mcp.py",
      "/Users/giapminh79/code/GitHub/sot-graph/tests/test_mcp_modern.py",
      "/Users/giapminh79/code/GitHub/sot-graph/tests/test_mcp_prompts.py",
      "/Users/giapminh79/code/GitHub/sot-graph/tests/test_mcp_receipt_tools.py",
      "/Users/giapminh79/code/GitHub/sot-graph/tests/test_navigation.py",
      "/Users/giapminh79/code/GitHub/sot-graph/tests/test_optimizations.py",
      "/Users/giapminh79/code/GitHub/sot-graph/tests/test_p2_orchestrator.py",
      "/Users/giapminh79/code/GitHub/sot-graph/tests/test_p3_plugin_contract.py",
      "/Users/giapminh79/code/GitHub/sot-graph/tests/test_p5_coverage_verification.py",
      "/Users/giapminh79/code/GitHub/sot-graph/tests/test_p6_ledger.py",
      "/Users/giapminh79/code/GitHub/sot-graph/tests/test_p8_omp_integration.py",
      "/Users/giapminh79/code/GitHub/sot-graph/tests/test_phase1_scip_and_schema_v5.py",
      "/Users/giapminh79/code/GitHub/sot-graph/tests/test_providers_cross_check.py",
      "/Users/giapminh79/code/GitHub/sot-graph/tests/test_providers_registry.py",
      "/Users/giapminh79/code/GitHub/sot-graph/tests/test_repo_map.py",
      "/Users/giapminh79/code/GitHub/sot-graph/tests/test_report_conformance.py",
      "/Users/giapminh79/code/GitHub/sot-graph/tests/test_search_bare_name_ranking.py",
      "/Users/giapminh79/code/GitHub/sot-graph/tests/test_sg107_stress.py",
      "/Users/giapminh79/code/GitHub/sot-graph/tests/test_sg201_repo_map_filters.py",
      "/Users/giapminh79/code/GitHub/sot-graph/tests/test_sg202_pack_completeness.py",
      "/Users/giapminh79/code/GitHub/sot-graph/tests/test_solution_trace.py",
      "/Users/giapminh79/code/GitHub/sot-graph/tests/test_sprint4_compass_and_pack.py",
      "/Users/giapminh79/code/GitHub/sot-graph/tests/test_storage_integrity.py",
      "/Users/giapminh79/code/GitHub/sot-graph/tests/test_trust_axes.py",
      "/Users/giapminh79/code/GitHub/sot-graph/tests/test_trust_chain_hardening.py",
      "/Users/giapminh79/code/GitHub/sot-graph/tests/test_v2_upgrade.py",
      "tests/test_managed_policy_parity.py",
      "tests/test_managed_read_dispatch.py"
    ],
    "invalidated_evidence": [],
    "invalidated_evidence_dead_count": 0,
    "collection_stats": {
      "changed_files": {
        "enumerated_count": 21,
        "returned_count": 21,
        "cap": 200,
        "truncated": false,
        "cursor_exhausted": true
      },
      "invalidated_evidence": {
        "enumerated_count": 0,
        "returned_count": 0,
        "cap": 50,
        "truncated": false,
        "cursor_exhausted": true
      },
      "ledger_runs": {
        "enumerated_count": 0,
        "returned_count": 0,
        "cap": 200,
        "truncated": false,
        "cursor_exhausted": true
      },
      "ledger_union": {
        "enumerated_count": 0,
        "returned_count": 0,
        "cap": 5000,
        "truncated": false,
        "cursor_exhausted": true
      }
    },
    "post_change_snapshot": {
      "snapshot_id": null,
      "descriptor_digest": "sha256:3c2e6cc98c2a5ccb3e699c24c208fe5749f6868d5110af5c2fcd146bc9dc27c8",
      "role": "post_change",
      "commit_sha": "819560ecb443db0ca8b30464102306037259dbf1",
      "dirty": true,
      "dirty_fingerprint": "sha256:f76f591d4ecac31f4cdc7335ba7b34f7b9d54bbe92095fcc32ff54467e60614b",
      "manifest_digest": null,
      "generation": null,
      "algo_version": "sha256-v2",
      "captured_at": 1788683954,
      "content_digests": {
        "plan/python-c-monorepo/evidence/completion-goals/M3b/20260906-managed-dispatch-v1/claims.log": "a123cb021ab9b0e4082989ec03817ad3898d5208c58de9f691cba9beba17acef",
        "plan/python-c-monorepo/evidence/completion-goals/M3b/20260906-managed-dispatch-v1/doctor.log": "f4f42629162cbe912a27cfd9959109c00c23b87e6e93a3ffc912006baba7d385",
        "plan/python-c-monorepo/evidence/completion-goals/M3b/20260906-managed-dispatch-v1/final-doctor.log": "f4f42629162cbe912a27cfd9959109c00c23b87e6e93a3ffc912006baba7d385",
        "plan/python-c-monorepo/evidence/completion-goals/M3b/20260906-managed-dispatch-v1/final-full-pytest.log": "0547b9a4b45633f3b00e4a23e73b393590ccb1966b641890f588c7a573730cbe",
        "plan/python-c-monorepo/evidence/completion-goals/M3b/20260906-managed-dispatch-v1/final-impact.log": "e3b0c44298fc1c149afbf4c8996fb92427ae41e4649b934ca495991b7852b855",
        "plan/python-c-monorepo/evidence/completion-goals/M3b/20260906-managed-dispatch-v1/final-lint.log": "82b3e6a6c090a57601d22943bd23fca9218d1031dbe5a7b754092f9a156b4f18",
        "plan/python-c-monorepo/evidence/completion-goals/M3b/20260906-managed-dispatch-v1/final-reconcile.log": "a5ad053282f7e14a919be54f42495c239e3d77a90be56c5c740fd2c7c57d5a22",
        "plan/python-c-monorepo/evidence/completion-goals/M3b/20260906-managed-dispatch-v1/final-types.log": "6d88a1b220adb7a3d62092b6e38431f0b3fe8babe9864fab90e5849766260332",
        "plan/python-c-monorepo/evidence/completion-goals/M3b/20260906-managed-dispatch-v1/full-pytest.log": "aab304e0c7b9595833bbe1c2ef760b4e0a38fd960cf5252b19872dc4bf336d9d",
        "plan/python-c-monorepo/evidence/completion-goals/M3b/20260906-managed-dispatch-v1/impact.log": "8055a23e4b5b29cffc5f7f67d9c35b1be31110aff305d7dc8eb8f426049c8e5c",
        "plan/python-c-monorepo/evidence/completion-goals/M3b/20260906-managed-dispatch-v1/lint.log": "82b3e6a6c090a57601d22943bd23fca9218d1031dbe5a7b754092f9a156b4f18",
        "plan/python-c-monorepo/evidence/completion-goals/M3b/20260906-managed-dispatch-v1/quality.log": "fc4996a57dfb336d37d4ad427a198957eb082fd349bcdaa44daa34332caa0774",
        "plan/python-c-monorepo/evidence/completion-goals/M3b/20260906-managed-dispatch-v1/reconcile.log": "5183710c3f99b879d79812aae9a5e08842afed1984a7255565e4f09f4d83fd31",
        "plan/python-c-monorepo/evidence/completion-goals/M3b/20260906-managed-dispatch-v1/types.log": "6d88a1b220adb7a3d62092b6e38431f0b3fe8babe9864fab90e5849766260332",
        "plan/python-c-monorepo/trusted-opt-in-runbook.md": "6c3811b0f018b8706cdc4f24593be79c10a2225dbe4fdc46262915bda44c41db",
        "plan/remaining-work-phased-plan-2026-09-05.md": "4aa2465146977de511db70d4f66d2b6d2ae9259cf5b06e786346f216cab9eabc",
        "src/sot_graph/assurance/orchestrator.py": "ae019f63725ff3d904600d16795727e0050e3bcc5bdad6b25a6b5c7101fd8062",
        "src/sot_graph/cli.py": "2f457a51d61332c52b5f35b068cbe6c1132cd8a5ea95b39841fb1287b36ab562",
        "src/sot_graph/mcp_service.py": "b5035765856ce8cbf68f8af8d59f17efff439767412544451bed52a34505aa96",
        "tests/test_managed_policy_parity.py": "bea500694c508234620df2df511440df59f3d2f678f2f481491ea5c8ee172798",
        "tests/test_managed_read_dispatch.py": "8624d6488bdc6015216e42c61e8f8b9837a055d3e0d228fbc790aee31f3b021f"
      },
      "scope_digest": "sha256:62a8a39bb65f8fac316db773e3733660a07616e3e242dc3656640b2e5490f22c"
    },
    "reconcile": {
      "required": true,
      "note": "run `sot reconcile` to bind the post-change snapshot to a fresh index generation"
    },
    "summary": {
      "total_changed_files": 21,
      "total_hunks": 56,
      "total_direct_nodes": 72,
      "total_callers": 252,
      "total_apis": 0,
      "total_tests": 353,
      "risk_score": 80,
      "risk_level": "HIGH",
      "execution_time_ms": 99.49
    },
    "pre_receipt_digest": null,
    "pre_change_snapshot": {
      "descriptor_digest": "sha256:8e20c57ff2a3c5c298dc69be105520f023bb753a21780c068bf142335a945d78",
      "role": "pre_change",
      "commit_sha": "819560ecb443db0ca8b30464102306037259dbf1",
      "dirty": true,
      "dirty_fingerprint": "sha256:f76f591d4ecac31f4cdc7335ba7b34f7b9d54bbe92095fcc32ff54467e60614b",
      "manifest_digest": null,
      "generation": null,
      "algo_version": "sha256-v2",
      "content_digests": {
        "plan/python-c-monorepo/trusted-opt-in-runbook.md": "6c3811b0f018b8706cdc4f24593be79c10a2225dbe4fdc46262915bda44c41db",
        "src/sot_graph/assurance/orchestrator.py": "ae019f63725ff3d904600d16795727e0050e3bcc5bdad6b25a6b5c7101fd8062",
        "src/sot_graph/cli.py": "2f457a51d61332c52b5f35b068cbe6c1132cd8a5ea95b39841fb1287b36ab562",
        "src/sot_graph/mcp_service.py": "b5035765856ce8cbf68f8af8d59f17efff439767412544451bed52a34505aa96",
        "plan/python-c-monorepo/evidence/completion-goals/M3b/20260906-managed-dispatch-v1/claims.log": "a123cb021ab9b0e4082989ec03817ad3898d5208c58de9f691cba9beba17acef",
        "plan/python-c-monorepo/evidence/completion-goals/M3b/20260906-managed-dispatch-v1/doctor.log": "f4f42629162cbe912a27cfd9959109c00c23b87e6e93a3ffc912006baba7d385",
        "plan/python-c-monorepo/evidence/completion-goals/M3b/20260906-managed-dispatch-v1/final-doctor.log": "f4f42629162cbe912a27cfd9959109c00c23b87e6e93a3ffc912006baba7d385",
        "plan/python-c-monorepo/evidence/completion-goals/M3b/20260906-managed-dispatch-v1/final-full-pytest.log": "0547b9a4b45633f3b00e4a23e73b393590ccb1966b641890f588c7a573730cbe",
        "plan/python-c-monorepo/evidence/completion-goals/M3b/20260906-managed-dispatch-v1/final-impact.log": "e3b0c44298fc1c149afbf4c8996fb92427ae41e4649b934ca495991b7852b855",
        "plan/python-c-monorepo/evidence/completion-goals/M3b/20260906-managed-dispatch-v1/final-lint.log": "82b3e6a6c090a57601d22943bd23fca9218d1031dbe5a7b754092f9a156b4f18",
        "plan/python-c-monorepo/evidence/completion-goals/M3b/20260906-managed-dispatch-v1/final-reconcile.log": "a5ad053282f7e14a919be54f42495c239e3d77a90be56c5c740fd2c7c57d5a22",
        "plan/python-c-monorepo/evidence/completion-goals/M3b/20260906-managed-dispatch-v1/final-types.log": "6d88a1b220adb7a3d62092b6e38431f0b3fe8babe9864fab90e5849766260332",
        "plan/python-c-monorepo/evidence/completion-goals/M3b/20260906-managed-dispatch-v1/full-pytest.log": "aab304e0c7b9595833bbe1c2ef760b4e0a38fd960cf5252b19872dc4bf336d9d",
        "plan/python-c-monorepo/evidence/completion-goals/M3b/20260906-managed-dispatch-v1/impact.log": "8055a23e4b5b29cffc5f7f67d9c35b1be31110aff305d7dc8eb8f426049c8e5c",
        "plan/python-c-monorepo/evidence/completion-goals/M3b/20260906-managed-dispatch-v1/lint.log": "82b3e6a6c090a57601d22943bd23fca9218d1031dbe5a7b754092f9a156b4f18",
        "plan/python-c-monorepo/evidence/completion-goals/M3b/20260906-managed-dispatch-v1/quality.log": "fc4996a57dfb336d37d4ad427a198957eb082fd349bcdaa44daa34332caa0774",
        "plan/python-c-monorepo/evidence/completion-goals/M3b/20260906-managed-dispatch-v1/reconcile.log": "5183710c3f99b879d79812aae9a5e08842afed1984a7255565e4f09f4d83fd31",
        "plan/python-c-monorepo/evidence/completion-goals/M3b/20260906-managed-dispatch-v1/types.log": "6d88a1b220adb7a3d62092b6e38431f0b3fe8babe9864fab90e5849766260332",
        "plan/remaining-work-phased-plan-2026-09-05.md": "4aa2465146977de511db70d4f66d2b6d2ae9259cf5b06e786346f216cab9eabc",
        "tests/test_managed_policy_parity.py": "bea500694c508234620df2df511440df59f3d2f678f2f481491ea5c8ee172798",
        "tests/test_managed_read_dispatch.py": "8624d6488bdc6015216e42c61e8f8b9837a055d3e0d228fbc790aee31f3b021f"
      },
      "scope_digest": "sha256:62a8a39bb65f8fac316db773e3733660a07616e3e242dc3656640b2e5490f22c"
    },
    "remaining_gaps": [],
    "warnings": [],
    "closure_decision": "open",
    "omp_confirmations_remaining": [],
    "assurance_facts": {
      "identity_status": "UNIQUE",
      "snapshot_bound": true,
      "collection_error": false,
      "stale_files": [
        "plan/python-c-monorepo/evidence/completion-goals/M3b/20260906-managed-dispatch-v1/claims.log",
        "plan/python-c-monorepo/evidence/completion-goals/M3b/20260906-managed-dispatch-v1/doctor.log",
        "plan/python-c-monorepo/evidence/completion-goals/M3b/20260906-managed-dispatch-v1/final-doctor.log",
        "plan/python-c-monorepo/evidence/completion-goals/M3b/20260906-managed-dispatch-v1/final-full-pytest.log",
        "plan/python-c-monorepo/evidence/completion-goals/M3b/20260906-managed-dispatch-v1/final-impact.log",
        "plan/python-c-monorepo/evidence/completion-goals/M3b/20260906-managed-dispatch-v1/final-lint.log",
        "plan/python-c-monorepo/evidence/completion-goals/M3b/20260906-managed-dispatch-v1/final-reconcile.log",
        "plan/python-c-monorepo/evidence/completion-goals/M3b/20260906-managed-dispatch-v1/final-types.log",
        "plan/python-c-monorepo/evidence/completion-goals/M3b/20260906-managed-dispatch-v1/full-pytest.log",
        "plan/python-c-monorepo/evidence/completion-goals/M3b/20260906-managed-dispatch-v1/impact.log",
        "plan/python-c-monorepo/evidence/completion-goals/M3b/20260906-managed-dispatch-v1/lint.log",
        "plan/python-c-monorepo/evidence/completion-goals/M3b/20260906-managed-dispatch-v1/quality.log",
        "plan/python-c-monorepo/evidence/completion-goals/M3b/20260906-managed-dispatch-v1/reconcile.log",
        "plan/python-c-monorepo/evidence/completion-goals/M3b/20260906-managed-dispatch-v1/types.log"
      ],
      "coverage_measured": false,
      "coverage_fraction": null,
      "coverage_floor": 0.9,
      "parser_failures": 0,
      "unresolved_count": 0,
      "unresolved_budget": 0,
      "open_conflicts": 0,
      "truncated": false,
      "truncation_sources": [],
      "enumeration_complete": null,
      "parser_capability_complete": null,
      "partial_ast_present": false,
      "provider_capability_ok": true,
      "absence_claim": false,
      "gate_blocked": false,
      "dynamic_dispatch_unresolved": true,
      "claim_profile": "scoped"
    },
    "assurance": {
      "status": "STALE",
      "reason_codes": [
        "stale_sources",
        "dynamic_dispatch_unresolved"
      ],
      "decision": {
        "status": "STALE",
        "reason_codes": [
          "stale_sources",
          "dynamic_dispatch_unresolved"
        ]
      }
    },
    "digest": "5dad132722e635555370ee7fbcc0635944f162a026d99db45cacc44b54b84906",
    "request": {
      "schema_version": "impact-request/1",
      "target": "HEAD",
      "staged": false,
      "working_tree": true,
      "depth": 2,
      "auto_reconcile": false,
      "reconcile_provenance": "pipeline"
    },
    "projection": {
      "collections": [
        {
          "key": "changed_files",
          "enumerated_count": 21,
          "returned_count": 21,
          "truncated": false,
          "cap": 200,
          "cursor_exhausted": true
        },
        {
          "key": "direct_nodes",
          "enumerated_count": 72,
          "returned_count": 72,
          "truncated": false
        },
        {
          "key": "caller_impacts",
          "enumerated_count": 252,
          "returned_count": 252,
          "truncated": false
        },
        {
          "key": "test_impacts",
          "enumerated_count": 353,
          "returned_count": 353,
          "truncated": false
        },
        {
          "key": "api_impacts",
          "enumerated_count": 0,
          "returned_count": 0,
          "truncated": false
        },
        {
          "key": "tests_to_run",
          "enumerated_count": 52,
          "returned_count": 52,
          "truncated": false
        }
      ],
      "next_cursor": null
    },
    "stale_files": []
  },
  "kind": "diff_impact",
  "proof_scope": "post_change",
  "diff_identity": {
    "target": "HEAD",
    "staged": false,
    "working_tree": true
  },
  "changed_files": [
    "plan/python-c-monorepo/evidence/completion-goals/M3b/20260906-managed-dispatch-v1/claims.log",
    "plan/python-c-monorepo/evidence/completion-goals/M3b/20260906-managed-dispatch-v1/doctor.log",
    "plan/python-c-monorepo/evidence/completion-goals/M3b/20260906-managed-dispatch-v1/final-doctor.log",
    "plan/python-c-monorepo/evidence/completion-goals/M3b/20260906-managed-dispatch-v1/final-full-pytest.log",
    "plan/python-c-monorepo/evidence/completion-goals/M3b/20260906-managed-dispatch-v1/final-impact.log",
    "plan/python-c-monorepo/evidence/completion-goals/M3b/20260906-managed-dispatch-v1/final-lint.log",
    "plan/python-c-monorepo/evidence/completion-goals/M3b/20260906-managed-dispatch-v1/final-reconcile.log",
    "plan/python-c-monorepo/evidence/completion-goals/M3b/20260906-managed-dispatch-v1/final-types.log",
    "plan/python-c-monorepo/evidence/completion-goals/M3b/20260906-managed-dispatch-v1/full-pytest.log",
    "plan/python-c-monorepo/evidence/completion-goals/M3b/20260906-managed-dispatch-v1/impact.log",
    "plan/python-c-monorepo/evidence/completion-goals/M3b/20260906-managed-dispatch-v1/lint.log",
    "plan/python-c-monorepo/evidence/completion-goals/M3b/20260906-managed-dispatch-v1/quality.log",
    "plan/python-c-monorepo/evidence/completion-goals/M3b/20260906-managed-dispatch-v1/reconcile.log",
    "plan/python-c-monorepo/evidence/completion-goals/M3b/20260906-managed-dispatch-v1/types.log",
    "plan/python-c-monorepo/trusted-opt-in-runbook.md",
    "plan/remaining-work-phased-plan-2026-09-05.md",
    "src/sot_graph/assurance/orchestrator.py",
    "src/sot_graph/cli.py",
    "src/sot_graph/mcp_service.py",
    "tests/test_managed_policy_parity.py",
    "tests/test_managed_read_dispatch.py"
  ],
  "changed_files_total": 21,
  "changed_files_truncated": false,
  "direct_nodes": [
    {
      "id": "file:051819ccb3cb",
      "path": "/Users/giapminh79/code/GitHub/sot-graph/plan/python-c-monorepo/trusted-opt-in-runbook.md",
      "kind": "file",
      "symbol": "trusted-opt-in-runbook.md",
      "fqn": "plan.python-c-monorepo.trusted-opt-in-runbook.md",
      "label": "File: plan/python-c-monorepo/trusted-opt-in-runbook.md",
      "line_start": 1,
      "line_end": 106,
      "change_type": "modified",
      "intersected_lines": [
        [
          1,
          1
        ],
        [
          5,
          5
        ],
        [
          7,
          7
        ],
        [
          63,
          78
        ],
        [
          82,
          82
        ],
        [
          86,
          88
        ],
        [
          94,
          94
        ]
      ]
    },
    {
      "id": "file:7b2e2b978702",
      "path": "/Users/giapminh79/code/GitHub/sot-graph/plan/remaining-work-phased-plan-2026-09-05.md",
      "kind": "file",
      "symbol": "remaining-work-phased-plan-2026-09-05.md",
      "fqn": "plan.remaining-work-phased-plan-2026-09-05.md",
      "label": "File: plan/remaining-work-phased-plan-2026-09-05.md",
      "line_start": 1,
      "line_end": 149,
      "change_type": "modified",
      "intersected_lines": [
        [
          1,
          148
        ]
      ]
    },
    {
      "id": "file:5d1e1f7db31a",
      "path": "/Users/giapminh79/code/GitHub/sot-graph/src/sot_graph/assurance/orchestrator.py",
      "kind": "file",
      "symbol": "orchestrator.py",
      "fqn": "sot_graph.assurance.orchestrator",
      "label": "File: src/sot_graph/assurance/orchestrator.py",
      "line_start": 1,
      "line_end": 966,
      "change_type": "modified",
      "intersected_lines": [
        [
          24,
          24
        ],
        [
          36,
          218
        ]
      ]
    },
    {
      "id": "sym:5d1e1f7db31a:managed_read_dispatch",
      "path": "/Users/giapminh79/code/GitHub/sot-graph/src/sot_graph/assurance/orchestrator.py",
      "kind": "function",
      "symbol": "managed_read_dispatch",
      "fqn": "sot_graph.assurance.orchestrator.managed_read_dispatch",
      "label": "def managed_read_dispatch \u2014 src/sot_graph/assurance/orchestrator.py:36",
      "line_start": 36,
      "line_end": 216,
      "change_type": "modified",
      "intersected_lines": [
        [
          36,
          218
        ]
      ]
    },
    {
      "id": "sym:5d1e1f7db31a:managed_read_dispatch.refuse",
      "path": "/Users/giapminh79/code/GitHub/sot-graph/src/sot_graph/assurance/orchestrator.py",
      "kind": "method",
      "symbol": "managed_read_dispatch.refuse",
      "fqn": "sot_graph.assurance.orchestrator.managed_read_dispatch.refuse",
      "label": "def refuse \u2014 src/sot_graph/assurance/orchestrator.py:57",
      "line_start": 57,
      "line_end": 73,
      "change_type": "modified",
      "intersected_lines": [
        [
          36,
          218
        ]
      ]
    },
    {
      "id": "file:a299afe5c13c",
      "path": "/Users/giapminh79/code/GitHub/sot-graph/src/sot_graph/cli.py",
      "kind": "file",
      "symbol": "cli.py",
      "fqn": "sot_graph.cli",
      "label": "File: src/sot_graph/cli.py",
      "line_start": 1,
      "line_end": 2699,
      "change_type": "modified",
      "intersected_lines": [
        [
          212,
          276
        ],
        [
          278,
          280
        ],
        [
          287,
          288
        ],
        [
          298,
          298
        ],
        [
          375,
          376
        ],
        [
          379,
          379
        ],
        [
          644,
          646
        ],
        [
          649,
          655
        ],
        [
          663,
          663
        ],
        [
          686,
          687
        ],
        [
          691,
          691
        ],
        [
          2188,
          2188
        ],
        [
          2214,
          2214
        ],
        [
          2216,
          2221
        ],
        [
          2529,
          2535
        ],
        [
          2582,
          2608
        ]
      ]
    },
    {
      "id": "sym:a299afe5c13c:_ExplicitProviderAction",
      "path": "/Users/giapminh79/code/GitHub/sot-graph/src/sot_graph/cli.py",
      "kind": "class",
      "symbol": "_ExplicitProviderAction",
      "fqn": "sot_graph.cli._ExplicitProviderAction",
      "label": "class _ExplicitProviderAction \u2014 src/sot_graph/cli.py:212",
      "line_start": 212,
      "line_end": 215,
      "change_type": "modified",
      "intersected_lines": [
        [
          212,
          276
        ]
      ]
    },
    {
      "id": "sym:a299afe5c13c:_ExplicitProviderAction.__call__",
      "path": "/Users/giapminh79/code/GitHub/sot-graph/src/sot_graph/cli.py",
      "kind": "method",
      "symbol": "_ExplicitProviderAction.__call__",
      "fqn": "sot_graph.cli._ExplicitProviderAction.__call__",
      "label": "def __call__ \u2014 src/sot_graph/cli.py:213",
      "line_start": 213,
      "line_end": 215,
      "change_type": "modified",
      "intersected_lines": [
        [
          212,
          276
        ]
      ]
    },
    {
      "id": "sym:a299afe5c13c:_managed_policy_metadata",
      "path": "/Users/giapminh79/code/GitHub/sot-graph/src/sot_graph/cli.py",
      "kind": "function",
      "symbol": "_managed_policy_metadata",
      "fqn": "sot_graph.cli._managed_policy_metadata",
      "label": "def _managed_policy_metadata \u2014 src/sot_graph/cli.py:218",
      "line_start": 218,
      "line_end": 224,
      "change_type": "modified",
      "intersected_lines": [
        [
          212,
          276
        ]
      ]
    },
    {
      "id": "sym:a299afe5c13c:_cli_managed_read",
      "path": "/Users/giapminh79/code/GitHub/sot-graph/src/sot_graph/cli.py",
      "kind": "function",
      "symbol": "_cli_managed_read",
      "fqn": "sot_graph.cli._cli_managed_read",
      "label": "def _cli_managed_read \u2014 src/sot_graph/cli.py:227",
      "line_start": 227,
      "line_end": 250,
      "change_type": "modified",
      "intersected_lines": [
        [
          212,
          276
        ]
      ]
    },
    {
      "id": "sym:a299afe5c13c:_print_managed_error",
      "path": "/Users/giapminh79/code/GitHub/sot-graph/src/sot_graph/cli.py",
      "kind": "function",
      "symbol": "_print_managed_error",
      "fqn": "sot_graph.cli._print_managed_error",
      "label": "def _print_managed_error \u2014 src/sot_graph/cli.py:253",
      "line_start": 253,
      "line_end": 261,
      "change_type": "modified",
      "intersected_lines": [
        [
          212,
          276
        ]
      ]
    },
    {
      "id": "sym:a299afe5c13c:_print_managed_read",
      "path": "/Users/giapminh79/code/GitHub/sot-graph/src/sot_graph/cli.py",
      "kind": "function",
      "symbol": "_print_managed_read",
      "fqn": "sot_graph.cli._print_managed_read",
      "label": "def _print_managed_read \u2014 src/sot_graph/cli.py:264",
      "line_start": 264,
      "line_end": 274,
      "change_type": "modified",
      "intersected_lines": [
        [
          212,
          276
        ]
      ]
    },
    {
      "id": "sym:a299afe5c13c:cmd_search",
      "path": "/Users/giapminh79/code/GitHub/sot-graph/src/sot_graph/cli.py",
      "kind": "function",
      "symbol": "cmd_search",
      "fqn": "sot_graph.cli.cmd_search",
      "label": "def cmd_search \u2014 src/sot_graph/cli.py:277",
      "line_start": 277,
      "line_end": 419,
      "change_type": "modified",
      "intersected_lines": [
        [
          278,
          280
        ],
        [
          287,
          288
        ],
        [
          298,
          298
        ],
        [
          375,
          376
        ],
        [
          379,
          379
        ]
      ]
    },
    {
      "id": "sym:a299afe5c13c:cmd_usages",
      "path": "/Users/giapminh79/code/GitHub/sot-graph/src/sot_graph/cli.py",
      "kind": "function",
      "symbol": "cmd_usages",
      "fqn": "sot_graph.cli.cmd_usages",
      "label": "def cmd_usages \u2014 src/sot_graph/cli.py:642",
      "line_start": 642,
      "line_end": 714,
      "change_type": "modified",
      "intersected_lines": [
        [
          644,
          646
        ],
        [
          649,
          655
        ],
        [
          663,
          663
        ],
        [
          686,
          687
        ],
        [
          691,
          691
        ]
      ]
    },
    {
      "id": "sym:a299afe5c13c:build_parser",
      "path": "/Users/giapminh79/code/GitHub/sot-graph/src/sot_graph/cli.py",
      "kind": "function",
      "symbol": "build_parser",
      "fqn": "sot_graph.cli.build_parser",
      "label": "def build_parser \u2014 src/sot_graph/cli.py:2170",
      "line_start": 2170,
      "line_end": 2510,
      "change_type": "modified",
      "intersected_lines": [
        [
          2188,
          2188
        ],
        [
          2214,
          2214
        ],
        [
          2216,
          2221
        ]
      ]
    },
    {
      "id": "sym:a299afe5c13c:main",
      "path": "/Users/giapminh79/code/GitHub/sot-graph/src/sot_graph/cli.py",
      "kind": "function",
      "symbol": "main",
      "fqn": "sot_graph.cli.main",
      "label": "def main \u2014 src/sot_graph/cli.py:2513",
      "line_start": 2513,
      "line_end": 2694,
      "change_type": "modified",
      "intersected_lines": [
        [
          2529,
          2535
        ],
        [
          2582,
          2608
        ]
      ]
    },
    {
      "id": "file:0430ca2f393f",
      "path": "/Users/giapminh79/code/GitHub/sot-graph/src/sot_graph/mcp_service.py",
      "kind": "file",
      "symbol": "mcp_service.py",
      "fqn": "sot_graph.mcp_service",
      "label": "File: src/sot_graph/mcp_service.py",
      "line_start": 1,
      "line_end": 1944,
      "change_type": "modified",
      "intersected_lines": [
        [
          69,
          69
        ],
        [
          72,
          72
        ],
        [
          75,
          79
        ],
        [
          134,
          175
        ],
        [
          727,
          727
        ],
        [
          730,
          730
        ],
        [
          781,
          783
        ],
        [
          795,
          795
        ],
        [
          901,
          901
        ],
        [
          1021,
          1022
        ],
        [
          984,
          984
        ],
        [
          1035,
          1037
        ],
        [
          1084,
          1084
        ],
        [
          1090,
          1105
        ]
      ]
    },
    {
      "id": "sym:0430ca2f393f:McpServiceError",
      "path": "/Users/giapminh79/code/GitHub/sot-graph/src/sot_graph/mcp_service.py",
      "kind": "class",
      "symbol": "McpServiceError",
      "fqn": "sot_graph.mcp_service.McpServiceError",
      "label": "class McpServiceError \u2014 src/sot_graph/mcp_service.py:66",
      "line_start": 66,
      "line_end": 79,
      "change_type": "modified",
      "intersected_lines": [
        [
          69,
          69
        ],
        [
          72,
          72
        ],
        [
          75,
          79
        ]
      ]
    },
    {
      "id": "sym:0430ca2f393f:McpServiceError.__init__",
      "path": "/Users/giapminh79/code/GitHub/sot-graph/src/sot_graph/mcp_service.py",
      "kind": "method",
      "symbol": "McpServiceError.__init__",
      "fqn": "sot_graph.mcp_service.McpServiceError.__init__",
      "label": "def __init__ \u2014 src/sot_graph/mcp_service.py:69",
      "line_start": 69,
      "line_end": 73,
      "change_type": "modified",
      "intersected_lines": [
        [
          69,
          69
        ],
        [
          72,
          72
        ]
      ]
    },
    {
      "id": "sym:0430ca2f393f:McpServiceError.as_dict",
      "path": "/Users/giapminh79/code/GitHub/sot-graph/src/sot_graph/mcp_service.py",
      "kind": "method",
      "symbol": "McpServiceError.as_dict",
      "fqn": "sot_graph.mcp_service.McpServiceError.as_dict",
      "label": "def as_dict \u2014 src/sot_graph/mcp_service.py:75",
      "line_start": 75,
      "line_end": 79,
      "change_type": "modified",
      "intersected_lines": [
        [
          75,
          79
        ]
      ]
    },
    {
      "id": "sym:0430ca2f393f:_managed_read_fields",
      "path": "/Users/giapminh79/code/GitHub/sot-graph/src/sot_graph/mcp_service.py",
      "kind": "function",
      "symbol": "_managed_read_fields",
      "fqn": "sot_graph.mcp_service._managed_read_fields",
      "label": "def _managed_read_fields \u2014 src/sot_graph/mcp_service.py:134",
      "line_start": 134,
      "line_end": 173,
      "change_type": "modified",
      "intersected_lines": [
        [
          134,
          175
        ]
      ]
    },
    {
      "id": "sym:0430ca2f393f:McpService",
      "path": "/Users/giapminh79/code/GitHub/sot-graph/src/sot_graph/mcp_service.py",
      "kind": "class",
      "symbol": "McpService",
      "fqn": "sot_graph.mcp_service.McpService",
      "label": "class McpService \u2014 src/sot_graph/mcp_service.py:208",
      "line_start": 208,
      "line_end": 1940,
      "change_type": "modified",
      "intersected_lines": [
        [
          727,
          727
        ],
        [
          730,
          730
        ],
        [
          781,
          783
        ],
        [
          795,
          795
        ],
        [
          901,
          901
        ],
        [
          1021,
          1022
        ],
        [
          984,
          984
        ],
        [
          1035,
          1037
        ],
        [
          1084,
          1084
        ],
        [
          1090,
          1105
        ]
      ]
    },
    {
      "id": "sym:0430ca2f393f:McpService._degrade_assurance_after_trim",
      "path": "/Users/giapminh79/code/GitHub/sot-graph/src/sot_graph/mcp_service.py",
      "kind": "method",
      "symbol": "McpService._degrade_assurance_after_trim",
      "fqn": "sot_graph.mcp_service.McpService._degrade_assurance_after_trim",
      "label": "def _degrade_assurance_after_trim \u2014 src/sot_graph/mcp_service.py:697",
      "line_start": 697,
      "line_end": 755,
      "change_type": "modified",
      "intersected_lines": [
        [
          727,
          727
        ],
        [
          730,
          730
        ]
      ]
    },
    {
      "id": "sym:0430ca2f393f:McpService.search",
      "path": "/Users/giapminh79/code/GitHub/sot-graph/src/sot_graph/mcp_service.py",
      "kind": "method",
      "symbol": "McpService.search",
      "fqn": "sot_graph.mcp_service.McpService.search",
      "label": "def search \u2014 src/sot_graph/mcp_service.py:757",
      "line_start": 757,
      "line_end": 913,
      "change_type": "modified",
      "intersected_lines": [
        [
          781,
          783
        ],
        [
          795,
          795
        ],
        [
          901,
          901
        ]
      ]
    },
    {
      "id": "sym:0430ca2f393f:McpService.search.empty_op",
      "path": "/Users/giapminh79/code/GitHub/sot-graph/src/sot_graph/mcp_service.py",
      "kind": "method",
      "symbol": "McpService.search.empty_op",
      "fqn": "sot_graph.mcp_service.McpService.search.empty_op",
      "label": "def empty_op \u2014 src/sot_graph/mcp_service.py:789",
      "line_start": 789,
      "line_end": 808,
      "change_type": "modified",
      "intersected_lines": [
        [
          795,
          795
        ]
      ]
    },
    {
      "id": "sym:0430ca2f393f:McpService.search.op",
      "path": "/Users/giapminh79/code/GitHub/sot-graph/src/sot_graph/mcp_service.py",
      "kind": "method",
      "symbol": "McpService.search.op",
      "fqn": "sot_graph.mcp_service.McpService.search.op",
      "label": "def op \u2014 src/sot_graph/mcp_service.py:812",
      "line_start": 812,
      "line_end": 912,
      "change_type": "modified",
      "intersected_lines": [
        [
          901,
          901
        ]
      ]
    },
    {
      "id": "sym:0430ca2f393f:McpService.explore",
      "path": "/Users/giapminh79/code/GitHub/sot-graph/src/sot_graph/mcp_service.py",
      "kind": "method",
      "symbol": "McpService.explore",
      "fqn": "sot_graph.mcp_service.McpService.explore",
      "label": "def explore \u2014 src/sot_graph/mcp_service.py:915",
      "line_start": 915,
      "line_end": 998,
      "change_type": "modified",
      "intersected_lines": [
        [
          984,
          984
        ]
      ]
    },
    {
      "id": "sym:0430ca2f393f:McpService.explore.op",
      "path": "/Users/giapminh79/code/GitHub/sot-graph/src/sot_graph/mcp_service.py",
      "kind": "method",
      "symbol": "McpService.explore.op",
      "fqn": "sot_graph.mcp_service.McpService.explore.op",
      "label": "def op \u2014 src/sot_graph/mcp_service.py:923",
      "line_start": 923,
      "line_end": 997,
      "change_type": "modified",
      "intersected_lines": [
        [
          984,
          984
        ]
      ]
    },
    {
      "id": "sym:0430ca2f393f:McpService.usages",
      "path": "/Users/giapminh79/code/GitHub/sot-graph/src/sot_graph/mcp_service.py",
      "kind": "method",
      "symbol": "McpService.usages",
      "fqn": "sot_graph.mcp_service.McpService.usages",
      "label": "def usages \u2014 src/sot_graph/mcp_service.py:1017",
      "line_start": 1017,
      "line_end": 1105,
      "change_type": "modified",
      "intersected_lines": [
        [
          1021,
          1022
        ],
        [
          1035,
          1037
        ],
        [
          1084,
          1084
        ],
        [
          1090,
          1105
        ]
      ]
    },
    {
      "id": "sym:0430ca2f393f:McpService.usages.op",
      "path": "/Users/giapminh79/code/GitHub/sot-graph/src/sot_graph/mcp_service.py",
      "kind": "method",
      "symbol": "McpService.usages.op",
      "fqn": "sot_graph.mcp_service.McpService.usages.op",
      "label": "def op \u2014 src/sot_graph/mcp_service.py:1039",
      "line_start": 1039,
      "line_end": 1089,
      "change_type": "modified",
      "intersected_lines": [
        [
          1084,
          1084
        ]
      ]
    },
    {
      "id": "file:1747a3cf05a2",
      "path": "/Users/giapminh79/code/GitHub/sot-graph/tests/test_managed_policy_parity.py",
      "kind": "file",
      "symbol": "test_managed_policy_parity.py",
      "fqn": "tests.test_managed_policy_parity",
      "label": "File: tests/test_managed_policy_parity.py",
      "line_start": 1,
      "line_end": 268,
      "change_type": "modified",
      "intersected_lines": [
        [
          1,
          267
        ]
      ]
    },
    {
      "id": "sym:1747a3cf05a2:repo",
      "path": "/Users/giapminh79/code/GitHub/sot-graph/tests/test_managed_policy_parity.py",
      "kind": "function",
      "symbol": "repo",
      "fqn": "tests.test_managed_policy_parity.repo",
      "label": "def repo \u2014 tests/test_managed_policy_parity.py:17",
      "line_start": 17,
      "line_end": 35,
      "change_type": "modified",
      "intersected_lines": [
        [
          1,
          267
        ]
      ]
    },
    {
      "id": "sym:1747a3cf05a2:repo.git_only",
      "path": "/Users/giapminh79/code/GitHub/sot-graph/tests/test_managed_policy_parity.py",
      "kind": "method",
      "symbol": "repo.git_only",
      "fqn": "tests.test_managed_policy_parity.repo.git_only",
      "label": "def git_only \u2014 tests/test_managed_policy_parity.py:30",
      "line_start": 30,
      "line_end": 32,
      "change_type": "modified",
      "intersected_lines": [
        [
          1,
          267
        ]
      ]
    },
    {
      "id": "sym:1747a3cf05a2:snapshot",
      "path": "/Users/giapminh79/code/GitHub/sot-graph/tests/test_managed_policy_parity.py",
      "kind": "function",
      "symbol": "snapshot",
      "fqn": "tests.test_managed_policy_parity.snapshot",
      "label": "def snapshot \u2014 tests/test_managed_policy_parity.py:38",
      "line_start": 38,
      "line_end": 40,
      "change_type": "modified",
      "intersected_lines": [
        [
          1,
          267
        ]
      ]
    },
    {
      "id": "sym:1747a3cf05a2:service",
      "path": "/Users/giapminh79/code/GitHub/sot-graph/tests/test_managed_policy_parity.py",
      "kind": "function",
      "symbol": "service",
      "fqn": "tests.test_managed_policy_parity.service",
      "label": "def service \u2014 tests/test_managed_policy_parity.py:43",
      "line_start": 43,
      "line_end": 44,
      "change_type": "modified",
      "intersected_lines": [
        [
          1,
          267
        ]
      ]
    },
    {
      "id": "sym:1747a3cf05a2:outcome",
      "path": "/Users/giapminh79/code/GitHub/sot-graph/tests/test_managed_policy_parity.py",
      "kind": "function",
      "symbol": "outcome",
      "fqn": "tests.test_managed_policy_parity.outcome",
      "label": "def outcome \u2014 tests/test_managed_policy_parity.py:47",
      "line_start": 47,
      "line_end": 52,
      "change_type": "modified",
      "intersected_lines": [
        [
          1,
          267
        ]
      ]
    },
    {
      "id": "sym:1747a3cf05a2:dispatch",
      "path": "/Users/giapminh79/code/GitHub/sot-graph/tests/test_managed_policy_parity.py",
      "kind": "function",
      "symbol": "dispatch",
      "fqn": "tests.test_managed_policy_parity.dispatch",
      "label": "def dispatch \u2014 tests/test_managed_policy_parity.py:55",
      "line_start": 55,
      "line_end": 58,
      "change_type": "modified",
      "intersected_lines": [
        [
          1,
          267
        ]
      ]
    },
    {
      "id": "sym:1747a3cf05a2:run_cli",
      "path": "/Users/giapminh79/code/GitHub/sot-graph/tests/test_managed_policy_parity.py",
      "kind": "function",
      "symbol": "run_cli",
      "fqn": "tests.test_managed_policy_parity.run_cli",
      "label": "def run_cli \u2014 tests/test_managed_policy_parity.py:61",
      "line_start": 61,
      "line_end": 69,
      "change_type": "modified",
      "intersected_lines": [
        [
          1,
          267
        ]
      ]
    },
    {
      "id": "sym:1747a3cf05a2:test_builtin_never_dispatches_or_loads_managed_config",
      "path": "/Users/giapminh79/code/GitHub/sot-graph/tests/test_managed_policy_parity.py",
      "kind": "function",
      "symbol": "test_builtin_never_dispatches_or_loads_managed_config",
      "fqn": "tests.test_managed_policy_parity.test_builtin_never_dispatches_or_loads_managed_config",
      "label": "def test_builtin_never_dispatches_or_loads_managed_config \u2014 tests/test_managed_policy_parity.py:73",
      "line_start": 73,
      "line_end": 84,
      "change_type": "modified",
      "intersected_lines": [
        [
          1,
          267
        ]
      ]
    },
    {
      "id": "sym:1747a3cf05a2:test_fallback_and_fail_closed_parity",
      "path": "/Users/giapminh79/code/GitHub/sot-graph/tests/test_managed_policy_parity.py",
      "kind": "function",
      "symbol": "test_fallback_and_fail_closed_parity",
      "fqn": "tests.test_managed_policy_parity.test_fallback_and_fail_closed_parity",
      "label": "def test_fallback_and_fail_closed_parity \u2014 tests/test_managed_policy_parity.py:93",
      "line_start": 93,
      "line_end": 119,
      "change_type": "modified",
      "intersected_lines": [
        [
          1,
          267
        ]
      ]
    },
    {
      "id": "sym:1747a3cf05a2:test_search_evidence_does_not_promote_builtin_trust",
      "path": "/Users/giapminh79/code/GitHub/sot-graph/tests/test_managed_policy_parity.py",
      "kind": "function",
      "symbol": "test_search_evidence_does_not_promote_builtin_trust",
      "fqn": "tests.test_managed_policy_parity.test_search_evidence_does_not_promote_builtin_trust",
      "label": "def test_search_evidence_does_not_promote_builtin_trust \u2014 tests/test_managed_policy_parity.py:122",
      "line_start": 122,
      "line_end": 139,
      "change_type": "modified",
      "intersected_lines": [
        [
          1,
          267
        ]
      ]
    },
    {
      "id": "sym:1747a3cf05a2:test_mcp_invalid_bounds_precede_dispatch",
      "path": "/Users/giapminh79/code/GitHub/sot-graph/tests/test_managed_policy_parity.py",
      "kind": "function",
      "symbol": "test_mcp_invalid_bounds_precede_dispatch",
      "fqn": "tests.test_managed_policy_parity.test_mcp_invalid_bounds_precede_dispatch",
      "label": "def test_mcp_invalid_bounds_precede_dispatch \u2014 tests/test_managed_policy_parity.py:145",
      "line_start": 145,
      "line_end": 152,
      "change_type": "modified",
      "intersected_lines": [
        [
          1,
          267
        ]
      ]
    },
    {
      "id": "sym:1747a3cf05a2:test_mcp_clamps_limit_and_budget_before_dispatch",
      "path": "/Users/giapminh79/code/GitHub/sot-graph/tests/test_managed_policy_parity.py",
      "kind": "function",
      "symbol": "test_mcp_clamps_limit_and_budget_before_dispatch",
      "fqn": "tests.test_managed_policy_parity.test_mcp_clamps_limit_and_budget_before_dispatch",
      "label": "def test_mcp_clamps_limit_and_budget_before_dispatch \u2014 tests/test_managed_policy_parity.py:156",
      "line_start": 156,
      "line_end": 161,
      "change_type": "modified",
      "intersected_lines": [
        [
          1,
          267
        ]
      ]
    },
    {
      "id": "sym:1747a3cf05a2:test_cli_explicit_legacy_provider_conflicts",
      "path": "/Users/giapminh79/code/GitHub/sot-graph/tests/test_managed_policy_parity.py",
      "kind": "function",
      "symbol": "test_cli_explicit_legacy_provider_conflicts",
      "fqn": "tests.test_managed_policy_parity.test_cli_explicit_legacy_provider_conflicts",
      "label": "def test_cli_explicit_legacy_provider_conflicts \u2014 tests/test_managed_policy_parity.py:166",
      "line_start": 166,
      "line_end": 183,
      "change_type": "modified",
      "intersected_lines": [
        [
          1,
          267
        ]
      ]
    },
    {
      "id": "sym:1747a3cf05a2:test_cli_invalid_search_bounds_precede_trusted_loader",
      "path": "/Users/giapminh79/code/GitHub/sot-graph/tests/test_managed_policy_parity.py",
      "kind": "function",
      "symbol": "test_cli_invalid_search_bounds_precede_trusted_loader",
      "fqn": "tests.test_managed_policy_parity.test_cli_invalid_search_bounds_precede_trusted_loader",
      "label": "def test_cli_invalid_search_bounds_precede_trusted_loader \u2014 tests/test_managed_policy_parity.py:188",
      "line_start": 188,
      "line_end": 198,
      "change_type": "modified",
      "intersected_lines": [
        [
          1,
          267
        ]
      ]
    },
    {
      "id": "sym:1747a3cf05a2:test_cli_external_never_reconciles_or_creates_database",
      "path": "/Users/giapminh79/code/GitHub/sot-graph/tests/test_managed_policy_parity.py",
      "kind": "function",
      "symbol": "test_cli_external_never_reconciles_or_creates_database",
      "fqn": "tests.test_managed_policy_parity.test_cli_external_never_reconciles_or_creates_database",
      "label": "def test_cli_external_never_reconciles_or_creates_database \u2014 tests/test_managed_policy_parity.py:203",
      "line_start": 203,
      "line_end": 216,
      "change_type": "modified",
      "intersected_lines": [
        [
          1,
          267
        ]
      ]
    },
    {
      "id": "sym:1747a3cf05a2:test_builtin_error_serialization_remains_code_message_only",
      "path": "/Users/giapminh79/code/GitHub/sot-graph/tests/test_managed_policy_parity.py",
      "kind": "function",
      "symbol": "test_builtin_error_serialization_remains_code_message_only",
      "fqn": "tests.test_managed_policy_parity.test_builtin_error_serialization_remains_code_message_only",
      "label": "def test_builtin_error_serialization_remains_code_message_only \u2014 tests/test_managed_policy_parity.py:219",
      "line_start": 219,
      "line_end": 225,
      "change_type": "modified",
      "intersected_lines": [
        [
          1,
          267
        ]
      ]
    },
    {
      "id": "sym:1747a3cf05a2:test_external_missing_target_retains_policy_and_managed",
      "path": "/Users/giapminh79/code/GitHub/sot-graph/tests/test_managed_policy_parity.py",
      "kind": "function",
      "symbol": "test_external_missing_target_retains_policy_and_managed",
      "fqn": "tests.test_managed_policy_parity.test_external_missing_target_retains_policy_and_managed",
      "label": "def test_external_missing_target_retains_policy_and_managed \u2014 tests/test_managed_policy_parity.py:228",
      "line_start": 228,
      "line_end": 240,
      "change_type": "modified",
      "intersected_lines": [
        [
          1,
          267
        ]
      ]
    },
    {
      "id": "sym:1747a3cf05a2:test_external_error_diagnostics_are_safe_and_metadata_retained",
      "path": "/Users/giapminh79/code/GitHub/sot-graph/tests/test_managed_policy_parity.py",
      "kind": "function",
      "symbol": "test_external_error_diagnostics_are_safe_and_metadata_retained",
      "fqn": "tests.test_managed_policy_parity.test_external_error_diagnostics_are_safe_and_metadata_retained",
      "label": "def test_external_error_diagnostics_are_safe_and_metadata_retained \u2014 tests/test_managed_policy_parity.py:244",
      "line_start": 244,
      "line_end": 267,
      "change_type": "modified",
      "intersected_lines": [
        [
          1,
          267
        ]
      ]
    },
    {
      "id": "file:b59b1cd8bb8c",
      "path": "/Users/giapminh79/code/GitHub/sot-graph/tests/test_managed_read_dispatch.py",
      "kind": "file",
      "symbol": "test_managed_read_dispatch.py",
      "fqn": "tests.test_managed_read_dispatch",
      "label": "File: tests/test_managed_read_dispatch.py",
      "line_start": 1,
      "line_end": 307,
      "change_type": "modified",
      "intersected_lines": [
        [
          1,
          306
        ]
      ]
    },
    {
      "id": "sym:b59b1cd8bb8c:no_legacy_or_writes",
      "path": "/Users/giapminh79/code/GitHub/sot-graph/tests/test_managed_read_dispatch.py",
      "kind": "function",
      "symbol": "no_legacy_or_writes",
      "fqn": "tests.test_managed_read_dispatch.no_legacy_or_writes",
      "label": "def no_legacy_or_writes \u2014 tests/test_managed_read_dispatch.py:20",
      "line_start": 20,
      "line_end": 29,
      "change_type": "modified",
      "intersected_lines": [
        [
          1,
          306
        ]
      ]
    },
    {
      "id": "sym:b59b1cd8bb8c:no_legacy_or_writes.forbidden",
      "path": "/Users/giapminh79/code/GitHub/sot-graph/tests/test_managed_read_dispatch.py",
      "kind": "method",
      "symbol": "no_legacy_or_writes.forbidden",
      "fqn": "tests.test_managed_read_dispatch.no_legacy_or_writes.forbidden",
      "label": "def forbidden \u2014 tests/test_managed_read_dispatch.py:21",
      "line_start": 21,
      "line_end": 22,
      "change_type": "modified",
      "intersected_lines": [
        [
          1,
          306
        ]
      ]
    },
    {
      "id": "sym:b59b1cd8bb8c:dispatch",
      "path": "/Users/giapminh79/code/GitHub/sot-graph/tests/test_managed_read_dispatch.py",
      "kind": "function",
      "symbol": "dispatch",
      "fqn": "tests.test_managed_read_dispatch.dispatch",
      "label": "def dispatch \u2014 tests/test_managed_read_dispatch.py:32",
      "line_start": 32,
      "line_end": 34,
      "change_type": "modified",
      "intersected_lines": [
        [
          1,
          306
        ]
      ]
    },
    {
      "id": "sym:b59b1cd8bb8c:assert_refusal",
      "path": "/Users/giapminh79/code/GitHub/sot-graph/tests/test_managed_read_dispatch.py",
      "kind": "function",
      "symbol": "assert_refusal",
      "fqn": "tests.test_managed_read_dispatch.assert_refusal",
      "label": "def assert_refusal \u2014 tests/test_managed_read_dispatch.py:37",
      "line_start": 37,
      "line_end": 45,
      "change_type": "modified",
      "intersected_lines": [
        [
          1,
          306
        ]
      ]
    },
    {
      "id": "sym:b59b1cd8bb8c:test_builtin_bypasses_all_loaders_even_corrupt_configuration",
      "path": "/Users/giapminh79/code/GitHub/sot-graph/tests/test_managed_read_dispatch.py",
      "kind": "function",
      "symbol": "test_builtin_bypasses_all_loaders_even_corrupt_configuration",
      "fqn": "tests.test_managed_read_dispatch.test_builtin_bypasses_all_loaders_even_corrupt_configuration",
      "label": "def test_builtin_bypasses_all_loaders_even_corrupt_configuration \u2014 tests/test_managed_read_dispatch.py:48",
      "line_start": 48,
      "line_end": 61,
      "change_type": "modified",
      "intersected_lines": [
        [
          1,
          306
        ]
      ]
    },
    {
      "id": "sym:b59b1cd8bb8c:test_unsupported_usages_never_loads",
      "path": "/Users/giapminh79/code/GitHub/sot-graph/tests/test_managed_read_dispatch.py",
      "kind": "function",
      "symbol": "test_unsupported_usages_never_loads",
      "fqn": "tests.test_managed_read_dispatch.test_unsupported_usages_never_loads",
      "label": "def test_unsupported_usages_never_loads \u2014 tests/test_managed_read_dispatch.py:65",
      "line_start": 65,
      "line_end": 71,
      "change_type": "modified",
      "intersected_lines": [
        [
          1,
          306
        ]
      ]
    },
    {
      "id": "sym:b59b1cd8bb8c:test_real_trusted_configuration_failures",
      "path": "/Users/giapminh79/code/GitHub/sot-graph/tests/test_managed_read_dispatch.py",
      "kind": "function",
      "symbol": "test_real_trusted_configuration_failures",
      "fqn": "tests.test_managed_read_dispatch.test_real_trusted_configuration_failures",
      "label": "def test_real_trusted_configuration_failures \u2014 tests/test_managed_read_dispatch.py:76",
      "line_start": 76,
      "line_end": 95,
      "change_type": "modified",
      "intersected_lines": [
        [
          1,
          306
        ]
      ]
    },
    {
      "id": "sym:b59b1cd8bb8c:test_explicit_repository_denial_precedes_admin_loader",
      "path": "/Users/giapminh79/code/GitHub/sot-graph/tests/test_managed_read_dispatch.py",
      "kind": "function",
      "symbol": "test_explicit_repository_denial_precedes_admin_loader",
      "fqn": "tests.test_managed_read_dispatch.test_explicit_repository_denial_precedes_admin_loader",
      "label": "def test_explicit_repository_denial_precedes_admin_loader \u2014 tests/test_managed_read_dispatch.py:99",
      "line_start": 99,
      "line_end": 106,
      "change_type": "modified",
      "intersected_lines": [
        [
          1,
          306
        ]
      ]
    },
    {
      "id": "sym:b59b1cd8bb8c:test_repository_cannot_grant_native_execution",
      "path": "/Users/giapminh79/code/GitHub/sot-graph/tests/test_managed_read_dispatch.py",
      "kind": "function",
      "symbol": "test_repository_cannot_grant_native_execution",
      "fqn": "tests.test_managed_read_dispatch.test_repository_cannot_grant_native_execution",
      "label": "def test_repository_cannot_grant_native_execution \u2014 tests/test_managed_read_dispatch.py:109",
      "line_start": 109,
      "line_end": 116,
      "change_type": "modified",
      "intersected_lines": [
        [
          1,
          306
        ]
      ]
    },
    {
      "id": "sym:b59b1cd8bb8c:test_real_adapter_retains_runtime_readiness_guard",
      "path": "/Users/giapminh79/code/GitHub/sot-graph/tests/test_managed_read_dispatch.py",
      "kind": "function",
      "symbol": "test_real_adapter_retains_runtime_readiness_guard",
      "fqn": "tests.test_managed_read_dispatch.test_real_adapter_retains_runtime_readiness_guard",
      "label": "def test_real_adapter_retains_runtime_readiness_guard \u2014 tests/test_managed_read_dispatch.py:120",
      "line_start": 120,
      "line_end": 138,
      "change_type": "modified",
      "intersected_lines": [
        [
          1,
          306
        ]
      ]
    },
    {
      "id": "sym:b59b1cd8bb8c:test_real_adapter_retains_runtime_readiness_guard.guard",
      "path": "/Users/giapminh79/code/GitHub/sot-graph/tests/test_managed_read_dispatch.py",
      "kind": "method",
      "symbol": "test_real_adapter_retains_runtime_readiness_guard.guard",
      "fqn": "tests.test_managed_read_dispatch.test_real_adapter_retains_runtime_readiness_guard.guard",
      "label": "def guard \u2014 tests/test_managed_read_dispatch.py:128",
      "line_start": 128,
      "line_end": 130,
      "change_type": "modified",
      "intersected_lines": [
        [
          1,
          306
        ]
      ]
    },
    {
      "id": "sym:b59b1cd8bb8c:test_registered_provider_and_exact_normalization_are_reused",
      "path": "/Users/giapminh79/code/GitHub/sot-graph/tests/test_managed_read_dispatch.py",
      "kind": "function",
      "symbol": "test_registered_provider_and_exact_normalization_are_reused",
      "fqn": "tests.test_managed_read_dispatch.test_registered_provider_and_exact_normalization_are_reused",
      "label": "def test_registered_provider_and_exact_normalization_are_reused \u2014 tests/test_managed_read_dispatch.py:142",
      "line_start": 142,
      "line_end": 172,
      "change_type": "modified",
      "intersected_lines": [
        [
          1,
          306
        ]
      ]
    },
    {
      "id": "sym:b59b1cd8bb8c:test_invalid_limit_errors_without_loader",
      "path": "/Users/giapminh79/code/GitHub/sot-graph/tests/test_managed_read_dispatch.py",
      "kind": "function",
      "symbol": "test_invalid_limit_errors_without_loader",
      "fqn": "tests.test_managed_read_dispatch.test_invalid_limit_errors_without_loader",
      "label": "def test_invalid_limit_errors_without_loader \u2014 tests/test_managed_read_dispatch.py:176",
      "line_start": 176,
      "line_end": 182,
      "change_type": "modified",
      "intersected_lines": [
        [
          1,
          306
        ]
      ]
    },
    {
      "id": "sym:b59b1cd8bb8c:test_scope_postfilter_and_limit_clamp",
      "path": "/Users/giapminh79/code/GitHub/sot-graph/tests/test_managed_read_dispatch.py",
      "kind": "function",
      "symbol": "test_scope_postfilter_and_limit_clamp",
      "fqn": "tests.test_managed_read_dispatch.test_scope_postfilter_and_limit_clamp",
      "label": "def test_scope_postfilter_and_limit_clamp \u2014 tests/test_managed_read_dispatch.py:185",
      "line_start": 185,
      "line_end": 199,
      "change_type": "modified",
      "intersected_lines": [
        [
          1,
          306
        ]
      ]
    },
    {
      "id": "sym:b59b1cd8bb8c:test_environment_deny_precedes_admin_loader",
      "path": "/Users/giapminh79/code/GitHub/sot-graph/tests/test_managed_read_dispatch.py",
      "kind": "function",
      "symbol": "test_environment_deny_precedes_admin_loader",
      "fqn": "tests.test_managed_read_dispatch.test_environment_deny_precedes_admin_loader",
      "label": "def test_environment_deny_precedes_admin_loader \u2014 tests/test_managed_read_dispatch.py:203",
      "line_start": 203,
      "line_end": 208,
      "change_type": "modified",
      "intersected_lines": [
        [
          1,
          306
        ]
      ]
    },
    {
      "id": "sym:b59b1cd8bb8c:test_malformed_repository_config_never_loads_admin",
      "path": "/Users/giapminh79/code/GitHub/sot-graph/tests/test_managed_read_dispatch.py",
      "kind": "function",
      "symbol": "test_malformed_repository_config_never_loads_admin",
      "fqn": "tests.test_managed_read_dispatch.test_malformed_repository_config_never_loads_admin",
      "label": "def test_malformed_repository_config_never_loads_admin \u2014 tests/test_managed_read_dispatch.py:212",
      "line_start": 212,
      "line_end": 218,
      "change_type": "modified",
      "intersected_lines": [
        [
          1,
          306
        ]
      ]
    },
    {
      "id": "sym:b59b1cd8bb8c:test_escaping_scope_is_invalid_without_loader",
      "path": "/Users/giapminh79/code/GitHub/sot-graph/tests/test_managed_read_dispatch.py",
      "kind": "function",
      "symbol": "test_escaping_scope_is_invalid_without_loader",
      "fqn": "tests.test_managed_read_dispatch.test_escaping_scope_is_invalid_without_loader",
      "label": "def test_escaping_scope_is_invalid_without_loader \u2014 tests/test_managed_read_dispatch.py:222",
      "line_start": 222,
      "line_end": 232,
      "change_type": "modified",
      "intersected_lines": [
        [
          1,
          306
        ]
      ]
    },
    {
      "id": "sym:b59b1cd8bb8c:test_invalid_query_does_not_load_admin",
      "path": "/Users/giapminh79/code/GitHub/sot-graph/tests/test_managed_read_dispatch.py",
      "kind": "function",
      "symbol": "test_invalid_query_does_not_load_admin",
      "fqn": "tests.test_managed_read_dispatch.test_invalid_query_does_not_load_admin",
      "label": "def test_invalid_query_does_not_load_admin \u2014 tests/test_managed_read_dispatch.py:236",
      "line_start": 236,
      "line_end": 243,
      "change_type": "modified",
      "intersected_lines": [
        [
          1,
          306
        ]
      ]
    },
    {
      "id": "sym:b59b1cd8bb8c:test_unsafe_repository_config_is_not_read_as_grant",
      "path": "/Users/giapminh79/code/GitHub/sot-graph/tests/test_managed_read_dispatch.py",
      "kind": "function",
      "symbol": "test_unsafe_repository_config_is_not_read_as_grant",
      "fqn": "tests.test_managed_read_dispatch.test_unsafe_repository_config_is_not_read_as_grant",
      "label": "def test_unsafe_repository_config_is_not_read_as_grant \u2014 tests/test_managed_read_dispatch.py:247",
      "line_start": 247,
      "line_end": 260,
      "change_type": "modified",
      "intersected_lines": [
        [
          1,
          306
        ]
      ]
    },
    {
      "id": "sym:b59b1cd8bb8c:test_requested_limit_truncates_normalized_evidence",
      "path": "/Users/giapminh79/code/GitHub/sot-graph/tests/test_managed_read_dispatch.py",
      "kind": "function",
      "symbol": "test_requested_limit_truncates_normalized_evidence",
      "fqn": "tests.test_managed_read_dispatch.test_requested_limit_truncates_normalized_evidence",
      "label": "def test_requested_limit_truncates_normalized_evidence \u2014 tests/test_managed_read_dispatch.py:263",
      "line_start": 263,
      "line_end": 276,
      "change_type": "modified",
      "intersected_lines": [
        [
          1,
          306
        ]
      ]
    },
    {
      "id": "sym:b59b1cd8bb8c:test_native_candidates_cannot_escape_root",
      "path": "/Users/giapminh79/code/GitHub/sot-graph/tests/test_managed_read_dispatch.py",
      "kind": "function",
      "symbol": "test_native_candidates_cannot_escape_root",
      "fqn": "tests.test_managed_read_dispatch.test_native_candidates_cannot_escape_root",
      "label": "def test_native_candidates_cannot_escape_root \u2014 tests/test_managed_read_dispatch.py:280",
      "line_start": 280,
      "line_end": 293,
      "change_type": "modified",
      "intersected_lines": [
        [
          1,
          306
        ]
      ]
    },
    {
      "id": "sym:b59b1cd8bb8c:test_native_failure_never_leaks_diagnostic",
      "path": "/Users/giapminh79/code/GitHub/sot-graph/tests/test_managed_read_dispatch.py",
      "kind": "function",
      "symbol": "test_native_failure_never_leaks_diagnostic",
      "fqn": "tests.test_managed_read_dispatch.test_native_failure_never_leaks_diagnostic",
      "label": "def test_native_failure_never_leaks_diagnostic \u2014 tests/test_managed_read_dispatch.py:297",
      "line_start": 297,
      "line_end": 306,
      "change_type": "modified",
      "intersected_lines": [
        [
          1,
          306
        ]
      ]
    }
  ],
  "caller_impacts": [
    {
      "id": "file:a19ed4a6c769",
      "path": "/Users/giapminh79/code/GitHub/sot-graph/scripts/adapter_docs_check.py",
      "kind": "file",
      "symbol": "adapter_docs_check.py",
      "fqn": "scripts.adapter_docs_check",
      "label": "File: scripts/adapter_docs_check.py",
      "line_start": 1,
      "depth": 1,
      "via_relation": "imports",
      "callee_id": "sym:a299afe5c13c:build_parser",
      "callee_symbol": "build_parser"
    },
    {
      "id": "sym:a19ed4a6c769:CliTruth.__init__",
      "path": "/Users/giapminh79/code/GitHub/sot-graph/scripts/adapter_docs_check.py",
      "kind": "method",
      "symbol": "CliTruth.__init__",
      "fqn": "scripts.adapter_docs_check.CliTruth.__init__",
      "label": "def __init__ \u2014 scripts/adapter_docs_check.py:146",
      "line_start": 146,
      "depth": 1,
      "via_relation": "calls",
      "callee_id": "sym:a299afe5c13c:build_parser",
      "callee_symbol": "build_parser"
    },
    {
      "id": "file:c3d36d674c17",
      "path": "/Users/giapminh79/code/GitHub/sot-graph/scripts/bench_holdout.py",
      "kind": "file",
      "symbol": "bench_holdout.py",
      "fqn": "scripts.bench_holdout",
      "label": "File: scripts/bench_holdout.py",
      "line_start": 1,
      "depth": 1,
      "via_relation": "imports",
      "callee_id": "sym:0430ca2f393f:McpService",
      "callee_symbol": "McpService"
    },
    {
      "id": "sym:c3d36d674c17:run_repo",
      "path": "/Users/giapminh79/code/GitHub/sot-graph/scripts/bench_holdout.py",
      "kind": "function",
      "symbol": "run_repo",
      "fqn": "scripts.bench_holdout.run_repo",
      "label": "def run_repo \u2014 scripts/bench_holdout.py:689",
      "line_start": 689,
      "depth": 1,
      "via_relation": "calls",
      "callee_id": "sym:0430ca2f393f:McpService",
      "callee_symbol": "McpService"
    },
    {
      "id": "file:d96f963a2a22",
      "path": "/Users/giapminh79/code/GitHub/sot-graph/scripts/module_eval.py",
      "kind": "file",
      "symbol": "module_eval.py",
      "fqn": "scripts.module_eval",
      "label": "File: scripts/module_eval.py",
      "line_start": 1,
      "depth": 1,
      "via_relation": "imports",
      "callee_id": "sym:a299afe5c13c:build_parser",
      "callee_symbol": "build_parser"
    },
    {
      "id": "sym:d96f963a2a22:_probe_cli_hybrid_scope_ignored",
      "path": "/Users/giapminh79/code/GitHub/sot-graph/scripts/module_eval.py",
      "kind": "function",
      "symbol": "_probe_cli_hybrid_scope_ignored",
      "fqn": "scripts.module_eval._probe_cli_hybrid_scope_ignored",
      "label": "def _probe_cli_hybrid_scope_ignored \u2014 scripts/module_eval.py:271",
      "line_start": 271,
      "depth": 1,
      "via_relation": "calls",
      "callee_id": "sym:a299afe5c13c:build_parser",
      "callee_symbol": "build_parser"
    },
    {
      "id": "file:6760c8ade414",
      "path": "/Users/giapminh79/code/GitHub/sot-graph/src/sot_graph/mcp_server.py",
      "kind": "file",
      "symbol": "mcp_server.py",
      "fqn": "sot_graph.mcp_server",
      "label": "File: src/sot_graph/mcp_server.py",
      "line_start": 1,
      "depth": 1,
      "via_relation": "imports",
      "callee_id": "sym:0430ca2f393f:McpServiceError",
      "callee_symbol": "McpServiceError"
    },
    {
      "id": "sym:6760c8ade414:create_server.get_prompt",
      "path": "/Users/giapminh79/code/GitHub/sot-graph/src/sot_graph/mcp_server.py",
      "kind": "method",
      "symbol": "create_server.get_prompt",
      "fqn": "sot_graph.mcp_server.create_server.get_prompt",
      "label": "async def get_prompt \u2014 src/sot_graph/mcp_server.py:655",
      "line_start": 655,
      "depth": 1,
      "via_relation": "calls",
      "callee_id": "sym:0430ca2f393f:McpServiceError",
      "callee_symbol": "McpServiceError"
    },
    {
      "id": "sym:6760c8ade414:create_server.read_resource",
      "path": "/Users/giapminh79/code/GitHub/sot-graph/src/sot_graph/mcp_server.py",
      "kind": "method",
      "symbol": "create_server.read_resource",
      "fqn": "sot_graph.mcp_server.create_server.read_resource",
      "label": "async def read_resource \u2014 src/sot_graph/mcp_server.py:704",
      "line_start": 704,
      "depth": 1,
      "via_relation": "calls",
      "callee_id": "sym:0430ca2f393f:McpServiceError",
      "callee_symbol": "McpServiceError"
    },
    {
      "id": "sym:6760c8ade414:main",
      "path": "/Users/giapminh79/code/GitHub/sot-graph/src/sot_graph/mcp_server.py",
      "kind": "function",
      "symbol": "main",
      "fqn": "sot_graph.mcp_server.main",
      "label": "def main \u2014 src/sot_graph/mcp_server.py:769",
      "line_start": 769,
      "depth": 1,
      "via_relation": "calls",
      "callee_id": "sym:0430ca2f393f:McpService",
      "callee_symbol": "McpService"
    },
    {
      "id": "sym:0430ca2f393f:resolve_and_validate_output_path",
      "path": "/Users/giapminh79/code/GitHub/sot-graph/src/sot_graph/mcp_service.py",
      "kind": "function",
      "symbol": "resolve_and_validate_output_path",
      "fqn": "sot_graph.mcp_service.resolve_and_validate_output_path",
      "label": "def resolve_and_validate_output_path \u2014 src/sot_graph/mcp_service.py:82",
      "line_start": 82,
      "depth": 1,
      "via_relation": "calls",
      "callee_id": "sym:0430ca2f393f:McpServiceError",
      "callee_symbol": "McpServiceError"
    },
    {
      "id": "sym:0430ca2f393f:_require_satisfiable_policy",
      "path": "/Users/giapminh79/code/GitHub/sot-graph/src/sot_graph/mcp_service.py",
      "kind": "function",
      "symbol": "_require_satisfiable_policy",
      "fqn": "sot_graph.mcp_service._require_satisfiable_policy",
      "label": "def _require_satisfiable_policy \u2014 src/sot_graph/mcp_service.py:105",
      "line_start": 105,
      "depth": 1,
      "via_relation": "calls",
      "callee_id": "sym:0430ca2f393f:McpServiceError",
      "callee_symbol": "McpServiceError"
    },
    {
      "id": "sym:0430ca2f393f:McpService.__init__",
      "path": "/Users/giapminh79/code/GitHub/sot-graph/src/sot_graph/mcp_service.py",
      "kind": "method",
      "symbol": "McpService.__init__",
      "fqn": "sot_graph.mcp_service.McpService.__init__",
      "label": "def __init__ \u2014 src/sot_graph/mcp_service.py:211",
      "line_start": 211,
      "depth": 1,
      "via_relation": "calls",
      "callee_id": "sym:0430ca2f393f:McpServiceError",
      "callee_symbol": "McpServiceError"
    },
    {
      "id": "sym:0430ca2f393f:McpService.providers_sync",
      "path": "/Users/giapminh79/code/GitHub/sot-graph/src/sot_graph/mcp_service.py",
      "kind": "method",
      "symbol": "McpService.providers_sync",
      "fqn": "sot_graph.mcp_service.McpService.providers_sync",
      "label": "def providers_sync \u2014 src/sot_graph/mcp_service.py:233",
      "line_start": 233,
      "depth": 1,
      "via_relation": "calls",
      "callee_id": "sym:0430ca2f393f:McpServiceError",
      "callee_symbol": "McpServiceError"
    },
    {
      "id": "sym:0430ca2f393f:McpService._connection",
      "path": "/Users/giapminh79/code/GitHub/sot-graph/src/sot_graph/mcp_service.py",
      "kind": "method",
      "symbol": "McpService._connection",
      "fqn": "sot_graph.mcp_service.McpService._connection",
      "label": "def _connection \u2014 src/sot_graph/mcp_service.py:307",
      "line_start": 307,
      "depth": 1,
      "via_relation": "calls",
      "callee_id": "sym:0430ca2f393f:McpServiceError",
      "callee_symbol": "McpServiceError"
    },
    {
      "id": "sym:0430ca2f393f:McpService._run",
      "path": "/Users/giapminh79/code/GitHub/sot-graph/src/sot_graph/mcp_service.py",
      "kind": "method",
      "symbol": "McpService._run",
      "fqn": "sot_graph.mcp_service.McpService._run",
      "label": "def _run \u2014 src/sot_graph/mcp_service.py:322",
      "line_start": 322,
      "depth": 1,
      "via_relation": "calls",
      "callee_id": "sym:0430ca2f393f:McpServiceError",
      "callee_symbol": "McpServiceError"
    },
    {
      "id": "sym:0430ca2f393f:McpService._reconcile_before_analysis",
      "path": "/Users/giapminh79/code/GitHub/sot-graph/src/sot_graph/mcp_service.py",
      "kind": "method",
      "symbol": "McpService._reconcile_before_analysis",
      "fqn": "sot_graph.mcp_service.McpService._reconcile_before_analysis",
      "label": "def _reconcile_before_analysis \u2014 src/sot_graph/mcp_service.py:338",
      "line_start": 338,
      "depth": 1,
      "via_relation": "calls",
      "callee_id": "sym:0430ca2f393f:McpServiceError",
      "callee_symbol": "McpServiceError"
    },
    {
      "id": "sym:0430ca2f393f:McpService._bounded",
      "path": "/Users/giapminh79/code/GitHub/sot-graph/src/sot_graph/mcp_service.py",
      "kind": "method",
      "symbol": "McpService._bounded",
      "fqn": "sot_graph.mcp_service.McpService._bounded",
      "label": "def _bounded \u2014 src/sot_graph/mcp_service.py:365",
      "line_start": 365,
      "depth": 1,
      "via_relation": "calls",
      "callee_id": "sym:0430ca2f393f:McpServiceError",
      "callee_symbol": "McpServiceError"
    },
    {
      "id": "sym:0430ca2f393f:McpService._fits_response",
      "path": "/Users/giapminh79/code/GitHub/sot-graph/src/sot_graph/mcp_service.py",
      "kind": "method",
      "symbol": "McpService._fits_response",
      "fqn": "sot_graph.mcp_service.McpService._fits_response",
      "label": "def _fits_response \u2014 src/sot_graph/mcp_service.py:462",
      "line_start": 462,
      "depth": 1,
      "via_relation": "calls",
      "callee_id": "sym:0430ca2f393f:McpServiceError",
      "callee_symbol": "McpServiceError"
    },
    {
      "id": "sym:0430ca2f393f:McpService._resolve_target_row",
      "path": "/Users/giapminh79/code/GitHub/sot-graph/src/sot_graph/mcp_service.py",
      "kind": "method",
      "symbol": "McpService._resolve_target_row",
      "fqn": "sot_graph.mcp_service.McpService._resolve_target_row",
      "label": "def _resolve_target_row \u2014 src/sot_graph/mcp_service.py:1000",
      "line_start": 1000,
      "depth": 1,
      "via_relation": "calls",
      "callee_id": "sym:0430ca2f393f:McpServiceError",
      "callee_symbol": "McpServiceError"
    },
    {
      "id": "sym:0430ca2f393f:McpService.implementations",
      "path": "/Users/giapminh79/code/GitHub/sot-graph/src/sot_graph/mcp_service.py",
      "kind": "method",
      "symbol": "McpService.implementations",
      "fqn": "sot_graph.mcp_service.McpService.implementations",
      "label": "def implementations \u2014 src/sot_graph/mcp_service.py:1107",
      "line_start": 1107,
      "depth": 1,
      "via_relation": "calls",
      "callee_id": "sym:0430ca2f393f:McpServiceError",
      "callee_symbol": "McpServiceError"
    },
    {
      "id": "sym:0430ca2f393f:McpService.repo_map",
      "path": "/Users/giapminh79/code/GitHub/sot-graph/src/sot_graph/mcp_service.py",
      "kind": "method",
      "symbol": "McpService.repo_map",
      "fqn": "sot_graph.mcp_service.McpService.repo_map",
      "label": "def repo_map \u2014 src/sot_graph/mcp_service.py:1137",
      "line_start": 1137,
      "depth": 1,
      "via_relation": "calls",
      "callee_id": "sym:0430ca2f393f:McpServiceError",
      "callee_symbol": "McpServiceError"
    },
    {
      "id": "sym:0430ca2f393f:McpService.notes",
      "path": "/Users/giapminh79/code/GitHub/sot-graph/src/sot_graph/mcp_service.py",
      "kind": "method",
      "symbol": "McpService.notes",
      "fqn": "sot_graph.mcp_service.McpService.notes",
      "label": "def notes \u2014 src/sot_graph/mcp_service.py:1179",
      "line_start": 1179,
      "depth": 1,
      "via_relation": "calls",
      "callee_id": "sym:0430ca2f393f:McpServiceError",
      "callee_symbol": "McpServiceError"
    },
    {
      "id": "sym:0430ca2f393f:McpService.node",
      "path": "/Users/giapminh79/code/GitHub/sot-graph/src/sot_graph/mcp_service.py",
      "kind": "method",
      "symbol": "McpService.node",
      "fqn": "sot_graph.mcp_service.McpService.node",
      "label": "def node \u2014 src/sot_graph/mcp_service.py:1218",
      "line_start": 1218,
      "depth": 1,
      "via_relation": "calls",
      "callee_id": "sym:0430ca2f393f:McpServiceError",
      "callee_symbol": "McpServiceError"
    },
    {
      "id": "sym:0430ca2f393f:McpService.node.op",
      "path": "/Users/giapminh79/code/GitHub/sot-graph/src/sot_graph/mcp_service.py",
      "kind": "method",
      "symbol": "McpService.node.op",
      "fqn": "sot_graph.mcp_service.McpService.node.op",
      "label": "def op \u2014 src/sot_graph/mcp_service.py:1223",
      "line_start": 1223,
      "depth": 1,
      "via_relation": "calls",
      "callee_id": "sym:0430ca2f393f:McpServiceError",
      "callee_symbol": "McpServiceError"
    },
    {
      "id": "sym:0430ca2f393f:McpService.scope_receipt",
      "path": "/Users/giapminh79/code/GitHub/sot-graph/src/sot_graph/mcp_service.py",
      "kind": "method",
      "symbol": "McpService.scope_receipt",
      "fqn": "sot_graph.mcp_service.McpService.scope_receipt",
      "label": "def scope_receipt \u2014 src/sot_graph/mcp_service.py:1691",
      "line_start": 1691,
      "depth": 1,
      "via_relation": "calls",
      "callee_id": "sym:0430ca2f393f:McpServiceError",
      "callee_symbol": "McpServiceError"
    },
    {
      "id": "sym:0430ca2f393f:McpService.cross_check",
      "path": "/Users/giapminh79/code/GitHub/sot-graph/src/sot_graph/mcp_service.py",
      "kind": "method",
      "symbol": "McpService.cross_check",
      "fqn": "sot_graph.mcp_service.McpService.cross_check",
      "label": "def cross_check \u2014 src/sot_graph/mcp_service.py:1760",
      "line_start": 1760,
      "depth": 1,
      "via_relation": "calls",
      "callee_id": "sym:0430ca2f393f:McpServiceError",
      "callee_symbol": "McpServiceError"
    },
    {
      "id": "sym:0430ca2f393f:McpService._async",
      "path": "/Users/giapminh79/code/GitHub/sot-graph/src/sot_graph/mcp_service.py",
      "kind": "method",
      "symbol": "McpService._async",
      "fqn": "sot_graph.mcp_service.McpService._async",
      "label": "async def _async \u2014 src/sot_graph/mcp_service.py:1835",
      "line_start": 1835,
      "depth": 1,
      "via_relation": "calls",
      "callee_id": "sym:0430ca2f393f:McpServiceError",
      "callee_symbol": "McpServiceError"
    },
    {
      "id": "sym:e52b67086684:_run_polling",
      "path": "/Users/giapminh79/code/GitHub/sot-graph/src/sot_graph/watcher.py",
      "kind": "function",
      "symbol": "_run_polling",
      "fqn": "sot_graph.watcher._run_polling",
      "label": "def _run_polling \u2014 src/sot_graph/watcher.py:130",
      "line_start": 130,
      "depth": 1,
      "via_relation": "calls",
      "callee_id": "sym:1747a3cf05a2:snapshot",
      "callee_symbol": "snapshot"
    },
    {
      "id": "file:7d61a587199b",
      "path": "/Users/giapminh79/code/GitHub/sot-graph/tests/test_adapters.py",
      "kind": "file",
      "symbol": "test_adapters.py",
      "fqn": "tests.test_adapters",
      "label": "File: tests/test_adapters.py",
      "line_start": 1,
      "depth": 1,
      "via_relation": "imports",
      "callee_id": "sym:a299afe5c13c:build_parser",
      "callee_symbol": "build_parser"
    },
    {
      "id": "sym:7d61a587199b:TestHarnessAdapters.test_cli_setup_pi_alias",
      "path": "/Users/giapminh79/code/GitHub/sot-graph/tests/test_adapters.py",
      "kind": "method",
      "symbol": "TestHarnessAdapters.test_cli_setup_pi_alias",
      "fqn": "tests.test_adapters.TestHarnessAdapters.test_cli_setup_pi_alias",
      "label": "def test_cli_setup_pi_alias \u2014 tests/test_adapters.py:178",
      "line_start": 178,
      "depth": 1,
      "via_relation": "calls",
      "callee_id": "sym:a299afe5c13c:build_parser",
      "callee_symbol": "build_parser"
    },
    {
      "id": "sym:7d61a587199b:TestHarnessAdapters.test_cli_setup_command",
      "path": "/Users/giapminh79/code/GitHub/sot-graph/tests/test_adapters.py",
      "kind": "method",
      "symbol": "TestHarnessAdapters.test_cli_setup_command",
      "fqn": "tests.test_adapters.TestHarnessAdapters.test_cli_setup_command",
      "label": "def test_cli_setup_command \u2014 tests/test_adapters.py:187",
      "line_start": 187,
      "depth": 1,
      "via_relation": "calls",
      "callee_id": "sym:a299afe5c13c:build_parser",
      "callee_symbol": "build_parser"
    },
    {
      "id": "file:98baf308e487",
      "path": "/Users/giapminh79/code/GitHub/sot-graph/tests/test_analytics.py",
      "kind": "file",
      "symbol": "test_analytics.py",
      "fqn": "tests.test_analytics",
      "label": "File: tests/test_analytics.py",
      "line_start": 1,
      "depth": 1,
      "via_relation": "imports",
      "callee_id": "sym:a299afe5c13c:build_parser",
      "callee_symbol": "build_parser"
    },
    {
      "id": "sym:98baf308e487:AnalyticsTests.test_cli_report_and_cluster_commands",
      "path": "/Users/giapminh79/code/GitHub/sot-graph/tests/test_analytics.py",
      "kind": "method",
      "symbol": "AnalyticsTests.test_cli_report_and_cluster_commands",
      "fqn": "tests.test_analytics.AnalyticsTests.test_cli_report_and_cluster_commands",
      "label": "def test_cli_report_and_cluster_commands \u2014 tests/test_analytics.py:204",
      "line_start": 204,
      "depth": 1,
      "via_relation": "calls",
      "callee_id": "sym:a299afe5c13c:build_parser",
      "callee_symbol": "build_parser"
    },
    {
      "id": "file:d2961abaf2fd",
      "path": "/Users/giapminh79/code/GitHub/sot-graph/tests/test_bundle.py",
      "kind": "file",
      "symbol": "test_bundle.py",
      "fqn": "tests.test_bundle",
      "label": "File: tests/test_bundle.py",
      "line_start": 1,
      "depth": 1,
      "via_relation": "imports",
      "callee_id": "sym:a299afe5c13c:build_parser",
      "callee_symbol": "build_parser"
    },
    {
      "id": "sym:d2961abaf2fd:TestArchitectureBundler.test_cli_cmd_bundle",
      "path": "/Users/giapminh79/code/GitHub/sot-graph/tests/test_bundle.py",
      "kind": "method",
      "symbol": "TestArchitectureBundler.test_cli_cmd_bundle",
      "fqn": "tests.test_bundle.TestArchitectureBundler.test_cli_cmd_bundle",
      "label": "def test_cli_cmd_bundle \u2014 tests/test_bundle.py:98",
      "line_start": 98,
      "depth": 1,
      "via_relation": "calls",
      "callee_id": "sym:a299afe5c13c:build_parser",
      "callee_symbol": "build_parser"
    },
    {
      "id": "file:c0b0e96e962a",
      "path": "/Users/giapminh79/code/GitHub/sot-graph/tests/test_cbm_contract_parity.py",
      "kind": "file",
      "symbol": "test_cbm_contract_parity.py",
      "fqn": "tests.test_cbm_contract_parity",
      "label": "File: tests/test_cbm_contract_parity.py",
      "line_start": 1,
      "depth": 1,
      "via_relation": "imports",
      "callee_id": "sym:0430ca2f393f:McpServiceError",
      "callee_symbol": "McpServiceError"
    },
    {
      "id": "sym:c0b0e96e962a:_mcp",
      "path": "/Users/giapminh79/code/GitHub/sot-graph/tests/test_cbm_contract_parity.py",
      "kind": "function",
      "symbol": "_mcp",
      "fqn": "tests.test_cbm_contract_parity._mcp",
      "label": "def _mcp \u2014 tests/test_cbm_contract_parity.py:55",
      "line_start": 55,
      "depth": 1,
      "via_relation": "calls",
      "callee_id": "sym:0430ca2f393f:McpService",
      "callee_symbol": "McpService"
    },
    {
      "id": "file:ed6bde13d2a4",
      "path": "/Users/giapminh79/code/GitHub/sot-graph/tests/test_cbm_verification.py",
      "kind": "file",
      "symbol": "test_cbm_verification.py",
      "fqn": "tests.test_cbm_verification",
      "label": "File: tests/test_cbm_verification.py",
      "line_start": 1,
      "depth": 1,
      "via_relation": "imports",
      "callee_id": "file:5d1e1f7db31a",
      "callee_symbol": "orchestrator.py"
    },
    {
      "id": "file:af09c15f617b",
      "path": "/Users/giapminh79/code/GitHub/sot-graph/tests/test_cli_provider_wiring.py",
      "kind": "file",
      "symbol": "test_cli_provider_wiring.py",
      "fqn": "tests.test_cli_provider_wiring",
      "label": "File: tests/test_cli_provider_wiring.py",
      "line_start": 1,
      "depth": 1,
      "via_relation": "imports",
      "callee_id": "sym:a299afe5c13c:main",
      "callee_symbol": "main"
    },
    {
      "id": "sym:af09c15f617b:TestBuiltinDefault.test_default_builtin_never_spawns",
      "path": "/Users/giapminh79/code/GitHub/sot-graph/tests/test_cli_provider_wiring.py",
      "kind": "method",
      "symbol": "TestBuiltinDefault.test_default_builtin_never_spawns",
      "fqn": "tests.test_cli_provider_wiring.TestBuiltinDefault.test_default_builtin_never_spawns",
      "label": "def test_default_builtin_never_spawns \u2014 tests/test_cli_provider_wiring.py:158",
      "line_start": 158,
      "depth": 1,
      "via_relation": "calls",
      "callee_id": "sym:a299afe5c13c:main",
      "callee_symbol": "main"
    },
    {
      "id": "sym:af09c15f617b:TestBuiltinDefault.test_explicit_builtin_flag_identical",
      "path": "/Users/giapminh79/code/GitHub/sot-graph/tests/test_cli_provider_wiring.py",
      "kind": "method",
      "symbol": "TestBuiltinDefault.test_explicit_builtin_flag_identical",
      "fqn": "tests.test_cli_provider_wiring.TestBuiltinDefault.test_explicit_builtin_flag_identical",
      "label": "def test_explicit_builtin_flag_identical \u2014 tests/test_cli_provider_wiring.py:168",
      "line_start": 168,
      "depth": 1,
      "via_relation": "calls",
      "callee_id": "sym:a299afe5c13c:main",
      "callee_symbol": "main"
    },
    {
      "id": "sym:af09c15f617b:TestAllowExternalGate.test_blocked_prefer_warns_and_falls_back",
      "path": "/Users/giapminh79/code/GitHub/sot-graph/tests/test_cli_provider_wiring.py",
      "kind": "method",
      "symbol": "TestAllowExternalGate.test_blocked_prefer_warns_and_falls_back",
      "fqn": "tests.test_cli_provider_wiring.TestAllowExternalGate.test_blocked_prefer_warns_and_falls_back",
      "label": "def test_blocked_prefer_warns_and_falls_back \u2014 tests/test_cli_provider_wiring.py:178",
      "line_start": 178,
      "depth": 1,
      "via_relation": "calls",
      "callee_id": "sym:a299afe5c13c:main",
      "callee_symbol": "main"
    },
    {
      "id": "sym:af09c15f617b:TestAllowExternalGate.test_blocked_require_fails_closed",
      "path": "/Users/giapminh79/code/GitHub/sot-graph/tests/test_cli_provider_wiring.py",
      "kind": "method",
      "symbol": "TestAllowExternalGate.test_blocked_require_fails_closed",
      "fqn": "tests.test_cli_provider_wiring.TestAllowExternalGate.test_blocked_require_fails_closed",
      "label": "def test_blocked_require_fails_closed \u2014 tests/test_cli_provider_wiring.py:193",
      "line_start": 193,
      "depth": 1,
      "via_relation": "calls",
      "callee_id": "sym:a299afe5c13c:main",
      "callee_symbol": "main"
    },
    {
      "id": "sym:af09c15f617b:TestAllowExternalGate.test_invalid_spec_rejected",
      "path": "/Users/giapminh79/code/GitHub/sot-graph/tests/test_cli_provider_wiring.py",
      "kind": "method",
      "symbol": "TestAllowExternalGate.test_invalid_spec_rejected",
      "fqn": "tests.test_cli_provider_wiring.TestAllowExternalGate.test_invalid_spec_rejected",
      "label": "def test_invalid_spec_rejected \u2014 tests/test_cli_provider_wiring.py:204",
      "line_start": 204,
      "depth": 1,
      "via_relation": "calls",
      "callee_id": "sym:a299afe5c13c:main",
      "callee_symbol": "main"
    },
    {
      "id": "sym:af09c15f617b:TestRequireFailsClosedUnhealthy.test_unhealthy_binary_require_exits_nonzero",
      "path": "/Users/giapminh79/code/GitHub/sot-graph/tests/test_cli_provider_wiring.py",
      "kind": "method",
      "symbol": "TestRequireFailsClosedUnhealthy.test_unhealthy_binary_require_exits_nonzero",
      "fqn": "tests.test_cli_provider_wiring.TestRequireFailsClosedUnhealthy.test_unhealthy_binary_require_exits_nonzero",
      "label": "def test_unhealthy_binary_require_exits_nonzero \u2014 tests/test_cli_provider_wiring.py:213",
      "line_start": 213,
      "depth": 1,
      "via_relation": "calls",
      "callee_id": "sym:a299afe5c13c:main",
      "callee_symbol": "main"
    },
    {
      "id": "sym:af09c15f617b:TestRequireFailsClosedUnhealthy.test_missing_binary_prefer_falls_back",
      "path": "/Users/giapminh79/code/GitHub/sot-graph/tests/test_cli_provider_wiring.py",
      "kind": "method",
      "symbol": "TestRequireFailsClosedUnhealthy.test_missing_binary_prefer_falls_back",
      "fqn": "tests.test_cli_provider_wiring.TestRequireFailsClosedUnhealthy.test_missing_binary_prefer_falls_back",
      "label": "def test_missing_binary_prefer_falls_back \u2014 tests/test_cli_provider_wiring.py:227",
      "line_start": 227,
      "depth": 1,
      "via_relation": "calls",
      "callee_id": "sym:a299afe5c13c:main",
      "callee_symbol": "main"
    },
    {
      "id": "sym:af09c15f617b:TestMergeOrderAndVerdict.test_candidates_after_builtin_with_ceiling_and_provider_tag",
      "path": "/Users/giapminh79/code/GitHub/sot-graph/tests/test_cli_provider_wiring.py",
      "kind": "method",
      "symbol": "TestMergeOrderAndVerdict.test_candidates_after_builtin_with_ceiling_and_provider_tag",
      "fqn": "tests.test_cli_provider_wiring.TestMergeOrderAndVerdict.test_candidates_after_builtin_with_ceiling_and_provider_tag",
      "label": "def test_candidates_after_builtin_with_ceiling_and_provider_tag \u2014 tests/test_cli_provider_wiring.py:256",
      "line_start": 256,
      "depth": 1,
      "via_relation": "calls",
      "callee_id": "sym:a299afe5c13c:main",
      "callee_symbol": "main"
    },
    {
      "id": "sym:af09c15f617b:TestMergeOrderAndVerdict.test_target_mismatch_recorded_as_conflict",
      "path": "/Users/giapminh79/code/GitHub/sot-graph/tests/test_cli_provider_wiring.py",
      "kind": "method",
      "symbol": "TestMergeOrderAndVerdict.test_target_mismatch_recorded_as_conflict",
      "fqn": "tests.test_cli_provider_wiring.TestMergeOrderAndVerdict.test_target_mismatch_recorded_as_conflict",
      "label": "def test_target_mismatch_recorded_as_conflict \u2014 tests/test_cli_provider_wiring.py:282",
      "line_start": 282,
      "depth": 1,
      "via_relation": "calls",
      "callee_id": "sym:a299afe5c13c:main",
      "callee_symbol": "main"
    },
    {
      "id": "sym:af09c15f617b:TestTruncationPropagation.test_has_more_sets_truncated_true",
      "path": "/Users/giapminh79/code/GitHub/sot-graph/tests/test_cli_provider_wiring.py",
      "kind": "method",
      "symbol": "TestTruncationPropagation.test_has_more_sets_truncated_true",
      "fqn": "tests.test_cli_provider_wiring.TestTruncationPropagation.test_has_more_sets_truncated_true",
      "label": "def test_has_more_sets_truncated_true \u2014 tests/test_cli_provider_wiring.py:323",
      "line_start": 323,
      "depth": 1,
      "via_relation": "calls",
      "callee_id": "sym:a299afe5c13c:main",
      "callee_symbol": "main"
    },
    {
      "id": "sym:af09c15f617b:TestProvidersSync.test_sync_invokes_index_and_emits_receipt",
      "path": "/Users/giapminh79/code/GitHub/sot-graph/tests/test_cli_provider_wiring.py",
      "kind": "method",
      "symbol": "TestProvidersSync.test_sync_invokes_index_and_emits_receipt",
      "fqn": "tests.test_cli_provider_wiring.TestProvidersSync.test_sync_invokes_index_and_emits_receipt",
      "label": "def test_sync_invokes_index_and_emits_receipt \u2014 tests/test_cli_provider_wiring.py:346",
      "line_start": 346,
      "depth": 1,
      "via_relation": "calls",
      "callee_id": "sym:a299afe5c13c:main",
      "callee_symbol": "main"
    },
    {
      "id": "sym:af09c15f617b:TestProvidersSync.test_sync_unknown_provider_fails_cleanly",
      "path": "/Users/giapminh79/code/GitHub/sot-graph/tests/test_cli_provider_wiring.py",
      "kind": "method",
      "symbol": "TestProvidersSync.test_sync_unknown_provider_fails_cleanly",
      "fqn": "tests.test_cli_provider_wiring.TestProvidersSync.test_sync_unknown_provider_fails_cleanly",
      "label": "def test_sync_unknown_provider_fails_cleanly \u2014 tests/test_cli_provider_wiring.py:373",
      "line_start": 373,
      "depth": 1,
      "via_relation": "calls",
      "callee_id": "sym:a299afe5c13c:main",
      "callee_symbol": "main"
    },
    {
      "id": "file:5dab7ee8ccb5",
      "path": "/Users/giapminh79/code/GitHub/sot-graph/tests/test_collection_accounting.py",
      "kind": "file",
      "symbol": "test_collection_accounting.py",
      "fqn": "tests.test_collection_accounting",
      "label": "File: tests/test_collection_accounting.py",
      "line_start": 1,
      "depth": 1,
      "via_relation": "imports",
      "callee_id": "sym:a299afe5c13c:build_parser",
      "callee_symbol": "build_parser"
    },
    {
      "id": "sym:5dab7ee8ccb5:TestReconcileProvenance.test_cli_records_pipeline_provenance",
      "path": "/Users/giapminh79/code/GitHub/sot-graph/tests/test_collection_accounting.py",
      "kind": "method",
      "symbol": "TestReconcileProvenance.test_cli_records_pipeline_provenance",
      "fqn": "tests.test_collection_accounting.TestReconcileProvenance.test_cli_records_pipeline_provenance",
      "label": "def test_cli_records_pipeline_provenance \u2014 tests/test_collection_accounting.py:311",
      "line_start": 311,
      "depth": 1,
      "via_relation": "calls",
      "callee_id": "sym:a299afe5c13c:build_parser",
      "callee_symbol": "build_parser"
    },
    {
      "id": "sym:5dab7ee8ccb5:TestReconcileProvenance.test_mcp_auto_reconcile_records_surface_pre",
      "path": "/Users/giapminh79/code/GitHub/sot-graph/tests/test_collection_accounting.py",
      "kind": "method",
      "symbol": "TestReconcileProvenance.test_mcp_auto_reconcile_records_surface_pre",
      "fqn": "tests.test_collection_accounting.TestReconcileProvenance.test_mcp_auto_reconcile_records_surface_pre",
      "label": "def test_mcp_auto_reconcile_records_surface_pre \u2014 tests/test_collection_accounting.py:329",
      "line_start": 329,
      "depth": 1,
      "via_relation": "calls",
      "callee_id": "sym:0430ca2f393f:McpService",
      "callee_symbol": "McpService"
    },
    {
      "id": "sym:5dab7ee8ccb5:TestTransportTrimInterplay.test_collection_truncated_receipt_survives_transport_trim._service",
      "path": "/Users/giapminh79/code/GitHub/sot-graph/tests/test_collection_accounting.py",
      "kind": "method",
      "symbol": "TestTransportTrimInterplay.test_collection_truncated_receipt_survives_transport_trim._service",
      "fqn": "tests.test_collection_accounting.TestTransportTrimInterplay.test_collection_truncated_receipt_survives_transport_trim._service",
      "label": "def _service \u2014 tests/test_collection_accounting.py:522",
      "line_start": 522,
      "depth": 1,
      "via_relation": "calls",
      "callee_id": "sym:0430ca2f393f:McpService",
      "callee_symbol": "McpService"
    },
    {
      "id": "file:d310c90c4013",
      "path": "/Users/giapminh79/code/GitHub/sot-graph/tests/test_diff_impact.py",
      "kind": "file",
      "symbol": "test_diff_impact.py",
      "fqn": "tests.test_diff_impact",
      "label": "File: tests/test_diff_impact.py",
      "line_start": 1,
      "depth": 1,
      "via_relation": "imports",
      "callee_id": "sym:a299afe5c13c:build_parser",
      "callee_symbol": "build_parser"
    },
    {
      "id": "sym:d310c90c4013:TestDiffImpactGate._run",
      "path": "/Users/giapminh79/code/GitHub/sot-graph/tests/test_diff_impact.py",
      "kind": "method",
      "symbol": "TestDiffImpactGate._run",
      "fqn": "tests.test_diff_impact.TestDiffImpactGate._run",
      "label": "def _run \u2014 tests/test_diff_impact.py:1128",
      "line_start": 1128,
      "depth": 1,
      "via_relation": "calls",
      "callee_id": "sym:a299afe5c13c:build_parser",
      "callee_symbol": "build_parser"
    },
    {
      "id": "sym:d310c90c4013:TestDiffImpactGate.test_gate_flag_registered",
      "path": "/Users/giapminh79/code/GitHub/sot-graph/tests/test_diff_impact.py",
      "kind": "method",
      "symbol": "TestDiffImpactGate.test_gate_flag_registered",
      "fqn": "tests.test_diff_impact.TestDiffImpactGate.test_gate_flag_registered",
      "label": "def test_gate_flag_registered \u2014 tests/test_diff_impact.py:1152",
      "line_start": 1152,
      "depth": 1,
      "via_relation": "calls",
      "callee_id": "sym:a299afe5c13c:build_parser",
      "callee_symbol": "build_parser"
    },
    {
      "id": "sym:d310c90c4013:TestMcpServiceDiffImpact.setUp",
      "path": "/Users/giapminh79/code/GitHub/sot-graph/tests/test_diff_impact.py",
      "kind": "method",
      "symbol": "TestMcpServiceDiffImpact.setUp",
      "fqn": "tests.test_diff_impact.TestMcpServiceDiffImpact.setUp",
      "label": "def setUp \u2014 tests/test_diff_impact.py:1212",
      "line_start": 1212,
      "depth": 1,
      "via_relation": "calls",
      "callee_id": "sym:0430ca2f393f:McpService",
      "callee_symbol": "McpService"
    },
    {
      "id": "file:4ddc2aaf087d",
      "path": "/Users/giapminh79/code/GitHub/sot-graph/tests/test_diff_impact_github.py",
      "kind": "file",
      "symbol": "test_diff_impact_github.py",
      "fqn": "tests.test_diff_impact_github",
      "label": "File: tests/test_diff_impact_github.py",
      "line_start": 1,
      "depth": 1,
      "via_relation": "imports",
      "callee_id": "sym:a299afe5c13c:build_parser",
      "callee_symbol": "build_parser"
    },
    {
      "id": "sym:4ddc2aaf087d:GithubRendererTests.test_cli_format_flag_choices_and_default_unchanged",
      "path": "/Users/giapminh79/code/GitHub/sot-graph/tests/test_diff_impact_github.py",
      "kind": "method",
      "symbol": "GithubRendererTests.test_cli_format_flag_choices_and_default_unchanged",
      "fqn": "tests.test_diff_impact_github.GithubRendererTests.test_cli_format_flag_choices_and_default_unchanged",
      "label": "def test_cli_format_flag_choices_and_default_unchanged \u2014 tests/test_diff_impact_github.py:104",
      "line_start": 104,
      "depth": 1,
      "via_relation": "calls",
      "callee_id": "sym:a299afe5c13c:build_parser",
      "callee_symbol": "build_parser"
    },
    {
      "id": "sym:4ddc2aaf087d:GithubRendererTests.test_cmd_diff_impact_github_end_to_end",
      "path": "/Users/giapminh79/code/GitHub/sot-graph/tests/test_diff_impact_github.py",
      "kind": "method",
      "symbol": "GithubRendererTests.test_cmd_diff_impact_github_end_to_end",
      "fqn": "tests.test_diff_impact_github.GithubRendererTests.test_cmd_diff_impact_github_end_to_end",
      "label": "def test_cmd_diff_impact_github_end_to_end \u2014 tests/test_diff_impact_github.py:114",
      "line_start": 114,
      "depth": 1,
      "via_relation": "calls",
      "callee_id": "sym:a299afe5c13c:build_parser",
      "callee_symbol": "build_parser"
    },
    {
      "id": "sym:f6d8752e14c6:EdgeLifecycleTests.test_reconcile_idempotent_after_move",
      "path": "/Users/giapminh79/code/GitHub/sot-graph/tests/test_edge_lifecycle.py",
      "kind": "method",
      "symbol": "EdgeLifecycleTests.test_reconcile_idempotent_after_move",
      "fqn": "tests.test_edge_lifecycle.EdgeLifecycleTests.test_reconcile_idempotent_after_move",
      "label": "def test_reconcile_idempotent_after_move \u2014 tests/test_edge_lifecycle.py:117",
      "line_start": 117,
      "depth": 1,
      "via_relation": "calls",
      "callee_id": "sym:1747a3cf05a2:snapshot",
      "callee_symbol": "snapshot"
    },
    {
      "id": "file:7c588472908f",
      "path": "/Users/giapminh79/code/GitHub/sot-graph/tests/test_engine_admin.py",
      "kind": "file",
      "symbol": "test_engine_admin.py",
      "fqn": "tests.test_engine_admin",
      "label": "File: tests/test_engine_admin.py",
      "line_start": 1,
      "depth": 1,
      "via_relation": "imports",
      "callee_id": "sym:a299afe5c13c:main",
      "callee_symbol": "main"
    },
    {
      "id": "sym:7c588472908f:test_install_promote_rollback_and_status",
      "path": "/Users/giapminh79/code/GitHub/sot-graph/tests/test_engine_admin.py",
      "kind": "function",
      "symbol": "test_install_promote_rollback_and_status",
      "fqn": "tests.test_engine_admin.test_install_promote_rollback_and_status",
      "label": "def test_install_promote_rollback_and_status \u2014 tests/test_engine_admin.py:32",
      "line_start": 32,
      "depth": 1,
      "via_relation": "calls",
      "callee_id": "sym:a299afe5c13c:main",
      "callee_symbol": "main"
    },
    {
      "id": "sym:7c588472908f:test_wrong_digest_refused_and_unknown_data_preserved",
      "path": "/Users/giapminh79/code/GitHub/sot-graph/tests/test_engine_admin.py",
      "kind": "function",
      "symbol": "test_wrong_digest_refused_and_unknown_data_preserved",
      "fqn": "tests.test_engine_admin.test_wrong_digest_refused_and_unknown_data_preserved",
      "label": "def test_wrong_digest_refused_and_unknown_data_preserved \u2014 tests/test_engine_admin.py:54",
      "line_start": 54,
      "depth": 1,
      "via_relation": "calls",
      "callee_id": "sym:a299afe5c13c:main",
      "callee_symbol": "main"
    },
    {
      "id": "sym:7c588472908f:test_operational_exit_and_multi_artifact_registry",
      "path": "/Users/giapminh79/code/GitHub/sot-graph/tests/test_engine_admin.py",
      "kind": "function",
      "symbol": "test_operational_exit_and_multi_artifact_registry",
      "fqn": "tests.test_engine_admin.test_operational_exit_and_multi_artifact_registry",
      "label": "def test_operational_exit_and_multi_artifact_registry \u2014 tests/test_engine_admin.py:82",
      "line_start": 82,
      "depth": 1,
      "via_relation": "calls",
      "callee_id": "sym:a299afe5c13c:main",
      "callee_symbol": "main"
    },
    {
      "id": "sym:7c588472908f:test_administration_errors_are_bounded",
      "path": "/Users/giapminh79/code/GitHub/sot-graph/tests/test_engine_admin.py",
      "kind": "function",
      "symbol": "test_administration_errors_are_bounded",
      "fqn": "tests.test_engine_admin.test_administration_errors_are_bounded",
      "label": "def test_administration_errors_are_bounded \u2014 tests/test_engine_admin.py:122",
      "line_start": 122,
      "depth": 1,
      "via_relation": "calls",
      "callee_id": "sym:a299afe5c13c:main",
      "callee_symbol": "main"
    },
    {
      "id": "sym:7c588472908f:test_uninstall_missing_is_read_only",
      "path": "/Users/giapminh79/code/GitHub/sot-graph/tests/test_engine_admin.py",
      "kind": "function",
      "symbol": "test_uninstall_missing_is_read_only",
      "fqn": "tests.test_engine_admin.test_uninstall_missing_is_read_only",
      "label": "def test_uninstall_missing_is_read_only \u2014 tests/test_engine_admin.py:136",
      "line_start": 136,
      "depth": 1,
      "via_relation": "calls",
      "callee_id": "sym:a299afe5c13c:main",
      "callee_symbol": "main"
    },
    {
      "id": "sym:7c588472908f:test_no_raw_execution_surface",
      "path": "/Users/giapminh79/code/GitHub/sot-graph/tests/test_engine_admin.py",
      "kind": "function",
      "symbol": "test_no_raw_execution_surface",
      "fqn": "tests.test_engine_admin.test_no_raw_execution_surface",
      "label": "def test_no_raw_execution_surface \u2014 tests/test_engine_admin.py:142",
      "line_start": 142,
      "depth": 1,
      "via_relation": "calls",
      "callee_id": "sym:a299afe5c13c:main",
      "callee_symbol": "main"
    },
    {
      "id": "file:42626f773bdb",
      "path": "/Users/giapminh79/code/GitHub/sot-graph/tests/test_engine_trusted_config.py",
      "kind": "file",
      "symbol": "test_engine_trusted_config.py",
      "fqn": "tests.test_engine_trusted_config",
      "label": "File: tests/test_engine_trusted_config.py",
      "line_start": 1,
      "depth": 1,
      "via_relation": "imports",
      "callee_id": "sym:a299afe5c13c:main",
      "callee_symbol": "main"
    },
    {
      "id": "sym:42626f773bdb:test_cli_register_status_disable_persist_without_native",
      "path": "/Users/giapminh79/code/GitHub/sot-graph/tests/test_engine_trusted_config.py",
      "kind": "function",
      "symbol": "test_cli_register_status_disable_persist_without_native",
      "fqn": "tests.test_engine_trusted_config.test_cli_register_status_disable_persist_without_native",
      "label": "def test_cli_register_status_disable_persist_without_native \u2014 tests/test_engine_trusted_config.py:13",
      "line_start": 13,
      "depth": 1,
      "via_relation": "calls",
      "callee_id": "sym:a299afe5c13c:main",
      "callee_symbol": "main"
    },
    {
      "id": "sym:42626f773bdb:test_cli_default_off_does_not_create_config",
      "path": "/Users/giapminh79/code/GitHub/sot-graph/tests/test_engine_trusted_config.py",
      "kind": "function",
      "symbol": "test_cli_default_off_does_not_create_config",
      "fqn": "tests.test_engine_trusted_config.test_cli_default_off_does_not_create_config",
      "label": "def test_cli_default_off_does_not_create_config \u2014 tests/test_engine_trusted_config.py:29",
      "line_start": 29,
      "depth": 1,
      "via_relation": "calls",
      "callee_id": "sym:a299afe5c13c:main",
      "callee_symbol": "main"
    },
    {
      "id": "sym:42626f773bdb:test_cli_register_rejects_real_protocol_mismatch",
      "path": "/Users/giapminh79/code/GitHub/sot-graph/tests/test_engine_trusted_config.py",
      "kind": "function",
      "symbol": "test_cli_register_rejects_real_protocol_mismatch",
      "fqn": "tests.test_engine_trusted_config.test_cli_register_rejects_real_protocol_mismatch",
      "label": "def test_cli_register_rejects_real_protocol_mismatch \u2014 tests/test_engine_trusted_config.py:39",
      "line_start": 39,
      "depth": 1,
      "via_relation": "calls",
      "callee_id": "sym:a299afe5c13c:main",
      "callee_symbol": "main"
    },
    {
      "id": "sym:42626f773bdb:test_cli_cannot_select_trusted_config_path",
      "path": "/Users/giapminh79/code/GitHub/sot-graph/tests/test_engine_trusted_config.py",
      "kind": "function",
      "symbol": "test_cli_cannot_select_trusted_config_path",
      "fqn": "tests.test_engine_trusted_config.test_cli_cannot_select_trusted_config_path",
      "label": "def test_cli_cannot_select_trusted_config_path \u2014 tests/test_engine_trusted_config.py:48",
      "line_start": 48,
      "depth": 1,
      "via_relation": "calls",
      "callee_id": "sym:a299afe5c13c:main",
      "callee_symbol": "main"
    },
    {
      "id": "file:f1b04f59ef79",
      "path": "/Users/giapminh79/code/GitHub/sot-graph/tests/test_export.py",
      "kind": "file",
      "symbol": "test_export.py",
      "fqn": "tests.test_export",
      "label": "File: tests/test_export.py",
      "line_start": 1,
      "depth": 1,
      "via_relation": "imports",
      "callee_id": "sym:a299afe5c13c:build_parser",
      "callee_symbol": "build_parser"
    },
    {
      "id": "sym:f1b04f59ef79:ExportTests.test_cli_viz_and_export_commands",
      "path": "/Users/giapminh79/code/GitHub/sot-graph/tests/test_export.py",
      "kind": "method",
      "symbol": "ExportTests.test_cli_viz_and_export_commands",
      "fqn": "tests.test_export.ExportTests.test_cli_viz_and_export_commands",
      "label": "def test_cli_viz_and_export_commands \u2014 tests/test_export.py:169",
      "line_start": 169,
      "depth": 1,
      "via_relation": "calls",
      "callee_id": "sym:a299afe5c13c:build_parser",
      "callee_symbol": "build_parser"
    },
    {
      "id": "file:eb1f53425d6d",
      "path": "/Users/giapminh79/code/GitHub/sot-graph/tests/test_gs_surface_catalog.py",
      "kind": "file",
      "symbol": "test_gs_surface_catalog.py",
      "fqn": "tests.test_gs_surface_catalog",
      "label": "File: tests/test_gs_surface_catalog.py",
      "line_start": 1,
      "depth": 1,
      "via_relation": "imports",
      "callee_id": "sym:a299afe5c13c:main",
      "callee_symbol": "main"
    },
    {
      "id": "sym:eb1f53425d6d:test_sur02_catalog_and_native_invocation_refusal",
      "path": "/Users/giapminh79/code/GitHub/sot-graph/tests/test_gs_surface_catalog.py",
      "kind": "function",
      "symbol": "test_sur02_catalog_and_native_invocation_refusal",
      "fqn": "tests.test_gs_surface_catalog.test_sur02_catalog_and_native_invocation_refusal",
      "label": "def test_sur02_catalog_and_native_invocation_refusal \u2014 tests/test_gs_surface_catalog.py:38",
      "line_start": 38,
      "depth": 1,
      "via_relation": "calls",
      "callee_id": "sym:0430ca2f393f:McpService",
      "callee_symbol": "McpService"
    },
    {
      "id": "sym:eb1f53425d6d:test_sur03_sur04_entry_points_and_help_are_sot_only",
      "path": "/Users/giapminh79/code/GitHub/sot-graph/tests/test_gs_surface_catalog.py",
      "kind": "function",
      "symbol": "test_sur03_sur04_entry_points_and_help_are_sot_only",
      "fqn": "tests.test_gs_surface_catalog.test_sur03_sur04_entry_points_and_help_are_sot_only",
      "label": "def test_sur03_sur04_entry_points_and_help_are_sot_only \u2014 tests/test_gs_surface_catalog.py:168",
      "line_start": 168,
      "depth": 1,
      "via_relation": "calls",
      "callee_id": "sym:a299afe5c13c:main",
      "callee_symbol": "main"
    },
    {
      "id": "sym:eb1f53425d6d:test_sur02_exception_results_are_errors_without_private_diagnostics",
      "path": "/Users/giapminh79/code/GitHub/sot-graph/tests/test_gs_surface_catalog.py",
      "kind": "function",
      "symbol": "test_sur02_exception_results_are_errors_without_private_diagnostics",
      "fqn": "tests.test_gs_surface_catalog.test_sur02_exception_results_are_errors_without_private_diagnostics",
      "label": "def test_sur02_exception_results_are_errors_without_private_diagnostics \u2014 tests/test_gs_surface_catalog.py:185",
      "line_start": 185,
      "depth": 1,
      "via_relation": "calls",
      "callee_id": "sym:0430ca2f393f:McpService",
      "callee_symbol": "McpService"
    },
    {
      "id": "sym:eb1f53425d6d:test_sur02_exception_results_are_errors_without_private_diagnostics.failing",
      "path": "/Users/giapminh79/code/GitHub/sot-graph/tests/test_gs_surface_catalog.py",
      "kind": "method",
      "symbol": "test_sur02_exception_results_are_errors_without_private_diagnostics.failing",
      "fqn": "tests.test_gs_surface_catalog.test_sur02_exception_results_are_errors_without_private_diagnostics.failing",
      "label": "async def failing \u2014 tests/test_gs_surface_catalog.py:202",
      "line_start": 202,
      "depth": 1,
      "via_relation": "calls",
      "callee_id": "sym:0430ca2f393f:McpServiceError",
      "callee_symbol": "McpServiceError"
    },
    {
      "id": "file:0b899b2ef407",
      "path": "/Users/giapminh79/code/GitHub/sot-graph/tests/test_gs_surface_lifecycle.py",
      "kind": "file",
      "symbol": "test_gs_surface_lifecycle.py",
      "fqn": "tests.test_gs_surface_lifecycle",
      "label": "File: tests/test_gs_surface_lifecycle.py",
      "line_start": 1,
      "depth": 1,
      "via_relation": "imports",
      "callee_id": "sym:a299afe5c13c:main",
      "callee_symbol": "main"
    },
    {
      "id": "sym:0b899b2ef407:test_sur12_sot_only_upgrade_recovery_and_uninstall.command",
      "path": "/Users/giapminh79/code/GitHub/sot-graph/tests/test_gs_surface_lifecycle.py",
      "kind": "method",
      "symbol": "test_sur12_sot_only_upgrade_recovery_and_uninstall.command",
      "fqn": "tests.test_gs_surface_lifecycle.test_sur12_sot_only_upgrade_recovery_and_uninstall.command",
      "label": "def command \u2014 tests/test_gs_surface_lifecycle.py:46",
      "line_start": 46,
      "depth": 1,
      "via_relation": "calls",
      "callee_id": "sym:a299afe5c13c:main",
      "callee_symbol": "main"
    },
    {
      "id": "file:41fa6bfbed48",
      "path": "/Users/giapminh79/code/GitHub/sot-graph/tests/test_hardening_fixes.py",
      "kind": "file",
      "symbol": "test_hardening_fixes.py",
      "fqn": "tests.test_hardening_fixes",
      "label": "File: tests/test_hardening_fixes.py",
      "line_start": 1,
      "depth": 1,
      "via_relation": "imports",
      "callee_id": "sym:a299afe5c13c:main",
      "callee_symbol": "main"
    },
    {
      "id": "sym:41fa6bfbed48:HardeningFixesTests.test_cli_handles_lock_busy_and_runtime_error",
      "path": "/Users/giapminh79/code/GitHub/sot-graph/tests/test_hardening_fixes.py",
      "kind": "method",
      "symbol": "HardeningFixesTests.test_cli_handles_lock_busy_and_runtime_error",
      "fqn": "tests.test_hardening_fixes.HardeningFixesTests.test_cli_handles_lock_busy_and_runtime_error",
      "label": "def test_cli_handles_lock_busy_and_runtime_error \u2014 tests/test_hardening_fixes.py:248",
      "line_start": 248,
      "depth": 1,
      "via_relation": "calls",
      "callee_id": "sym:a299afe5c13c:main",
      "callee_symbol": "main"
    },
    {
      "id": "file:4afdaea1f910",
      "path": "/Users/giapminh79/code/GitHub/sot-graph/tests/test_impact_pipeline.py",
      "kind": "file",
      "symbol": "test_impact_pipeline.py",
      "fqn": "tests.test_impact_pipeline",
      "label": "File: tests/test_impact_pipeline.py",
      "line_start": 1,
      "depth": 1,
      "via_relation": "imports",
      "callee_id": "sym:a299afe5c13c:build_parser",
      "callee_symbol": "build_parser"
    },
    {
      "id": "sym:4afdaea1f910:TestSurfaceWiring._service",
      "path": "/Users/giapminh79/code/GitHub/sot-graph/tests/test_impact_pipeline.py",
      "kind": "method",
      "symbol": "TestSurfaceWiring._service",
      "fqn": "tests.test_impact_pipeline.TestSurfaceWiring._service",
      "label": "def _service \u2014 tests/test_impact_pipeline.py:416",
      "line_start": 416,
      "depth": 1,
      "via_relation": "calls",
      "callee_id": "sym:0430ca2f393f:McpService",
      "callee_symbol": "McpService"
    },
    {
      "id": "sym:4afdaea1f910:TestSurfaceWiring._cli_json",
      "path": "/Users/giapminh79/code/GitHub/sot-graph/tests/test_impact_pipeline.py",
      "kind": "method",
      "symbol": "TestSurfaceWiring._cli_json",
      "fqn": "tests.test_impact_pipeline.TestSurfaceWiring._cli_json",
      "label": "def _cli_json \u2014 tests/test_impact_pipeline.py:424",
      "line_start": 424,
      "depth": 1,
      "via_relation": "calls",
      "callee_id": "sym:a299afe5c13c:build_parser",
      "callee_symbol": "build_parser"
    },
    {
      "id": "sym:4afdaea1f910:TestSurfaceWiring.test_mcp_diff_impact_trim_degrades_embedded_assurance",
      "path": "/Users/giapminh79/code/GitHub/sot-graph/tests/test_impact_pipeline.py",
      "kind": "method",
      "symbol": "TestSurfaceWiring.test_mcp_diff_impact_trim_degrades_embedded_assurance",
      "fqn": "tests.test_impact_pipeline.TestSurfaceWiring.test_mcp_diff_impact_trim_degrades_embedded_assurance",
      "label": "def test_mcp_diff_impact_trim_degrades_embedded_assurance \u2014 tests/test_impact_pipeline.py:491",
      "line_start": 491,
      "depth": 1,
      "via_relation": "calls",
      "callee_id": "sym:0430ca2f393f:McpService",
      "callee_symbol": "McpService"
    },
    {
      "id": "sym:4afdaea1f910:_service_of",
      "path": "/Users/giapminh79/code/GitHub/sot-graph/tests/test_impact_pipeline.py",
      "kind": "function",
      "symbol": "_service_of",
      "fqn": "tests.test_impact_pipeline._service_of",
      "label": "def _service_of \u2014 tests/test_impact_pipeline.py:544",
      "line_start": 544,
      "depth": 1,
      "via_relation": "calls",
      "callee_id": "sym:0430ca2f393f:McpService",
      "callee_symbol": "McpService"
    },
    {
      "id": "sym:4afdaea1f910:_cli_diff_json",
      "path": "/Users/giapminh79/code/GitHub/sot-graph/tests/test_impact_pipeline.py",
      "kind": "function",
      "symbol": "_cli_diff_json",
      "fqn": "tests.test_impact_pipeline._cli_diff_json",
      "label": "def _cli_diff_json \u2014 tests/test_impact_pipeline.py:553",
      "line_start": 553,
      "depth": 1,
      "via_relation": "calls",
      "callee_id": "sym:a299afe5c13c:build_parser",
      "callee_symbol": "build_parser"
    },
    {
      "id": "file:8c5b0289bd83",
      "path": "/Users/giapminh79/code/GitHub/sot-graph/tests/test_jit_reconcile.py",
      "kind": "file",
      "symbol": "test_jit_reconcile.py",
      "fqn": "tests.test_jit_reconcile",
      "label": "File: tests/test_jit_reconcile.py",
      "line_start": 1,
      "depth": 1,
      "via_relation": "imports",
      "callee_id": "sym:a299afe5c13c:cmd_search",
      "callee_symbol": "cmd_search"
    },
    {
      "id": "sym:8c5b0289bd83:test_cli_cmd_search_jit_reconcile",
      "path": "/Users/giapminh79/code/GitHub/sot-graph/tests/test_jit_reconcile.py",
      "kind": "function",
      "symbol": "test_cli_cmd_search_jit_reconcile",
      "fqn": "tests.test_jit_reconcile.test_cli_cmd_search_jit_reconcile",
      "label": "def test_cli_cmd_search_jit_reconcile \u2014 tests/test_jit_reconcile.py:57",
      "line_start": 57,
      "depth": 1,
      "via_relation": "calls",
      "callee_id": "sym:a299afe5c13c:cmd_search",
      "callee_symbol": "cmd_search"
    },
    {
      "id": "sym:fcfd6b9d9342:test_path_overlap_refused_before_resolve_without_writes",
      "path": "/Users/giapminh79/code/GitHub/sot-graph/tests/test_managed_installation.py",
      "kind": "function",
      "symbol": "test_path_overlap_refused_before_resolve_without_writes",
      "fqn": "tests.test_managed_installation.test_path_overlap_refused_before_resolve_without_writes",
      "label": "def test_path_overlap_refused_before_resolve_without_writes \u2014 tests/test_managed_installation.py:202",
      "line_start": 202,
      "depth": 1,
      "via_relation": "calls",
      "callee_id": "sym:1747a3cf05a2:snapshot",
      "callee_symbol": "snapshot"
    },
    {
      "id": "sym:40d83afb5cc0:test_source_repo_and_notes_untouched",
      "path": "/Users/giapminh79/code/GitHub/sot-graph/tests/test_managed_runtime.py",
      "kind": "function",
      "symbol": "test_source_repo_and_notes_untouched",
      "fqn": "tests.test_managed_runtime.test_source_repo_and_notes_untouched",
      "label": "def test_source_repo_and_notes_untouched \u2014 tests/test_managed_runtime.py:447",
      "line_start": 447,
      "depth": 1,
      "via_relation": "calls",
      "callee_id": "sym:1747a3cf05a2:snapshot",
      "callee_symbol": "snapshot"
    },
    {
      "id": "file:dbd598560bb3",
      "path": "/Users/giapminh79/code/GitHub/sot-graph/tests/test_mcp.py",
      "kind": "file",
      "symbol": "test_mcp.py",
      "fqn": "tests.test_mcp",
      "label": "File: tests/test_mcp.py",
      "line_start": 1,
      "depth": 1,
      "via_relation": "imports",
      "callee_id": "sym:0430ca2f393f:McpServiceError",
      "callee_symbol": "McpServiceError"
    },
    {
      "id": "sym:dbd598560bb3:TestMcpService.setUp",
      "path": "/Users/giapminh79/code/GitHub/sot-graph/tests/test_mcp.py",
      "kind": "method",
      "symbol": "TestMcpService.setUp",
      "fqn": "tests.test_mcp.TestMcpService.setUp",
      "label": "def setUp \u2014 tests/test_mcp.py:16",
      "line_start": 16,
      "depth": 1,
      "via_relation": "calls",
      "callee_id": "sym:0430ca2f393f:McpService",
      "callee_symbol": "McpService"
    },
    {
      "id": "sym:dbd598560bb3:TestMcpDebtR5.setUp",
      "path": "/Users/giapminh79/code/GitHub/sot-graph/tests/test_mcp.py",
      "kind": "method",
      "symbol": "TestMcpDebtR5.setUp",
      "fqn": "tests.test_mcp.TestMcpDebtR5.setUp",
      "label": "def setUp \u2014 tests/test_mcp.py:158",
      "line_start": 158,
      "depth": 1,
      "via_relation": "calls",
      "callee_id": "sym:0430ca2f393f:McpService",
      "callee_symbol": "McpService"
    },
    {
      "id": "sym:dbd598560bb3:TestMcpDebtR5._legacy_fits",
      "path": "/Users/giapminh79/code/GitHub/sot-graph/tests/test_mcp.py",
      "kind": "method",
      "symbol": "TestMcpDebtR5._legacy_fits",
      "fqn": "tests.test_mcp.TestMcpDebtR5._legacy_fits",
      "label": "def _legacy_fits \u2014 tests/test_mcp.py:208",
      "line_start": 208,
      "depth": 1,
      "via_relation": "calls",
      "callee_id": "sym:0430ca2f393f:McpServiceError",
      "callee_symbol": "McpServiceError"
    },
    {
      "id": "sym:dbd598560bb3:TestMcpDebtR5.test_fits_response_matches_legacy_reference_on_shapes",
      "path": "/Users/giapminh79/code/GitHub/sot-graph/tests/test_mcp.py",
      "kind": "method",
      "symbol": "TestMcpDebtR5.test_fits_response_matches_legacy_reference_on_shapes",
      "fqn": "tests.test_mcp.TestMcpDebtR5.test_fits_response_matches_legacy_reference_on_shapes",
      "label": "def test_fits_response_matches_legacy_reference_on_shapes \u2014 tests/test_mcp.py:317",
      "line_start": 317,
      "depth": 1,
      "via_relation": "calls",
      "callee_id": "sym:0430ca2f393f:McpService",
      "callee_symbol": "McpService"
    },
    {
      "id": "sym:dbd598560bb3:TestMcpDebtR5.test_fits_response_small_payload_untouched",
      "path": "/Users/giapminh79/code/GitHub/sot-graph/tests/test_mcp.py",
      "kind": "method",
      "symbol": "TestMcpDebtR5.test_fits_response_small_payload_untouched",
      "fqn": "tests.test_mcp.TestMcpDebtR5.test_fits_response_small_payload_untouched",
      "label": "def test_fits_response_small_payload_untouched \u2014 tests/test_mcp.py:345",
      "line_start": 345,
      "depth": 1,
      "via_relation": "calls",
      "callee_id": "sym:0430ca2f393f:McpService",
      "callee_symbol": "McpService"
    },
    {
      "id": "file:9a8760b5c178",
      "path": "/Users/giapminh79/code/GitHub/sot-graph/tests/test_mcp_modern.py",
      "kind": "file",
      "symbol": "test_mcp_modern.py",
      "fqn": "tests.test_mcp_modern",
      "label": "File: tests/test_mcp_modern.py",
      "line_start": 1,
      "depth": 1,
      "via_relation": "imports",
      "callee_id": "sym:0430ca2f393f:McpServiceError",
      "callee_symbol": "McpServiceError"
    },
    {
      "id": "sym:9a8760b5c178:McpModernTests.setUp",
      "path": "/Users/giapminh79/code/GitHub/sot-graph/tests/test_mcp_modern.py",
      "kind": "method",
      "symbol": "McpModernTests.setUp",
      "fqn": "tests.test_mcp_modern.McpModernTests.setUp",
      "label": "def setUp \u2014 tests/test_mcp_modern.py:28",
      "line_start": 28,
      "depth": 1,
      "via_relation": "calls",
      "callee_id": "sym:0430ca2f393f:McpService",
      "callee_symbol": "McpService"
    },
    {
      "id": "file:b8b6031dfc71",
      "path": "/Users/giapminh79/code/GitHub/sot-graph/tests/test_mcp_prompts.py",
      "kind": "file",
      "symbol": "test_mcp_prompts.py",
      "fqn": "tests.test_mcp_prompts",
      "label": "File: tests/test_mcp_prompts.py",
      "line_start": 1,
      "depth": 1,
      "via_relation": "imports",
      "callee_id": "sym:0430ca2f393f:McpService",
      "callee_symbol": "McpService"
    },
    {
      "id": "sym:b8b6031dfc71:McpPromptTests.setUp",
      "path": "/Users/giapminh79/code/GitHub/sot-graph/tests/test_mcp_prompts.py",
      "kind": "method",
      "symbol": "McpPromptTests.setUp",
      "fqn": "tests.test_mcp_prompts.McpPromptTests.setUp",
      "label": "def setUp \u2014 tests/test_mcp_prompts.py:24",
      "line_start": 24,
      "depth": 1,
      "via_relation": "calls",
      "callee_id": "sym:0430ca2f393f:McpService",
      "callee_symbol": "McpService"
    },
    {
      "id": "file:41ed8ce188e1",
      "path": "/Users/giapminh79/code/GitHub/sot-graph/tests/test_mcp_receipt_tools.py",
      "kind": "file",
      "symbol": "test_mcp_receipt_tools.py",
      "fqn": "tests.test_mcp_receipt_tools",
      "label": "File: tests/test_mcp_receipt_tools.py",
      "line_start": 1,
      "depth": 1,
      "via_relation": "imports",
      "callee_id": "sym:0430ca2f393f:McpService",
      "callee_symbol": "McpService"
    },
    {
      "id": "sym:41ed8ce188e1:McpReceiptToolsTests.setUp",
      "path": "/Users/giapminh79/code/GitHub/sot-graph/tests/test_mcp_receipt_tools.py",
      "kind": "method",
      "symbol": "McpReceiptToolsTests.setUp",
      "fqn": "tests.test_mcp_receipt_tools.McpReceiptToolsTests.setUp",
      "label": "def setUp \u2014 tests/test_mcp_receipt_tools.py:32",
      "line_start": 32,
      "depth": 1,
      "via_relation": "calls",
      "callee_id": "sym:0430ca2f393f:McpService",
      "callee_symbol": "McpService"
    },
    {
      "id": "file:872ddc5970de",
      "path": "/Users/giapminh79/code/GitHub/sot-graph/tests/test_navigation.py",
      "kind": "file",
      "symbol": "test_navigation.py",
      "fqn": "tests.test_navigation",
      "label": "File: tests/test_navigation.py",
      "line_start": 1,
      "depth": 1,
      "via_relation": "imports",
      "callee_id": "sym:a299afe5c13c:cmd_usages",
      "callee_symbol": "cmd_usages"
    },
    {
      "id": "file:08055a8da3bb",
      "path": "/Users/giapminh79/code/GitHub/sot-graph/tests/test_optimizations.py",
      "kind": "file",
      "symbol": "test_optimizations.py",
      "fqn": "tests.test_optimizations",
      "label": "File: tests/test_optimizations.py",
      "line_start": 1,
      "depth": 1,
      "via_relation": "imports",
      "callee_id": "sym:a299afe5c13c:build_parser",
      "callee_symbol": "build_parser"
    },
    {
      "id": "sym:08055a8da3bb:TestOptimizations.test_batch_reconcile_and_repo_discovery",
      "path": "/Users/giapminh79/code/GitHub/sot-graph/tests/test_optimizations.py",
      "kind": "method",
      "symbol": "TestOptimizations.test_batch_reconcile_and_repo_discovery",
      "fqn": "tests.test_optimizations.TestOptimizations.test_batch_reconcile_and_repo_discovery",
      "label": "def test_batch_reconcile_and_repo_discovery \u2014 tests/test_optimizations.py:183",
      "line_start": 183,
      "depth": 1,
      "via_relation": "calls",
      "callee_id": "sym:a299afe5c13c:build_parser",
      "callee_symbol": "build_parser"
    },
    {
      "id": "file:398155064175",
      "path": "/Users/giapminh79/code/GitHub/sot-graph/tests/test_p2_orchestrator.py",
      "kind": "file",
      "symbol": "test_p2_orchestrator.py",
      "fqn": "tests.test_p2_orchestrator",
      "label": "File: tests/test_p2_orchestrator.py",
      "line_start": 1,
      "depth": 1,
      "via_relation": "imports",
      "callee_id": "file:a299afe5c13c",
      "callee_symbol": "cli.py"
    },
    {
      "id": "sym:398155064175:TestDeadProviderDegrades.test_require_blocked_by_config_exit_code_is_stable",
      "path": "/Users/giapminh79/code/GitHub/sot-graph/tests/test_p2_orchestrator.py",
      "kind": "method",
      "symbol": "TestDeadProviderDegrades.test_require_blocked_by_config_exit_code_is_stable",
      "fqn": "tests.test_p2_orchestrator.TestDeadProviderDegrades.test_require_blocked_by_config_exit_code_is_stable",
      "label": "def test_require_blocked_by_config_exit_code_is_stable \u2014 tests/test_p2_orchestrator.py:145",
      "line_start": 145,
      "depth": 1,
      "via_relation": "calls",
      "callee_id": "sym:a299afe5c13c:main",
      "callee_symbol": "main"
    },
    {
      "id": "file:2e469e212c63",
      "path": "/Users/giapminh79/code/GitHub/sot-graph/tests/test_p3_plugin_contract.py",
      "kind": "file",
      "symbol": "test_p3_plugin_contract.py",
      "fqn": "tests.test_p3_plugin_contract",
      "label": "File: tests/test_p3_plugin_contract.py",
      "line_start": 1,
      "depth": 1,
      "via_relation": "imports",
      "callee_id": "file:5d1e1f7db31a",
      "callee_symbol": "orchestrator.py"
    },
    {
      "id": "file:c9f64b1d74ed",
      "path": "/Users/giapminh79/code/GitHub/sot-graph/tests/test_p5_coverage_verification.py",
      "kind": "file",
      "symbol": "test_p5_coverage_verification.py",
      "fqn": "tests.test_p5_coverage_verification",
      "label": "File: tests/test_p5_coverage_verification.py",
      "line_start": 1,
      "depth": 1,
      "via_relation": "imports",
      "callee_id": "sym:0430ca2f393f:McpService",
      "callee_symbol": "McpService"
    },
    {
      "id": "sym:c9f64b1d74ed:TestZeroResultIsNotNegativeClaim.test_mcp_search_response_has_coverage",
      "path": "/Users/giapminh79/code/GitHub/sot-graph/tests/test_p5_coverage_verification.py",
      "kind": "method",
      "symbol": "TestZeroResultIsNotNegativeClaim.test_mcp_search_response_has_coverage",
      "fqn": "tests.test_p5_coverage_verification.TestZeroResultIsNotNegativeClaim.test_mcp_search_response_has_coverage",
      "label": "def test_mcp_search_response_has_coverage \u2014 tests/test_p5_coverage_verification.py:240",
      "line_start": 240,
      "depth": 1,
      "via_relation": "calls",
      "callee_id": "sym:0430ca2f393f:McpService",
      "callee_symbol": "McpService"
    },
    {
      "id": "file:081f2612ac35",
      "path": "/Users/giapminh79/code/GitHub/sot-graph/tests/test_p6_ledger.py",
      "kind": "file",
      "symbol": "test_p6_ledger.py",
      "fqn": "tests.test_p6_ledger",
      "label": "File: tests/test_p6_ledger.py",
      "line_start": 1,
      "depth": 1,
      "via_relation": "imports",
      "callee_id": "sym:0430ca2f393f:McpService",
      "callee_symbol": "McpService"
    },
    {
      "id": "sym:081f2612ac35:TestMcpWritePath.test_providers_sync_records_run_and_evidence",
      "path": "/Users/giapminh79/code/GitHub/sot-graph/tests/test_p6_ledger.py",
      "kind": "method",
      "symbol": "TestMcpWritePath.test_providers_sync_records_run_and_evidence",
      "fqn": "tests.test_p6_ledger.TestMcpWritePath.test_providers_sync_records_run_and_evidence",
      "label": "def test_providers_sync_records_run_and_evidence \u2014 tests/test_p6_ledger.py:223",
      "line_start": 223,
      "depth": 1,
      "via_relation": "calls",
      "callee_id": "sym:0430ca2f393f:McpService",
      "callee_symbol": "McpService"
    },
    {
      "id": "sym:081f2612ac35:TestMcpWritePath.test_search_still_read_only",
      "path": "/Users/giapminh79/code/GitHub/sot-graph/tests/test_p6_ledger.py",
      "kind": "method",
      "symbol": "TestMcpWritePath.test_search_still_read_only",
      "fqn": "tests.test_p6_ledger.TestMcpWritePath.test_search_still_read_only",
      "label": "def test_search_still_read_only \u2014 tests/test_p6_ledger.py:242",
      "line_start": 242,
      "depth": 1,
      "via_relation": "calls",
      "callee_id": "sym:0430ca2f393f:McpService",
      "callee_symbol": "McpService"
    },
    {
      "id": "file:143ab3c80e53",
      "path": "/Users/giapminh79/code/GitHub/sot-graph/tests/test_p8_omp_integration.py",
      "kind": "file",
      "symbol": "test_p8_omp_integration.py",
      "fqn": "tests.test_p8_omp_integration",
      "label": "File: tests/test_p8_omp_integration.py",
      "line_start": 1,
      "depth": 1,
      "via_relation": "imports",
      "callee_id": "sym:0430ca2f393f:McpServiceError",
      "callee_symbol": "McpServiceError"
    },
    {
      "id": "sym:143ab3c80e53:TestMcpAssuranceInputs.test_search_policy_and_budget_params",
      "path": "/Users/giapminh79/code/GitHub/sot-graph/tests/test_p8_omp_integration.py",
      "kind": "method",
      "symbol": "TestMcpAssuranceInputs.test_search_policy_and_budget_params",
      "fqn": "tests.test_p8_omp_integration.TestMcpAssuranceInputs.test_search_policy_and_budget_params",
      "label": "def test_search_policy_and_budget_params \u2014 tests/test_p8_omp_integration.py:155",
      "line_start": 155,
      "depth": 1,
      "via_relation": "calls",
      "callee_id": "sym:0430ca2f393f:McpService",
      "callee_symbol": "McpService"
    },
    {
      "id": "sym:143ab3c80e53:TestMcpAssuranceInputs.test_scope_receipt_and_diff_impact_receipt",
      "path": "/Users/giapminh79/code/GitHub/sot-graph/tests/test_p8_omp_integration.py",
      "kind": "method",
      "symbol": "TestMcpAssuranceInputs.test_scope_receipt_and_diff_impact_receipt",
      "fqn": "tests.test_p8_omp_integration.TestMcpAssuranceInputs.test_scope_receipt_and_diff_impact_receipt",
      "label": "def test_scope_receipt_and_diff_impact_receipt \u2014 tests/test_p8_omp_integration.py:191",
      "line_start": 191,
      "depth": 1,
      "via_relation": "calls",
      "callee_id": "sym:0430ca2f393f:McpService",
      "callee_symbol": "McpService"
    },
    {
      "id": "file:e14d1834ad8c",
      "path": "/Users/giapminh79/code/GitHub/sot-graph/tests/test_phase1_scip_and_schema_v5.py",
      "kind": "file",
      "symbol": "test_phase1_scip_and_schema_v5.py",
      "fqn": "tests.test_phase1_scip_and_schema_v5",
      "label": "File: tests/test_phase1_scip_and_schema_v5.py",
      "line_start": 1,
      "depth": 1,
      "via_relation": "imports",
      "callee_id": "sym:a299afe5c13c:cmd_search",
      "callee_symbol": "cmd_search"
    },
    {
      "id": "sym:e14d1834ad8c:Phase1SchemaV5AndScipTests.test_cli_search_and_explore_json_envelope",
      "path": "/Users/giapminh79/code/GitHub/sot-graph/tests/test_phase1_scip_and_schema_v5.py",
      "kind": "method",
      "symbol": "Phase1SchemaV5AndScipTests.test_cli_search_and_explore_json_envelope",
      "fqn": "tests.test_phase1_scip_and_schema_v5.Phase1SchemaV5AndScipTests.test_cli_search_and_explore_json_envelope",
      "label": "def test_cli_search_and_explore_json_envelope \u2014 tests/test_phase1_scip_and_schema_v5.py:345",
      "line_start": 345,
      "depth": 1,
      "via_relation": "calls",
      "callee_id": "sym:a299afe5c13c:cmd_search",
      "callee_symbol": "cmd_search"
    },
    {
      "id": "sym:e14d1834ad8c:Phase1SchemaV5AndScipTests.test_mcp_service_includes_providers_in_responses",
      "path": "/Users/giapminh79/code/GitHub/sot-graph/tests/test_phase1_scip_and_schema_v5.py",
      "kind": "method",
      "symbol": "Phase1SchemaV5AndScipTests.test_mcp_service_includes_providers_in_responses",
      "fqn": "tests.test_phase1_scip_and_schema_v5.Phase1SchemaV5AndScipTests.test_mcp_service_includes_providers_in_responses",
      "label": "def test_mcp_service_includes_providers_in_responses \u2014 tests/test_phase1_scip_and_schema_v5.py:419",
      "line_start": 419,
      "depth": 1,
      "via_relation": "calls",
      "callee_id": "sym:0430ca2f393f:McpService",
      "callee_symbol": "McpService"
    },
    {
      "id": "file:7f511fdf0995",
      "path": "/Users/giapminh79/code/GitHub/sot-graph/tests/test_providers_cross_check.py",
      "kind": "file",
      "symbol": "test_providers_cross_check.py",
      "fqn": "tests.test_providers_cross_check",
      "label": "File: tests/test_providers_cross_check.py",
      "line_start": 1,
      "depth": 1,
      "via_relation": "imports",
      "callee_id": "sym:a299afe5c13c:build_parser",
      "callee_symbol": "build_parser"
    },
    {
      "id": "sym:7f511fdf0995:CrossCheckTests.test_cli_subcommand_wiring",
      "path": "/Users/giapminh79/code/GitHub/sot-graph/tests/test_providers_cross_check.py",
      "kind": "method",
      "symbol": "CrossCheckTests.test_cli_subcommand_wiring",
      "fqn": "tests.test_providers_cross_check.CrossCheckTests.test_cli_subcommand_wiring",
      "label": "def test_cli_subcommand_wiring \u2014 tests/test_providers_cross_check.py:326",
      "line_start": 326,
      "depth": 1,
      "via_relation": "calls",
      "callee_id": "sym:a299afe5c13c:build_parser",
      "callee_symbol": "build_parser"
    },
    {
      "id": "sym:7f511fdf0995:CrossCheckReceiptTests.test_cli_receipt_flag_wiring",
      "path": "/Users/giapminh79/code/GitHub/sot-graph/tests/test_providers_cross_check.py",
      "kind": "method",
      "symbol": "CrossCheckReceiptTests.test_cli_receipt_flag_wiring",
      "fqn": "tests.test_providers_cross_check.CrossCheckReceiptTests.test_cli_receipt_flag_wiring",
      "label": "def test_cli_receipt_flag_wiring \u2014 tests/test_providers_cross_check.py:432",
      "line_start": 432,
      "depth": 1,
      "via_relation": "calls",
      "callee_id": "sym:a299afe5c13c:build_parser",
      "callee_symbol": "build_parser"
    },
    {
      "id": "file:51828cb5b765",
      "path": "/Users/giapminh79/code/GitHub/sot-graph/tests/test_providers_registry.py",
      "kind": "file",
      "symbol": "test_providers_registry.py",
      "fqn": "tests.test_providers_registry",
      "label": "File: tests/test_providers_registry.py",
      "line_start": 1,
      "depth": 1,
      "via_relation": "imports",
      "callee_id": "sym:a299afe5c13c:main",
      "callee_symbol": "main"
    },
    {
      "id": "sym:51828cb5b765:TestCliProviders.test_detect_json_smoke",
      "path": "/Users/giapminh79/code/GitHub/sot-graph/tests/test_providers_registry.py",
      "kind": "method",
      "symbol": "TestCliProviders.test_detect_json_smoke",
      "fqn": "tests.test_providers_registry.TestCliProviders.test_detect_json_smoke",
      "label": "def test_detect_json_smoke \u2014 tests/test_providers_registry.py:164",
      "line_start": 164,
      "depth": 1,
      "via_relation": "calls",
      "callee_id": "sym:a299afe5c13c:main",
      "callee_symbol": "main"
    },
    {
      "id": "sym:51828cb5b765:TestCliProviders.test_doctor_exit_code_zero_when_optional_missing",
      "path": "/Users/giapminh79/code/GitHub/sot-graph/tests/test_providers_registry.py",
      "kind": "method",
      "symbol": "TestCliProviders.test_doctor_exit_code_zero_when_optional_missing",
      "fqn": "tests.test_providers_registry.TestCliProviders.test_doctor_exit_code_zero_when_optional_missing",
      "label": "def test_doctor_exit_code_zero_when_optional_missing \u2014 tests/test_providers_registry.py:175",
      "line_start": 175,
      "depth": 1,
      "via_relation": "calls",
      "callee_id": "sym:a299afe5c13c:main",
      "callee_symbol": "main"
    },
    {
      "id": "sym:51828cb5b765:TestCliProviders.test_doctor_exit_code_one_when_required_unhealthy",
      "path": "/Users/giapminh79/code/GitHub/sot-graph/tests/test_providers_registry.py",
      "kind": "method",
      "symbol": "TestCliProviders.test_doctor_exit_code_one_when_required_unhealthy",
      "fqn": "tests.test_providers_registry.TestCliProviders.test_doctor_exit_code_one_when_required_unhealthy",
      "label": "def test_doctor_exit_code_one_when_required_unhealthy \u2014 tests/test_providers_registry.py:198",
      "line_start": 198,
      "depth": 1,
      "via_relation": "calls",
      "callee_id": "sym:a299afe5c13c:main",
      "callee_symbol": "main"
    },
    {
      "id": "sym:51828cb5b765:TestCliProviders.test_resolve_json_returns_ranked_list",
      "path": "/Users/giapminh79/code/GitHub/sot-graph/tests/test_providers_registry.py",
      "kind": "method",
      "symbol": "TestCliProviders.test_resolve_json_returns_ranked_list",
      "fqn": "tests.test_providers_registry.TestCliProviders.test_resolve_json_returns_ranked_list",
      "label": "def test_resolve_json_returns_ranked_list \u2014 tests/test_providers_registry.py:211",
      "line_start": 211,
      "depth": 1,
      "via_relation": "calls",
      "callee_id": "sym:a299afe5c13c:main",
      "callee_symbol": "main"
    },
    {
      "id": "sym:51828cb5b765:TestCliProviders.test_list_json_lists_all_configured",
      "path": "/Users/giapminh79/code/GitHub/sot-graph/tests/test_providers_registry.py",
      "kind": "method",
      "symbol": "TestCliProviders.test_list_json_lists_all_configured",
      "fqn": "tests.test_providers_registry.TestCliProviders.test_list_json_lists_all_configured",
      "label": "def test_list_json_lists_all_configured \u2014 tests/test_providers_registry.py:219",
      "line_start": 219,
      "depth": 1,
      "via_relation": "calls",
      "callee_id": "sym:a299afe5c13c:main",
      "callee_symbol": "main"
    },
    {
      "id": "file:1e037f5c17d0",
      "path": "/Users/giapminh79/code/GitHub/sot-graph/tests/test_repo_map.py",
      "kind": "file",
      "symbol": "test_repo_map.py",
      "fqn": "tests.test_repo_map",
      "label": "File: tests/test_repo_map.py",
      "line_start": 1,
      "depth": 1,
      "via_relation": "imports",
      "callee_id": "sym:0430ca2f393f:McpService",
      "callee_symbol": "McpService"
    },
    {
      "id": "sym:1e037f5c17d0:McpMapAndNotesTests.setUp",
      "path": "/Users/giapminh79/code/GitHub/sot-graph/tests/test_repo_map.py",
      "kind": "method",
      "symbol": "McpMapAndNotesTests.setUp",
      "fqn": "tests.test_repo_map.McpMapAndNotesTests.setUp",
      "label": "def setUp \u2014 tests/test_repo_map.py:125",
      "line_start": 125,
      "depth": 1,
      "via_relation": "calls",
      "callee_id": "sym:0430ca2f393f:McpService",
      "callee_symbol": "McpService"
    },
    {
      "id": "file:a0fd26ba8176",
      "path": "/Users/giapminh79/code/GitHub/sot-graph/tests/test_report_conformance.py",
      "kind": "file",
      "symbol": "test_report_conformance.py",
      "fqn": "tests.test_report_conformance",
      "label": "File: tests/test_report_conformance.py",
      "line_start": 1,
      "depth": 1,
      "via_relation": "imports",
      "callee_id": "sym:a299afe5c13c:build_parser",
      "callee_symbol": "build_parser"
    },
    {
      "id": "sym:a0fd26ba8176:TestShippedPathIntegration.test_cli_report_receives_real_denominators",
      "path": "/Users/giapminh79/code/GitHub/sot-graph/tests/test_report_conformance.py",
      "kind": "method",
      "symbol": "TestShippedPathIntegration.test_cli_report_receives_real_denominators",
      "fqn": "tests.test_report_conformance.TestShippedPathIntegration.test_cli_report_receives_real_denominators",
      "label": "def test_cli_report_receives_real_denominators \u2014 tests/test_report_conformance.py:418",
      "line_start": 418,
      "depth": 1,
      "via_relation": "calls",
      "callee_id": "sym:a299afe5c13c:build_parser",
      "callee_symbol": "build_parser"
    },
    {
      "id": "sym:a0fd26ba8176:TestShippedPathIntegration.test_mcp_report_receives_real_denominators",
      "path": "/Users/giapminh79/code/GitHub/sot-graph/tests/test_report_conformance.py",
      "kind": "method",
      "symbol": "TestShippedPathIntegration.test_mcp_report_receives_real_denominators",
      "fqn": "tests.test_report_conformance.TestShippedPathIntegration.test_mcp_report_receives_real_denominators",
      "label": "def test_mcp_report_receives_real_denominators \u2014 tests/test_report_conformance.py:432",
      "line_start": 432,
      "depth": 1,
      "via_relation": "calls",
      "callee_id": "sym:0430ca2f393f:McpService",
      "callee_symbol": "McpService"
    },
    {
      "id": "file:27d462be5c4b",
      "path": "/Users/giapminh79/code/GitHub/sot-graph/tests/test_search_bare_name_ranking.py",
      "kind": "file",
      "symbol": "test_search_bare_name_ranking.py",
      "fqn": "tests.test_search_bare_name_ranking",
      "label": "File: tests/test_search_bare_name_ranking.py",
      "line_start": 1,
      "depth": 1,
      "via_relation": "imports",
      "callee_id": "sym:0430ca2f393f:McpService",
      "callee_symbol": "McpService"
    },
    {
      "id": "sym:27d462be5c4b:BareNameRankingTestCase._mcp",
      "path": "/Users/giapminh79/code/GitHub/sot-graph/tests/test_search_bare_name_ranking.py",
      "kind": "method",
      "symbol": "BareNameRankingTestCase._mcp",
      "fqn": "tests.test_search_bare_name_ranking.BareNameRankingTestCase._mcp",
      "label": "def _mcp \u2014 tests/test_search_bare_name_ranking.py:60",
      "line_start": 60,
      "depth": 1,
      "via_relation": "calls",
      "callee_id": "sym:0430ca2f393f:McpService",
      "callee_symbol": "McpService"
    },
    {
      "id": "file:f058a7d050ab",
      "path": "/Users/giapminh79/code/GitHub/sot-graph/tests/test_sg107_stress.py",
      "kind": "file",
      "symbol": "test_sg107_stress.py",
      "fqn": "tests.test_sg107_stress",
      "label": "File: tests/test_sg107_stress.py",
      "line_start": 1,
      "depth": 1,
      "via_relation": "imports",
      "callee_id": "sym:a299afe5c13c:build_parser",
      "callee_symbol": "build_parser"
    },
    {
      "id": "sym:f058a7d050ab:_service_of",
      "path": "/Users/giapminh79/code/GitHub/sot-graph/tests/test_sg107_stress.py",
      "kind": "function",
      "symbol": "_service_of",
      "fqn": "tests.test_sg107_stress._service_of",
      "label": "def _service_of \u2014 tests/test_sg107_stress.py:343",
      "line_start": 343,
      "depth": 1,
      "via_relation": "calls",
      "callee_id": "sym:0430ca2f393f:McpService",
      "callee_symbol": "McpService"
    },
    {
      "id": "sym:f058a7d050ab:_cli_diff_json",
      "path": "/Users/giapminh79/code/GitHub/sot-graph/tests/test_sg107_stress.py",
      "kind": "function",
      "symbol": "_cli_diff_json",
      "fqn": "tests.test_sg107_stress._cli_diff_json",
      "label": "def _cli_diff_json \u2014 tests/test_sg107_stress.py:354",
      "line_start": 354,
      "depth": 1,
      "via_relation": "calls",
      "callee_id": "sym:a299afe5c13c:build_parser",
      "callee_symbol": "build_parser"
    },
    {
      "id": "sym:f058a7d050ab:TestCharacterizationResidualRisks._fits",
      "path": "/Users/giapminh79/code/GitHub/sot-graph/tests/test_sg107_stress.py",
      "kind": "method",
      "symbol": "TestCharacterizationResidualRisks._fits",
      "fqn": "tests.test_sg107_stress.TestCharacterizationResidualRisks._fits",
      "label": "def _fits \u2014 tests/test_sg107_stress.py:730",
      "line_start": 730,
      "depth": 1,
      "via_relation": "calls",
      "callee_id": "sym:0430ca2f393f:McpService",
      "callee_symbol": "McpService"
    },
    {
      "id": "file:b476db0d78ee",
      "path": "/Users/giapminh79/code/GitHub/sot-graph/tests/test_sg201_repo_map_filters.py",
      "kind": "file",
      "symbol": "test_sg201_repo_map_filters.py",
      "fqn": "tests.test_sg201_repo_map_filters",
      "label": "File: tests/test_sg201_repo_map_filters.py",
      "line_start": 1,
      "depth": 1,
      "via_relation": "imports",
      "callee_id": "sym:0430ca2f393f:McpServiceError",
      "callee_symbol": "McpServiceError"
    },
    {
      "id": "sym:b476db0d78ee:RepoMapFilterSurfaceTests.test_mcp_repo_map_returns_filters_and_opt_in",
      "path": "/Users/giapminh79/code/GitHub/sot-graph/tests/test_sg201_repo_map_filters.py",
      "kind": "method",
      "symbol": "RepoMapFilterSurfaceTests.test_mcp_repo_map_returns_filters_and_opt_in",
      "fqn": "tests.test_sg201_repo_map_filters.RepoMapFilterSurfaceTests.test_mcp_repo_map_returns_filters_and_opt_in",
      "label": "def test_mcp_repo_map_returns_filters_and_opt_in \u2014 tests/test_sg201_repo_map_filters.py:311",
      "line_start": 311,
      "depth": 1,
      "via_relation": "calls",
      "callee_id": "sym:0430ca2f393f:McpService",
      "callee_symbol": "McpService"
    },
    {
      "id": "sym:b476db0d78ee:RepoMapFilterSurfaceTests.test_mcp_repo_map_rejects_unknown_category",
      "path": "/Users/giapminh79/code/GitHub/sot-graph/tests/test_sg201_repo_map_filters.py",
      "kind": "method",
      "symbol": "RepoMapFilterSurfaceTests.test_mcp_repo_map_rejects_unknown_category",
      "fqn": "tests.test_sg201_repo_map_filters.RepoMapFilterSurfaceTests.test_mcp_repo_map_rejects_unknown_category",
      "label": "def test_mcp_repo_map_rejects_unknown_category \u2014 tests/test_sg201_repo_map_filters.py:322",
      "line_start": 322,
      "depth": 1,
      "via_relation": "calls",
      "callee_id": "sym:0430ca2f393f:McpService",
      "callee_symbol": "McpService"
    },
    {
      "id": "file:23a7d8cbff5f",
      "path": "/Users/giapminh79/code/GitHub/sot-graph/tests/test_sg202_pack_completeness.py",
      "kind": "file",
      "symbol": "test_sg202_pack_completeness.py",
      "fqn": "tests.test_sg202_pack_completeness",
      "label": "File: tests/test_sg202_pack_completeness.py",
      "line_start": 1,
      "depth": 1,
      "via_relation": "imports",
      "callee_id": "sym:0430ca2f393f:McpService",
      "callee_symbol": "McpService"
    },
    {
      "id": "sym:23a7d8cbff5f:SG202PackCompletenessTests.test_mcp_surface_reports_honesty_fields",
      "path": "/Users/giapminh79/code/GitHub/sot-graph/tests/test_sg202_pack_completeness.py",
      "kind": "method",
      "symbol": "SG202PackCompletenessTests.test_mcp_surface_reports_honesty_fields",
      "fqn": "tests.test_sg202_pack_completeness.SG202PackCompletenessTests.test_mcp_surface_reports_honesty_fields",
      "label": "def test_mcp_surface_reports_honesty_fields \u2014 tests/test_sg202_pack_completeness.py:260",
      "line_start": 260,
      "depth": 1,
      "via_relation": "calls",
      "callee_id": "sym:0430ca2f393f:McpService",
      "callee_symbol": "McpService"
    },
    {
      "id": "file:bafaa559d09b",
      "path": "/Users/giapminh79/code/GitHub/sot-graph/tests/test_solution_trace.py",
      "kind": "file",
      "symbol": "test_solution_trace.py",
      "fqn": "tests.test_solution_trace",
      "label": "File: tests/test_solution_trace.py",
      "line_start": 1,
      "depth": 1,
      "via_relation": "imports",
      "callee_id": "sym:0430ca2f393f:McpService",
      "callee_symbol": "McpService"
    },
    {
      "id": "sym:bafaa559d09b:TestSolutionAndTraceEngine.test_mcp_service_async_primitives",
      "path": "/Users/giapminh79/code/GitHub/sot-graph/tests/test_solution_trace.py",
      "kind": "method",
      "symbol": "TestSolutionAndTraceEngine.test_mcp_service_async_primitives",
      "fqn": "tests.test_solution_trace.TestSolutionAndTraceEngine.test_mcp_service_async_primitives",
      "label": "def test_mcp_service_async_primitives \u2014 tests/test_solution_trace.py:221",
      "line_start": 221,
      "depth": 1,
      "via_relation": "calls",
      "callee_id": "sym:0430ca2f393f:McpService",
      "callee_symbol": "McpService"
    },
    {
      "id": "file:8d8facd09c31",
      "path": "/Users/giapminh79/code/GitHub/sot-graph/tests/test_sprint4_compass_and_pack.py",
      "kind": "file",
      "symbol": "test_sprint4_compass_and_pack.py",
      "fqn": "tests.test_sprint4_compass_and_pack",
      "label": "File: tests/test_sprint4_compass_and_pack.py",
      "line_start": 1,
      "depth": 1,
      "via_relation": "imports",
      "callee_id": "sym:0430ca2f393f:McpService",
      "callee_symbol": "McpService"
    },
    {
      "id": "sym:8d8facd09c31:Sprint4CompassAndPackTests.test_mcp_explore_structured_hops",
      "path": "/Users/giapminh79/code/GitHub/sot-graph/tests/test_sprint4_compass_and_pack.py",
      "kind": "method",
      "symbol": "Sprint4CompassAndPackTests.test_mcp_explore_structured_hops",
      "fqn": "tests.test_sprint4_compass_and_pack.Sprint4CompassAndPackTests.test_mcp_explore_structured_hops",
      "label": "def test_mcp_explore_structured_hops \u2014 tests/test_sprint4_compass_and_pack.py:316",
      "line_start": 316,
      "depth": 1,
      "via_relation": "calls",
      "callee_id": "sym:0430ca2f393f:McpService",
      "callee_symbol": "McpService"
    },
    {
      "id": "file:21c603c57c3d",
      "path": "/Users/giapminh79/code/GitHub/sot-graph/tests/test_storage_integrity.py",
      "kind": "file",
      "symbol": "test_storage_integrity.py",
      "fqn": "tests.test_storage_integrity",
      "label": "File: tests/test_storage_integrity.py",
      "line_start": 1,
      "depth": 1,
      "via_relation": "imports",
      "callee_id": "sym:a299afe5c13c:main",
      "callee_symbol": "main"
    },
    {
      "id": "sym:21c603c57c3d:test_doctor_cli_text_and_json",
      "path": "/Users/giapminh79/code/GitHub/sot-graph/tests/test_storage_integrity.py",
      "kind": "function",
      "symbol": "test_doctor_cli_text_and_json",
      "fqn": "tests.test_storage_integrity.test_doctor_cli_text_and_json",
      "label": "def test_doctor_cli_text_and_json \u2014 tests/test_storage_integrity.py:52",
      "line_start": 52,
      "depth": 1,
      "via_relation": "calls",
      "callee_id": "sym:a299afe5c13c:main",
      "callee_symbol": "main"
    },
    {
      "id": "file:d3c0b58d9f4b",
      "path": "/Users/giapminh79/code/GitHub/sot-graph/tests/test_trust_axes.py",
      "kind": "file",
      "symbol": "test_trust_axes.py",
      "fqn": "tests.test_trust_axes",
      "label": "File: tests/test_trust_axes.py",
      "line_start": 1,
      "depth": 1,
      "via_relation": "imports",
      "callee_id": "sym:a299afe5c13c:cmd_search",
      "callee_symbol": "cmd_search"
    },
    {
      "id": "sym:d3c0b58d9f4b:_search_cli",
      "path": "/Users/giapminh79/code/GitHub/sot-graph/tests/test_trust_axes.py",
      "kind": "function",
      "symbol": "_search_cli",
      "fqn": "tests.test_trust_axes._search_cli",
      "label": "def _search_cli \u2014 tests/test_trust_axes.py:387",
      "line_start": 387,
      "depth": 1,
      "via_relation": "calls",
      "callee_id": "sym:a299afe5c13c:cmd_search",
      "callee_symbol": "cmd_search"
    },
    {
      "id": "sym:d3c0b58d9f4b:TestMcpSearchAxes.test_results_carry_axes_and_contract",
      "path": "/Users/giapminh79/code/GitHub/sot-graph/tests/test_trust_axes.py",
      "kind": "method",
      "symbol": "TestMcpSearchAxes.test_results_carry_axes_and_contract",
      "fqn": "tests.test_trust_axes.TestMcpSearchAxes.test_results_carry_axes_and_contract",
      "label": "def test_results_carry_axes_and_contract \u2014 tests/test_trust_axes.py:485",
      "line_start": 485,
      "depth": 1,
      "via_relation": "calls",
      "callee_id": "sym:0430ca2f393f:McpService",
      "callee_symbol": "McpService"
    },
    {
      "id": "sym:d3c0b58d9f4b:TestMcpSearchAxes.test_ambiguous_identity_on_mcp",
      "path": "/Users/giapminh79/code/GitHub/sot-graph/tests/test_trust_axes.py",
      "kind": "method",
      "symbol": "TestMcpSearchAxes.test_ambiguous_identity_on_mcp",
      "fqn": "tests.test_trust_axes.TestMcpSearchAxes.test_ambiguous_identity_on_mcp",
      "label": "def test_ambiguous_identity_on_mcp \u2014 tests/test_trust_axes.py:506",
      "line_start": 506,
      "depth": 1,
      "via_relation": "calls",
      "callee_id": "sym:0430ca2f393f:McpService",
      "callee_symbol": "McpService"
    },
    {
      "id": "sym:d3c0b58d9f4b:TestMcpSearchAxes.test_empty_results_still_expose_contract",
      "path": "/Users/giapminh79/code/GitHub/sot-graph/tests/test_trust_axes.py",
      "kind": "method",
      "symbol": "TestMcpSearchAxes.test_empty_results_still_expose_contract",
      "fqn": "tests.test_trust_axes.TestMcpSearchAxes.test_empty_results_still_expose_contract",
      "label": "def test_empty_results_still_expose_contract \u2014 tests/test_trust_axes.py:513",
      "line_start": 513,
      "depth": 1,
      "via_relation": "calls",
      "callee_id": "sym:0430ca2f393f:McpService",
      "callee_symbol": "McpService"
    },
    {
      "id": "file:90bc0983d900",
      "path": "/Users/giapminh79/code/GitHub/sot-graph/tests/test_trust_chain_hardening.py",
      "kind": "file",
      "symbol": "test_trust_chain_hardening.py",
      "fqn": "tests.test_trust_chain_hardening",
      "label": "File: tests/test_trust_chain_hardening.py",
      "line_start": 1,
      "depth": 1,
      "via_relation": "imports",
      "callee_id": "sym:0430ca2f393f:McpService",
      "callee_symbol": "McpService"
    },
    {
      "id": "sym:90bc0983d900:test_mcp_fits_response_surrogateescape",
      "path": "/Users/giapminh79/code/GitHub/sot-graph/tests/test_trust_chain_hardening.py",
      "kind": "function",
      "symbol": "test_mcp_fits_response_surrogateescape",
      "fqn": "tests.test_trust_chain_hardening.test_mcp_fits_response_surrogateescape",
      "label": "def test_mcp_fits_response_surrogateescape \u2014 tests/test_trust_chain_hardening.py:609",
      "line_start": 609,
      "depth": 1,
      "via_relation": "calls",
      "callee_id": "sym:0430ca2f393f:McpService",
      "callee_symbol": "McpService"
    },
    {
      "id": "sym:90bc0983d900:test_mcp_diff_impact_receipt_fits_response_truncation",
      "path": "/Users/giapminh79/code/GitHub/sot-graph/tests/test_trust_chain_hardening.py",
      "kind": "function",
      "symbol": "test_mcp_diff_impact_receipt_fits_response_truncation",
      "fqn": "tests.test_trust_chain_hardening.test_mcp_diff_impact_receipt_fits_response_truncation",
      "label": "def test_mcp_diff_impact_receipt_fits_response_truncation \u2014 tests/test_trust_chain_hardening.py:930",
      "line_start": 930,
      "depth": 1,
      "via_relation": "calls",
      "callee_id": "sym:0430ca2f393f:McpService",
      "callee_symbol": "McpService"
    },
    {
      "id": "sym:90bc0983d900:test_mcp_transport_truncation_degrades_assurance",
      "path": "/Users/giapminh79/code/GitHub/sot-graph/tests/test_trust_chain_hardening.py",
      "kind": "function",
      "symbol": "test_mcp_transport_truncation_degrades_assurance",
      "fqn": "tests.test_trust_chain_hardening.test_mcp_transport_truncation_degrades_assurance",
      "label": "def test_mcp_transport_truncation_degrades_assurance \u2014 tests/test_trust_chain_hardening.py:994",
      "line_start": 994,
      "depth": 1,
      "via_relation": "calls",
      "callee_id": "sym:0430ca2f393f:McpService",
      "callee_symbol": "McpService"
    },
    {
      "id": "sym:90bc0983d900:test_mcp_small_receipt_payload_assurance_untouched",
      "path": "/Users/giapminh79/code/GitHub/sot-graph/tests/test_trust_chain_hardening.py",
      "kind": "function",
      "symbol": "test_mcp_small_receipt_payload_assurance_untouched",
      "fqn": "tests.test_trust_chain_hardening.test_mcp_small_receipt_payload_assurance_untouched",
      "label": "def test_mcp_small_receipt_payload_assurance_untouched \u2014 tests/test_trust_chain_hardening.py:1046",
      "line_start": 1046,
      "depth": 1,
      "via_relation": "calls",
      "callee_id": "sym:0430ca2f393f:McpService",
      "callee_symbol": "McpService"
    },
    {
      "id": "sym:90bc0983d900:test_mcp_diff_impact_default_target_is_head",
      "path": "/Users/giapminh79/code/GitHub/sot-graph/tests/test_trust_chain_hardening.py",
      "kind": "function",
      "symbol": "test_mcp_diff_impact_default_target_is_head",
      "fqn": "tests.test_trust_chain_hardening.test_mcp_diff_impact_default_target_is_head",
      "label": "def test_mcp_diff_impact_default_target_is_head \u2014 tests/test_trust_chain_hardening.py:1072",
      "line_start": 1072,
      "depth": 1,
      "via_relation": "calls",
      "callee_id": "sym:0430ca2f393f:McpService",
      "callee_symbol": "McpService"
    },
    {
      "id": "sym:90bc0983d900:test_mcp_diff_impact_receipt_default_target_is_head",
      "path": "/Users/giapminh79/code/GitHub/sot-graph/tests/test_trust_chain_hardening.py",
      "kind": "function",
      "symbol": "test_mcp_diff_impact_receipt_default_target_is_head",
      "fqn": "tests.test_trust_chain_hardening.test_mcp_diff_impact_receipt_default_target_is_head",
      "label": "def test_mcp_diff_impact_receipt_default_target_is_head \u2014 tests/test_trust_chain_hardening.py:1107",
      "line_start": 1107,
      "depth": 1,
      "via_relation": "calls",
      "callee_id": "sym:0430ca2f393f:McpService",
      "callee_symbol": "McpService"
    },
    {
      "id": "sym:c3d36d674c17:main",
      "path": "/Users/giapminh79/code/GitHub/sot-graph/scripts/bench_holdout.py",
      "kind": "function",
      "symbol": "main",
      "fqn": "scripts.bench_holdout.main",
      "label": "def main \u2014 scripts/bench_holdout.py:957",
      "line_start": 957,
      "depth": 2,
      "via_relation": "calls",
      "callee_id": "sym:c3d36d674c17:run_repo",
      "callee_symbol": "run_repo"
    },
    {
      "id": "sym:0430ca2f393f:McpService.graph_generation",
      "path": "/Users/giapminh79/code/GitHub/sot-graph/src/sot_graph/mcp_service.py",
      "kind": "method",
      "symbol": "McpService.graph_generation",
      "fqn": "sot_graph.mcp_service.McpService.graph_generation",
      "label": "def graph_generation \u2014 src/sot_graph/mcp_service.py:1207",
      "line_start": 1207,
      "depth": 2,
      "via_relation": "calls",
      "callee_id": "sym:0430ca2f393f:McpService._run",
      "callee_symbol": "McpService._run"
    },
    {
      "id": "sym:0430ca2f393f:McpService.verify_drift",
      "path": "/Users/giapminh79/code/GitHub/sot-graph/src/sot_graph/mcp_service.py",
      "kind": "method",
      "symbol": "McpService.verify_drift",
      "fqn": "sot_graph.mcp_service.McpService.verify_drift",
      "label": "def verify_drift \u2014 src/sot_graph/mcp_service.py:1232",
      "line_start": 1232,
      "depth": 2,
      "via_relation": "calls",
      "callee_id": "sym:0430ca2f393f:McpService._run",
      "callee_symbol": "McpService._run"
    },
    {
      "id": "sym:0430ca2f393f:McpService.stats",
      "path": "/Users/giapminh79/code/GitHub/sot-graph/src/sot_graph/mcp_service.py",
      "kind": "method",
      "symbol": "McpService.stats",
      "fqn": "sot_graph.mcp_service.McpService.stats",
      "label": "def stats \u2014 src/sot_graph/mcp_service.py:1272",
      "line_start": 1272,
      "depth": 2,
      "via_relation": "calls",
      "callee_id": "sym:0430ca2f393f:McpService._run",
      "callee_symbol": "McpService._run"
    },
    {
      "id": "sym:0430ca2f393f:McpService.get_architecture_report",
      "path": "/Users/giapminh79/code/GitHub/sot-graph/src/sot_graph/mcp_service.py",
      "kind": "method",
      "symbol": "McpService.get_architecture_report",
      "fqn": "sot_graph.mcp_service.McpService.get_architecture_report",
      "label": "def get_architecture_report \u2014 src/sot_graph/mcp_service.py:1279",
      "line_start": 1279,
      "depth": 2,
      "via_relation": "calls",
      "callee_id": "sym:0430ca2f393f:McpService._run",
      "callee_symbol": "McpService._run"
    },
    {
      "id": "sym:0430ca2f393f:McpService.get_communities",
      "path": "/Users/giapminh79/code/GitHub/sot-graph/src/sot_graph/mcp_service.py",
      "kind": "method",
      "symbol": "McpService.get_communities",
      "fqn": "sot_graph.mcp_service.McpService.get_communities",
      "label": "def get_communities \u2014 src/sot_graph/mcp_service.py:1358",
      "line_start": 1358,
      "depth": 2,
      "via_relation": "calls",
      "callee_id": "sym:0430ca2f393f:McpService._run",
      "callee_symbol": "McpService._run"
    },
    {
      "id": "sym:0430ca2f393f:McpService.get_architecture_bundle",
      "path": "/Users/giapminh79/code/GitHub/sot-graph/src/sot_graph/mcp_service.py",
      "kind": "method",
      "symbol": "McpService.get_architecture_bundle",
      "fqn": "sot_graph.mcp_service.McpService.get_architecture_bundle",
      "label": "def get_architecture_bundle \u2014 src/sot_graph/mcp_service.py:1388",
      "line_start": 1388,
      "depth": 2,
      "via_relation": "calls",
      "callee_id": "sym:0430ca2f393f:McpService._run",
      "callee_symbol": "McpService._run"
    },
    {
      "id": "sym:0430ca2f393f:McpService.get_architecture_bundle.op",
      "path": "/Users/giapminh79/code/GitHub/sot-graph/src/sot_graph/mcp_service.py",
      "kind": "method",
      "symbol": "McpService.get_architecture_bundle.op",
      "fqn": "sot_graph.mcp_service.McpService.get_architecture_bundle.op",
      "label": "def op \u2014 src/sot_graph/mcp_service.py:1398",
      "line_start": 1398,
      "depth": 2,
      "via_relation": "calls",
      "callee_id": "sym:0430ca2f393f:resolve_and_validate_output_path",
      "callee_symbol": "resolve_and_validate_output_path"
    },
    {
      "id": "sym:0430ca2f393f:McpService.pack_context_bundle",
      "path": "/Users/giapminh79/code/GitHub/sot-graph/src/sot_graph/mcp_service.py",
      "kind": "method",
      "symbol": "McpService.pack_context_bundle",
      "fqn": "sot_graph.mcp_service.McpService.pack_context_bundle",
      "label": "def pack_context_bundle \u2014 src/sot_graph/mcp_service.py:1426",
      "line_start": 1426,
      "depth": 2,
      "via_relation": "calls",
      "callee_id": "sym:0430ca2f393f:McpService._run",
      "callee_symbol": "McpService._run"
    },
    {
      "id": "sym:0430ca2f393f:McpService.trace",
      "path": "/Users/giapminh79/code/GitHub/sot-graph/src/sot_graph/mcp_service.py",
      "kind": "method",
      "symbol": "McpService.trace",
      "fqn": "sot_graph.mcp_service.McpService.trace",
      "label": "def trace \u2014 src/sot_graph/mcp_service.py:1466",
      "line_start": 1466,
      "depth": 2,
      "via_relation": "calls",
      "callee_id": "sym:0430ca2f393f:McpService._run",
      "callee_symbol": "McpService._run"
    },
    {
      "id": "sym:0430ca2f393f:McpService.ui_tree",
      "path": "/Users/giapminh79/code/GitHub/sot-graph/src/sot_graph/mcp_service.py",
      "kind": "method",
      "symbol": "McpService.ui_tree",
      "fqn": "sot_graph.mcp_service.McpService.ui_tree",
      "label": "def ui_tree \u2014 src/sot_graph/mcp_service.py:1488",
      "line_start": 1488,
      "depth": 2,
      "via_relation": "calls",
      "callee_id": "sym:0430ca2f393f:McpService._run",
      "callee_symbol": "McpService._run"
    },
    {
      "id": "sym:0430ca2f393f:McpService.backend_flow",
      "path": "/Users/giapminh79/code/GitHub/sot-graph/src/sot_graph/mcp_service.py",
      "kind": "method",
      "symbol": "McpService.backend_flow",
      "fqn": "sot_graph.mcp_service.McpService.backend_flow",
      "label": "def backend_flow \u2014 src/sot_graph/mcp_service.py:1507",
      "line_start": 1507,
      "depth": 2,
      "via_relation": "calls",
      "callee_id": "sym:0430ca2f393f:McpService._run",
      "callee_symbol": "McpService._run"
    },
    {
      "id": "sym:0430ca2f393f:McpService.solution_inventory",
      "path": "/Users/giapminh79/code/GitHub/sot-graph/src/sot_graph/mcp_service.py",
      "kind": "method",
      "symbol": "McpService.solution_inventory",
      "fqn": "sot_graph.mcp_service.McpService.solution_inventory",
      "label": "def solution_inventory \u2014 src/sot_graph/mcp_service.py:1526",
      "line_start": 1526,
      "depth": 2,
      "via_relation": "calls",
      "callee_id": "sym:0430ca2f393f:McpService._run",
      "callee_symbol": "McpService._run"
    },
    {
      "id": "sym:0430ca2f393f:McpService.solution_inventory.op",
      "path": "/Users/giapminh79/code/GitHub/sot-graph/src/sot_graph/mcp_service.py",
      "kind": "method",
      "symbol": "McpService.solution_inventory.op",
      "fqn": "sot_graph.mcp_service.McpService.solution_inventory.op",
      "label": "def op \u2014 src/sot_graph/mcp_service.py:1535",
      "line_start": 1535,
      "depth": 2,
      "via_relation": "calls",
      "callee_id": "sym:0430ca2f393f:resolve_and_validate_output_path",
      "callee_symbol": "resolve_and_validate_output_path"
    },
    {
      "id": "sym:0430ca2f393f:McpService.solution_steps",
      "path": "/Users/giapminh79/code/GitHub/sot-graph/src/sot_graph/mcp_service.py",
      "kind": "method",
      "symbol": "McpService.solution_steps",
      "fqn": "sot_graph.mcp_service.McpService.solution_steps",
      "label": "def solution_steps \u2014 src/sot_graph/mcp_service.py:1550",
      "line_start": 1550,
      "depth": 2,
      "via_relation": "calls",
      "callee_id": "sym:0430ca2f393f:McpService._run",
      "callee_symbol": "McpService._run"
    },
    {
      "id": "sym:0430ca2f393f:McpService.solution_bundle",
      "path": "/Users/giapminh79/code/GitHub/sot-graph/src/sot_graph/mcp_service.py",
      "kind": "method",
      "symbol": "McpService.solution_bundle",
      "fqn": "sot_graph.mcp_service.McpService.solution_bundle",
      "label": "def solution_bundle \u2014 src/sot_graph/mcp_service.py:1569",
      "line_start": 1569,
      "depth": 2,
      "via_relation": "calls",
      "callee_id": "sym:0430ca2f393f:McpService._run",
      "callee_symbol": "McpService._run"
    },
    {
      "id": "sym:0430ca2f393f:McpService.solution_bundle.op",
      "path": "/Users/giapminh79/code/GitHub/sot-graph/src/sot_graph/mcp_service.py",
      "kind": "method",
      "symbol": "McpService.solution_bundle.op",
      "fqn": "sot_graph.mcp_service.McpService.solution_bundle.op",
      "label": "def op \u2014 src/sot_graph/mcp_service.py:1578",
      "line_start": 1578,
      "depth": 2,
      "via_relation": "calls",
      "callee_id": "sym:0430ca2f393f:resolve_and_validate_output_path",
      "callee_symbol": "resolve_and_validate_output_path"
    },
    {
      "id": "sym:0430ca2f393f:McpService.diff_impact",
      "path": "/Users/giapminh79/code/GitHub/sot-graph/src/sot_graph/mcp_service.py",
      "kind": "method",
      "symbol": "McpService.diff_impact",
      "fqn": "sot_graph.mcp_service.McpService.diff_impact",
      "label": "def diff_impact \u2014 src/sot_graph/mcp_service.py:1595",
      "line_start": 1595,
      "depth": 2,
      "via_relation": "calls",
      "callee_id": "sym:0430ca2f393f:McpService._run",
      "callee_symbol": "McpService._run"
    },
    {
      "id": "sym:0430ca2f393f:McpService.diff_impact_receipt",
      "path": "/Users/giapminh79/code/GitHub/sot-graph/src/sot_graph/mcp_service.py",
      "kind": "method",
      "symbol": "McpService.diff_impact_receipt",
      "fqn": "sot_graph.mcp_service.McpService.diff_impact_receipt",
      "label": "def diff_impact_receipt \u2014 src/sot_graph/mcp_service.py:1724",
      "line_start": 1724,
      "depth": 2,
      "via_relation": "calls",
      "callee_id": "sym:0430ca2f393f:McpService._run",
      "callee_symbol": "McpService._run"
    },
    {
      "id": "sym:0430ca2f393f:McpService.git_history",
      "path": "/Users/giapminh79/code/GitHub/sot-graph/src/sot_graph/mcp_service.py",
      "kind": "method",
      "symbol": "McpService.git_history",
      "fqn": "sot_graph.mcp_service.McpService.git_history",
      "label": "def git_history \u2014 src/sot_graph/mcp_service.py:1795",
      "line_start": 1795,
      "depth": 2,
      "via_relation": "calls",
      "callee_id": "sym:0430ca2f393f:McpService._run",
      "callee_symbol": "McpService._run"
    },
    {
      "id": "sym:0430ca2f393f:McpService.asearch",
      "path": "/Users/giapminh79/code/GitHub/sot-graph/src/sot_graph/mcp_service.py",
      "kind": "method",
      "symbol": "McpService.asearch",
      "fqn": "sot_graph.mcp_service.McpService.asearch",
      "label": "async def asearch \u2014 src/sot_graph/mcp_service.py:1868",
      "line_start": 1868,
      "depth": 2,
      "via_relation": "calls",
      "callee_id": "sym:0430ca2f393f:McpService._async",
      "callee_symbol": "McpService._async"
    },
    {
      "id": "sym:0430ca2f393f:McpService.aexplore",
      "path": "/Users/giapminh79/code/GitHub/sot-graph/src/sot_graph/mcp_service.py",
      "kind": "method",
      "symbol": "McpService.aexplore",
      "fqn": "sot_graph.mcp_service.McpService.aexplore",
      "label": "async def aexplore \u2014 src/sot_graph/mcp_service.py:1871",
      "line_start": 1871,
      "depth": 2,
      "via_relation": "calls",
      "callee_id": "sym:0430ca2f393f:McpService._async",
      "callee_symbol": "McpService._async"
    },
    {
      "id": "sym:0430ca2f393f:McpService.ausages",
      "path": "/Users/giapminh79/code/GitHub/sot-graph/src/sot_graph/mcp_service.py",
      "kind": "method",
      "symbol": "McpService.ausages",
      "fqn": "sot_graph.mcp_service.McpService.ausages",
      "label": "async def ausages \u2014 src/sot_graph/mcp_service.py:1874",
      "line_start": 1874,
      "depth": 2,
      "via_relation": "calls",
      "callee_id": "sym:0430ca2f393f:McpService._async",
      "callee_symbol": "McpService._async"
    },
    {
      "id": "sym:0430ca2f393f:McpService.aimplementations",
      "path": "/Users/giapminh79/code/GitHub/sot-graph/src/sot_graph/mcp_service.py",
      "kind": "method",
      "symbol": "McpService.aimplementations",
      "fqn": "sot_graph.mcp_service.McpService.aimplementations",
      "label": "async def aimplementations \u2014 src/sot_graph/mcp_service.py:1877",
      "line_start": 1877,
      "depth": 2,
      "via_relation": "calls",
      "callee_id": "sym:0430ca2f393f:McpService._async",
      "callee_symbol": "McpService._async"
    },
    {
      "id": "sym:0430ca2f393f:McpService.arepo_map",
      "path": "/Users/giapminh79/code/GitHub/sot-graph/src/sot_graph/mcp_service.py",
      "kind": "method",
      "symbol": "McpService.arepo_map",
      "fqn": "sot_graph.mcp_service.McpService.arepo_map",
      "label": "async def arepo_map \u2014 src/sot_graph/mcp_service.py:1880",
      "line_start": 1880,
      "depth": 2,
      "via_relation": "calls",
      "callee_id": "sym:0430ca2f393f:McpService._async",
      "callee_symbol": "McpService._async"
    },
    {
      "id": "sym:0430ca2f393f:McpService.anotes",
      "path": "/Users/giapminh79/code/GitHub/sot-graph/src/sot_graph/mcp_service.py",
      "kind": "method",
      "symbol": "McpService.anotes",
      "fqn": "sot_graph.mcp_service.McpService.anotes",
      "label": "async def anotes \u2014 src/sot_graph/mcp_service.py:1883",
      "line_start": 1883,
      "depth": 2,
      "via_relation": "calls",
      "callee_id": "sym:0430ca2f393f:McpService._async",
      "callee_symbol": "McpService._async"
    },
    {
      "id": "sym:0430ca2f393f:McpService.agraph_generation",
      "path": "/Users/giapminh79/code/GitHub/sot-graph/src/sot_graph/mcp_service.py",
      "kind": "method",
      "symbol": "McpService.agraph_generation",
      "fqn": "sot_graph.mcp_service.McpService.agraph_generation",
      "label": "async def agraph_generation \u2014 src/sot_graph/mcp_service.py:1886",
      "line_start": 1886,
      "depth": 2,
      "via_relation": "calls",
      "callee_id": "sym:0430ca2f393f:McpService._async",
      "callee_symbol": "McpService._async"
    },
    {
      "id": "sym:0430ca2f393f:McpService.averify_drift",
      "path": "/Users/giapminh79/code/GitHub/sot-graph/src/sot_graph/mcp_service.py",
      "kind": "method",
      "symbol": "McpService.averify_drift",
      "fqn": "sot_graph.mcp_service.McpService.averify_drift",
      "label": "async def averify_drift \u2014 src/sot_graph/mcp_service.py:1889",
      "line_start": 1889,
      "depth": 2,
      "via_relation": "calls",
      "callee_id": "sym:0430ca2f393f:McpService._async",
      "callee_symbol": "McpService._async"
    },
    {
      "id": "sym:0430ca2f393f:McpService.anode",
      "path": "/Users/giapminh79/code/GitHub/sot-graph/src/sot_graph/mcp_service.py",
      "kind": "method",
      "symbol": "McpService.anode",
      "fqn": "sot_graph.mcp_service.McpService.anode",
      "label": "async def anode \u2014 src/sot_graph/mcp_service.py:1892",
      "line_start": 1892,
      "depth": 2,
      "via_relation": "calls",
      "callee_id": "sym:0430ca2f393f:McpService._async",
      "callee_symbol": "McpService._async"
    },
    {
      "id": "sym:0430ca2f393f:McpService.astats",
      "path": "/Users/giapminh79/code/GitHub/sot-graph/src/sot_graph/mcp_service.py",
      "kind": "method",
      "symbol": "McpService.astats",
      "fqn": "sot_graph.mcp_service.McpService.astats",
      "label": "async def astats \u2014 src/sot_graph/mcp_service.py:1895",
      "line_start": 1895,
      "depth": 2,
      "via_relation": "calls",
      "callee_id": "sym:0430ca2f393f:McpService._async",
      "callee_symbol": "McpService._async"
    },
    {
      "id": "sym:0430ca2f393f:McpService.aget_architecture_report",
      "path": "/Users/giapminh79/code/GitHub/sot-graph/src/sot_graph/mcp_service.py",
      "kind": "method",
      "symbol": "McpService.aget_architecture_report",
      "fqn": "sot_graph.mcp_service.McpService.aget_architecture_report",
      "label": "async def aget_architecture_report \u2014 src/sot_graph/mcp_service.py:1898",
      "line_start": 1898,
      "depth": 2,
      "via_relation": "calls",
      "callee_id": "sym:0430ca2f393f:McpService._async",
      "callee_symbol": "McpService._async"
    },
    {
      "id": "sym:0430ca2f393f:McpService.apack_context_bundle",
      "path": "/Users/giapminh79/code/GitHub/sot-graph/src/sot_graph/mcp_service.py",
      "kind": "method",
      "symbol": "McpService.apack_context_bundle",
      "fqn": "sot_graph.mcp_service.McpService.apack_context_bundle",
      "label": "async def apack_context_bundle \u2014 src/sot_graph/mcp_service.py:1901",
      "line_start": 1901,
      "depth": 2,
      "via_relation": "calls",
      "callee_id": "sym:0430ca2f393f:McpService._async",
      "callee_symbol": "McpService._async"
    },
    {
      "id": "sym:0430ca2f393f:McpService.aget_communities",
      "path": "/Users/giapminh79/code/GitHub/sot-graph/src/sot_graph/mcp_service.py",
      "kind": "method",
      "symbol": "McpService.aget_communities",
      "fqn": "sot_graph.mcp_service.McpService.aget_communities",
      "label": "async def aget_communities \u2014 src/sot_graph/mcp_service.py:1904",
      "line_start": 1904,
      "depth": 2,
      "via_relation": "calls",
      "callee_id": "sym:0430ca2f393f:McpService._async",
      "callee_symbol": "McpService._async"
    },
    {
      "id": "sym:0430ca2f393f:McpService.aget_architecture_bundle",
      "path": "/Users/giapminh79/code/GitHub/sot-graph/src/sot_graph/mcp_service.py",
      "kind": "method",
      "symbol": "McpService.aget_architecture_bundle",
      "fqn": "sot_graph.mcp_service.McpService.aget_architecture_bundle",
      "label": "async def aget_architecture_bundle \u2014 src/sot_graph/mcp_service.py:1907",
      "line_start": 1907,
      "depth": 2,
      "via_relation": "calls",
      "callee_id": "sym:0430ca2f393f:McpService._async",
      "callee_symbol": "McpService._async"
    },
    {
      "id": "sym:0430ca2f393f:McpService.atrace",
      "path": "/Users/giapminh79/code/GitHub/sot-graph/src/sot_graph/mcp_service.py",
      "kind": "method",
      "symbol": "McpService.atrace",
      "fqn": "sot_graph.mcp_service.McpService.atrace",
      "label": "async def atrace \u2014 src/sot_graph/mcp_service.py:1912",
      "line_start": 1912,
      "depth": 2,
      "via_relation": "calls",
      "callee_id": "sym:0430ca2f393f:McpService._async",
      "callee_symbol": "McpService._async"
    },
    {
      "id": "sym:0430ca2f393f:McpService.aui_tree",
      "path": "/Users/giapminh79/code/GitHub/sot-graph/src/sot_graph/mcp_service.py",
      "kind": "method",
      "symbol": "McpService.aui_tree",
      "fqn": "sot_graph.mcp_service.McpService.aui_tree",
      "label": "async def aui_tree \u2014 src/sot_graph/mcp_service.py:1915",
      "line_start": 1915,
      "depth": 2,
      "via_relation": "calls",
      "callee_id": "sym:0430ca2f393f:McpService._async",
      "callee_symbol": "McpService._async"
    },
    {
      "id": "sym:0430ca2f393f:McpService.abackend_flow",
      "path": "/Users/giapminh79/code/GitHub/sot-graph/src/sot_graph/mcp_service.py",
      "kind": "method",
      "symbol": "McpService.abackend_flow",
      "fqn": "sot_graph.mcp_service.McpService.abackend_flow",
      "label": "async def abackend_flow \u2014 src/sot_graph/mcp_service.py:1918",
      "line_start": 1918,
      "depth": 2,
      "via_relation": "calls",
      "callee_id": "sym:0430ca2f393f:McpService._async",
      "callee_symbol": "McpService._async"
    },
    {
      "id": "sym:0430ca2f393f:McpService.asolution_inventory",
      "path": "/Users/giapminh79/code/GitHub/sot-graph/src/sot_graph/mcp_service.py",
      "kind": "method",
      "symbol": "McpService.asolution_inventory",
      "fqn": "sot_graph.mcp_service.McpService.asolution_inventory",
      "label": "async def asolution_inventory \u2014 src/sot_graph/mcp_service.py:1921",
      "line_start": 1921,
      "depth": 2,
      "via_relation": "calls",
      "callee_id": "sym:0430ca2f393f:McpService._async",
      "callee_symbol": "McpService._async"
    },
    {
      "id": "sym:0430ca2f393f:McpService.asolution_steps",
      "path": "/Users/giapminh79/code/GitHub/sot-graph/src/sot_graph/mcp_service.py",
      "kind": "method",
      "symbol": "McpService.asolution_steps",
      "fqn": "sot_graph.mcp_service.McpService.asolution_steps",
      "label": "async def asolution_steps \u2014 src/sot_graph/mcp_service.py:1924",
      "line_start": 1924,
      "depth": 2,
      "via_relation": "calls",
      "callee_id": "sym:0430ca2f393f:McpService._async",
      "callee_symbol": "McpService._async"
    },
    {
      "id": "sym:0430ca2f393f:McpService.asolution_bundle",
      "path": "/Users/giapminh79/code/GitHub/sot-graph/src/sot_graph/mcp_service.py",
      "kind": "method",
      "symbol": "McpService.asolution_bundle",
      "fqn": "sot_graph.mcp_service.McpService.asolution_bundle",
      "label": "async def asolution_bundle \u2014 src/sot_graph/mcp_service.py:1927",
      "line_start": 1927,
      "depth": 2,
      "via_relation": "calls",
      "callee_id": "sym:0430ca2f393f:McpService._async",
      "callee_symbol": "McpService._async"
    },
    {
      "id": "sym:0430ca2f393f:McpService.adiff_impact",
      "path": "/Users/giapminh79/code/GitHub/sot-graph/src/sot_graph/mcp_service.py",
      "kind": "method",
      "symbol": "McpService.adiff_impact",
      "fqn": "sot_graph.mcp_service.McpService.adiff_impact",
      "label": "async def adiff_impact \u2014 src/sot_graph/mcp_service.py:1929",
      "line_start": 1929,
      "depth": 2,
      "via_relation": "calls",
      "callee_id": "sym:0430ca2f393f:McpService._async",
      "callee_symbol": "McpService._async"
    },
    {
      "id": "sym:0430ca2f393f:McpService.agit_history",
      "path": "/Users/giapminh79/code/GitHub/sot-graph/src/sot_graph/mcp_service.py",
      "kind": "method",
      "symbol": "McpService.agit_history",
      "fqn": "sot_graph.mcp_service.McpService.agit_history",
      "label": "async def agit_history \u2014 src/sot_graph/mcp_service.py:1932",
      "line_start": 1932,
      "depth": 2,
      "via_relation": "calls",
      "callee_id": "sym:0430ca2f393f:McpService._async",
      "callee_symbol": "McpService._async"
    },
    {
      "id": "sym:0430ca2f393f:McpService.ascope_receipt",
      "path": "/Users/giapminh79/code/GitHub/sot-graph/src/sot_graph/mcp_service.py",
      "kind": "method",
      "symbol": "McpService.ascope_receipt",
      "fqn": "sot_graph.mcp_service.McpService.ascope_receipt",
      "label": "async def ascope_receipt \u2014 src/sot_graph/mcp_service.py:1934",
      "line_start": 1934,
      "depth": 2,
      "via_relation": "calls",
      "callee_id": "sym:0430ca2f393f:McpService._async",
      "callee_symbol": "McpService._async"
    },
    {
      "id": "sym:0430ca2f393f:McpService.adiff_impact_receipt",
      "path": "/Users/giapminh79/code/GitHub/sot-graph/src/sot_graph/mcp_service.py",
      "kind": "method",
      "symbol": "McpService.adiff_impact_receipt",
      "fqn": "sot_graph.mcp_service.McpService.adiff_impact_receipt",
      "label": "async def adiff_impact_receipt \u2014 src/sot_graph/mcp_service.py:1937",
      "line_start": 1937,
      "depth": 2,
      "via_relation": "calls",
      "callee_id": "sym:0430ca2f393f:McpService._async",
      "callee_symbol": "McpService._async"
    },
    {
      "id": "sym:0430ca2f393f:McpService.across_check",
      "path": "/Users/giapminh79/code/GitHub/sot-graph/src/sot_graph/mcp_service.py",
      "kind": "method",
      "symbol": "McpService.across_check",
      "fqn": "sot_graph.mcp_service.McpService.across_check",
      "label": "async def across_check \u2014 src/sot_graph/mcp_service.py:1939",
      "line_start": 1939,
      "depth": 2,
      "via_relation": "calls",
      "callee_id": "sym:0430ca2f393f:McpService._async",
      "callee_symbol": "McpService._async"
    },
    {
      "id": "sym:e52b67086684:run_watch",
      "path": "/Users/giapminh79/code/GitHub/sot-graph/src/sot_graph/watcher.py",
      "kind": "function",
      "symbol": "run_watch",
      "fqn": "sot_graph.watcher.run_watch",
      "label": "def run_watch \u2014 src/sot_graph/watcher.py:201",
      "line_start": 201,
      "depth": 2,
      "via_relation": "calls",
      "callee_id": "sym:e52b67086684:_run_polling",
      "callee_symbol": "_run_polling"
    },
    {
      "id": "sym:c0b0e96e962a:TestBuiltinOnlyPolicy.test_builtin_spec_never_spawns_on_either_surface",
      "path": "/Users/giapminh79/code/GitHub/sot-graph/tests/test_cbm_contract_parity.py",
      "kind": "method",
      "symbol": "TestBuiltinOnlyPolicy.test_builtin_spec_never_spawns_on_either_surface",
      "fqn": "tests.test_cbm_contract_parity.TestBuiltinOnlyPolicy.test_builtin_spec_never_spawns_on_either_surface",
      "label": "def test_builtin_spec_never_spawns_on_either_surface \u2014 tests/test_cbm_contract_parity.py:89",
      "line_start": 89,
      "depth": 2,
      "via_relation": "calls",
      "callee_id": "sym:c0b0e96e962a:_mcp",
      "callee_symbol": "_mcp"
    },
    {
      "id": "sym:c0b0e96e962a:TestFailurePolicyParity.test_required_provider_fails_closed_on_both_surfaces",
      "path": "/Users/giapminh79/code/GitHub/sot-graph/tests/test_cbm_contract_parity.py",
      "kind": "method",
      "symbol": "TestFailurePolicyParity.test_required_provider_fails_closed_on_both_surfaces",
      "fqn": "tests.test_cbm_contract_parity.TestFailurePolicyParity.test_required_provider_fails_closed_on_both_surfaces",
      "label": "def test_required_provider_fails_closed_on_both_surfaces \u2014 tests/test_cbm_contract_parity.py:107",
      "line_start": 107,
      "depth": 2,
      "via_relation": "calls",
      "callee_id": "sym:c0b0e96e962a:_mcp",
      "callee_symbol": "_mcp"
    },
    {
      "id": "sym:c0b0e96e962a:TestVersionPolicyParity.test_unknown_version_degrades_explicitly_never_silently",
      "path": "/Users/giapminh79/code/GitHub/sot-graph/tests/test_cbm_contract_parity.py",
      "kind": "method",
      "symbol": "TestVersionPolicyParity.test_unknown_version_degrades_explicitly_never_silently",
      "fqn": "tests.test_cbm_contract_parity.TestVersionPolicyParity.test_unknown_version_degrades_explicitly_never_silently",
      "label": "def test_unknown_version_degrades_explicitly_never_silently \u2014 tests/test_cbm_contract_parity.py:142",
      "line_start": 142,
      "depth": 2,
      "via_relation": "calls",
      "callee_id": "sym:c0b0e96e962a:_mcp",
      "callee_symbol": "_mcp"
    },
    {
      "id": "sym:d310c90c4013:TestDiffImpactGate.test_gate_fails_on_partial_receipt",
      "path": "/Users/giapminh79/code/GitHub/sot-graph/tests/test_diff_impact.py",
      "kind": "method",
      "symbol": "TestDiffImpactGate.test_gate_fails_on_partial_receipt",
      "fqn": "tests.test_diff_impact.TestDiffImpactGate.test_gate_fails_on_partial_receipt",
      "label": "def test_gate_fails_on_partial_receipt \u2014 tests/test_diff_impact.py:1143",
      "line_start": 1143,
      "depth": 2,
      "via_relation": "calls",
      "callee_id": "sym:d310c90c4013:TestDiffImpactGate._run",
      "callee_symbol": "TestDiffImpactGate._run"
    },
    {
      "id": "sym:d310c90c4013:TestDiffImpactGate.test_gate_passes_on_assured_receipt",
      "path": "/Users/giapminh79/code/GitHub/sot-graph/tests/test_diff_impact.py",
      "kind": "method",
      "symbol": "TestDiffImpactGate.test_gate_passes_on_assured_receipt",
      "fqn": "tests.test_diff_impact.TestDiffImpactGate.test_gate_passes_on_assured_receipt",
      "label": "def test_gate_passes_on_assured_receipt \u2014 tests/test_diff_impact.py:1146",
      "line_start": 1146,
      "depth": 2,
      "via_relation": "calls",
      "callee_id": "sym:d310c90c4013:TestDiffImpactGate._run",
      "callee_symbol": "TestDiffImpactGate._run"
    },
    {
      "id": "sym:d310c90c4013:TestDiffImpactGate.test_default_advisory_exits_zero_even_on_partial",
      "path": "/Users/giapminh79/code/GitHub/sot-graph/tests/test_diff_impact.py",
      "kind": "method",
      "symbol": "TestDiffImpactGate.test_default_advisory_exits_zero_even_on_partial",
      "fqn": "tests.test_diff_impact.TestDiffImpactGate.test_default_advisory_exits_zero_even_on_partial",
      "label": "def test_default_advisory_exits_zero_even_on_partial \u2014 tests/test_diff_impact.py:1149",
      "line_start": 1149,
      "depth": 2,
      "via_relation": "calls",
      "callee_id": "sym:d310c90c4013:TestDiffImpactGate._run",
      "callee_symbol": "TestDiffImpactGate._run"
    },
    {
      "id": "sym:41fa6bfbed48:HardeningFixesTests.test_mcp_security_path_confinement",
      "path": "/Users/giapminh79/code/GitHub/sot-graph/tests/test_hardening_fixes.py",
      "kind": "method",
      "symbol": "HardeningFixesTests.test_mcp_security_path_confinement",
      "fqn": "tests.test_hardening_fixes.HardeningFixesTests.test_mcp_security_path_confinement",
      "label": "def test_mcp_security_path_confinement \u2014 tests/test_hardening_fixes.py:132",
      "line_start": 132,
      "depth": 2,
      "via_relation": "calls",
      "callee_id": "sym:0430ca2f393f:resolve_and_validate_output_path",
      "callee_symbol": "resolve_and_validate_output_path"
    },
    {
      "id": "file:9b01b43a2bc1",
      "path": "/Users/giapminh79/code/GitHub/sot-graph/tests/test_holdout_denominators.py",
      "kind": "file",
      "symbol": "test_holdout_denominators.py",
      "fqn": "tests.test_holdout_denominators",
      "label": "File: tests/test_holdout_denominators.py",
      "line_start": 1,
      "depth": 2,
      "via_relation": "imports",
      "callee_id": "file:c3d36d674c17",
      "callee_symbol": "bench_holdout.py"
    },
    {
      "id": "file:0a90ba1ae8d2",
      "path": "/Users/giapminh79/code/GitHub/sot-graph/tests/test_holdout_splits.py",
      "kind": "file",
      "symbol": "test_holdout_splits.py",
      "fqn": "tests.test_holdout_splits",
      "label": "File: tests/test_holdout_splits.py",
      "line_start": 1,
      "depth": 2,
      "via_relation": "imports",
      "callee_id": "file:c3d36d674c17",
      "callee_symbol": "bench_holdout.py"
    },
    {
      "id": "sym:4afdaea1f910:TestSurfaceWiring.test_parity_same_digest_pipeline_mcp_cli",
      "path": "/Users/giapminh79/code/GitHub/sot-graph/tests/test_impact_pipeline.py",
      "kind": "method",
      "symbol": "TestSurfaceWiring.test_parity_same_digest_pipeline_mcp_cli",
      "fqn": "tests.test_impact_pipeline.TestSurfaceWiring.test_parity_same_digest_pipeline_mcp_cli",
      "label": "def test_parity_same_digest_pipeline_mcp_cli \u2014 tests/test_impact_pipeline.py:438",
      "line_start": 438,
      "depth": 2,
      "via_relation": "calls",
      "callee_id": "sym:4afdaea1f910:TestSurfaceWiring._cli_json",
      "callee_symbol": "TestSurfaceWiring._cli_json"
    },
    {
      "id": "sym:4afdaea1f910:TestSurfaceWiring.test_receipt_store_persistence_is_content_addressed",
      "path": "/Users/giapminh79/code/GitHub/sot-graph/tests/test_impact_pipeline.py",
      "kind": "method",
      "symbol": "TestSurfaceWiring.test_receipt_store_persistence_is_content_addressed",
      "fqn": "tests.test_impact_pipeline.TestSurfaceWiring.test_receipt_store_persistence_is_content_addressed",
      "label": "def test_receipt_store_persistence_is_content_addressed \u2014 tests/test_impact_pipeline.py:457",
      "line_start": 457,
      "depth": 2,
      "via_relation": "calls",
      "callee_id": "sym:4afdaea1f910:TestSurfaceWiring._service",
      "callee_symbol": "TestSurfaceWiring._service"
    },
    {
      "id": "sym:4afdaea1f910:TestSurfaceWiring.test_mcp_diff_impact_envelope_projects_receipt",
      "path": "/Users/giapminh79/code/GitHub/sot-graph/tests/test_impact_pipeline.py",
      "kind": "method",
      "symbol": "TestSurfaceWiring.test_mcp_diff_impact_envelope_projects_receipt",
      "fqn": "tests.test_impact_pipeline.TestSurfaceWiring.test_mcp_diff_impact_envelope_projects_receipt",
      "label": "def test_mcp_diff_impact_envelope_projects_receipt \u2014 tests/test_impact_pipeline.py:473",
      "line_start": 473,
      "depth": 2,
      "via_relation": "calls",
      "callee_id": "sym:4afdaea1f910:TestSurfaceWiring._service",
      "callee_symbol": "TestSurfaceWiring._service"
    },
    {
      "id": "sym:4afdaea1f910:TestSurfaceWiring.test_cli_gate_semantics_unchanged",
      "path": "/Users/giapminh79/code/GitHub/sot-graph/tests/test_impact_pipeline.py",
      "kind": "method",
      "symbol": "TestSurfaceWiring.test_cli_gate_semantics_unchanged",
      "fqn": "tests.test_impact_pipeline.TestSurfaceWiring.test_cli_gate_semantics_unchanged",
      "label": "def test_cli_gate_semantics_unchanged \u2014 tests/test_impact_pipeline.py:512",
      "line_start": 512,
      "depth": 2,
      "via_relation": "calls",
      "callee_id": "sym:4afdaea1f910:TestSurfaceWiring._cli_json",
      "callee_symbol": "TestSurfaceWiring._cli_json"
    },
    {
      "id": "sym:4afdaea1f910:TestSurfaceWiring.test_cli_request_block_reflects_auto_reconcile_flag",
      "path": "/Users/giapminh79/code/GitHub/sot-graph/tests/test_impact_pipeline.py",
      "kind": "method",
      "symbol": "TestSurfaceWiring.test_cli_request_block_reflects_auto_reconcile_flag",
      "fqn": "tests.test_impact_pipeline.TestSurfaceWiring.test_cli_request_block_reflects_auto_reconcile_flag",
      "label": "def test_cli_request_block_reflects_auto_reconcile_flag \u2014 tests/test_impact_pipeline.py:523",
      "line_start": 523,
      "depth": 2,
      "via_relation": "calls",
      "callee_id": "sym:4afdaea1f910:TestSurfaceWiring._cli_json",
      "callee_symbol": "TestSurfaceWiring._cli_json"
    },
    {
      "id": "sym:4afdaea1f910:TestParityMatrix.test_digest_parity_executor_mcp_cli",
      "path": "/Users/giapminh79/code/GitHub/sot-graph/tests/test_impact_pipeline.py",
      "kind": "method",
      "symbol": "TestParityMatrix.test_digest_parity_executor_mcp_cli",
      "fqn": "tests.test_impact_pipeline.TestParityMatrix.test_digest_parity_executor_mcp_cli",
      "label": "def test_digest_parity_executor_mcp_cli \u2014 tests/test_impact_pipeline.py:671",
      "line_start": 671,
      "depth": 2,
      "via_relation": "calls",
      "callee_id": "sym:4afdaea1f910:_cli_diff_json",
      "callee_symbol": "_cli_diff_json"
    },
    {
      "id": "sym:4afdaea1f910:TestSurfaceFaultInjection.test_mcp_diff_impact_receipt_degrades_on_collection_fault",
      "path": "/Users/giapminh79/code/GitHub/sot-graph/tests/test_impact_pipeline.py",
      "kind": "method",
      "symbol": "TestSurfaceFaultInjection.test_mcp_diff_impact_receipt_degrades_on_collection_fault",
      "fqn": "tests.test_impact_pipeline.TestSurfaceFaultInjection.test_mcp_diff_impact_receipt_degrades_on_collection_fault",
      "label": "def test_mcp_diff_impact_receipt_degrades_on_collection_fault \u2014 tests/test_impact_pipeline.py:741",
      "line_start": 741,
      "depth": 2,
      "via_relation": "calls",
      "callee_id": "sym:4afdaea1f910:_service_of",
      "callee_symbol": "_service_of"
    },
    {
      "id": "sym:4afdaea1f910:TestSurfaceFaultInjection.test_cli_diff_impact_degrades_on_collection_fault",
      "path": "/Users/giapminh79/code/GitHub/sot-graph/tests/test_impact_pipeline.py",
      "kind": "method",
      "symbol": "TestSurfaceFaultInjection.test_cli_diff_impact_degrades_on_collection_fault",
      "fqn": "tests.test_impact_pipeline.TestSurfaceFaultInjection.test_cli_diff_impact_degrades_on_collection_fault",
      "label": "def test_cli_diff_impact_degrades_on_collection_fault \u2014 tests/test_impact_pipeline.py:782",
      "line_start": 782,
      "depth": 2,
      "via_relation": "calls",
      "callee_id": "sym:4afdaea1f910:_cli_diff_json",
      "callee_symbol": "_cli_diff_json"
    },
    {
      "id": "sym:27d462be5c4b:BareNameMatchesQualifiedSymbol.test_bare_query_reaches_method_via_mcp_search",
      "path": "/Users/giapminh79/code/GitHub/sot-graph/tests/test_search_bare_name_ranking.py",
      "kind": "method",
      "symbol": "BareNameMatchesQualifiedSymbol.test_bare_query_reaches_method_via_mcp_search",
      "fqn": "tests.test_search_bare_name_ranking.BareNameMatchesQualifiedSymbol.test_bare_query_reaches_method_via_mcp_search",
      "label": "def test_bare_query_reaches_method_via_mcp_search \u2014 tests/test_search_bare_name_ranking.py:122",
      "line_start": 122,
      "depth": 2,
      "via_relation": "calls",
      "callee_id": "sym:27d462be5c4b:BareNameRankingTestCase._mcp",
      "callee_symbol": "BareNameRankingTestCase._mcp"
    },
    {
      "id": "sym:27d462be5c4b:AmbiguousBareNameGuard.test_mcp_path_same_guarantee",
      "path": "/Users/giapminh79/code/GitHub/sot-graph/tests/test_search_bare_name_ranking.py",
      "kind": "method",
      "symbol": "AmbiguousBareNameGuard.test_mcp_path_same_guarantee",
      "fqn": "tests.test_search_bare_name_ranking.AmbiguousBareNameGuard.test_mcp_path_same_guarantee",
      "label": "def test_mcp_path_same_guarantee \u2014 tests/test_search_bare_name_ranking.py:173",
      "line_start": 173,
      "depth": 2,
      "via_relation": "calls",
      "callee_id": "sym:27d462be5c4b:BareNameRankingTestCase._mcp",
      "callee_symbol": "BareNameRankingTestCase._mcp"
    },
    {
      "id": "sym:27d462be5c4b:BareFunctionNotInSameNamedClass.test_bare_function_wins_for_bare_query",
      "path": "/Users/giapminh79/code/GitHub/sot-graph/tests/test_search_bare_name_ranking.py",
      "kind": "method",
      "symbol": "BareFunctionNotInSameNamedClass.test_bare_function_wins_for_bare_query",
      "fqn": "tests.test_search_bare_name_ranking.BareFunctionNotInSameNamedClass.test_bare_function_wins_for_bare_query",
      "label": "def test_bare_function_wins_for_bare_query \u2014 tests/test_search_bare_name_ranking.py:224",
      "line_start": 224,
      "depth": 2,
      "via_relation": "calls",
      "callee_id": "sym:27d462be5c4b:BareNameRankingTestCase._mcp",
      "callee_symbol": "BareNameRankingTestCase._mcp"
    },
    {
      "id": "sym:f058a7d050ab:_tight_budget_receipt",
      "path": "/Users/giapminh79/code/GitHub/sot-graph/tests/test_sg107_stress.py",
      "kind": "function",
      "symbol": "_tight_budget_receipt",
      "fqn": "tests.test_sg107_stress._tight_budget_receipt",
      "label": "def _tight_budget_receipt \u2014 tests/test_sg107_stress.py:403",
      "line_start": 403,
      "depth": 2,
      "via_relation": "calls",
      "callee_id": "sym:f058a7d050ab:_service_of",
      "callee_symbol": "_service_of"
    },
    {
      "id": "sym:f058a7d050ab:TestStressMatrix.test_201_changed_files_accounting_and_surface_parity",
      "path": "/Users/giapminh79/code/GitHub/sot-graph/tests/test_sg107_stress.py",
      "kind": "method",
      "symbol": "TestStressMatrix.test_201_changed_files_accounting_and_surface_parity",
      "fqn": "tests.test_sg107_stress.TestStressMatrix.test_201_changed_files_accounting_and_surface_parity",
      "label": "def test_201_changed_files_accounting_and_surface_parity \u2014 tests/test_sg107_stress.py:452",
      "line_start": 452,
      "depth": 2,
      "via_relation": "calls",
      "callee_id": "sym:f058a7d050ab:_cli_diff_json",
      "callee_symbol": "_cli_diff_json"
    },
    {
      "id": "sym:f058a7d050ab:TestNoFalseAssureSweep.test_executor_cli_mcp_never_assure_truncated",
      "path": "/Users/giapminh79/code/GitHub/sot-graph/tests/test_sg107_stress.py",
      "kind": "method",
      "symbol": "TestNoFalseAssureSweep.test_executor_cli_mcp_never_assure_truncated",
      "fqn": "tests.test_sg107_stress.TestNoFalseAssureSweep.test_executor_cli_mcp_never_assure_truncated",
      "label": "def test_executor_cli_mcp_never_assure_truncated \u2014 tests/test_sg107_stress.py:641",
      "line_start": 641,
      "depth": 2,
      "via_relation": "calls",
      "callee_id": "sym:f058a7d050ab:_cli_diff_json",
      "callee_symbol": "_cli_diff_json"
    },
    {
      "id": "sym:f058a7d050ab:TestNoFalseAssureSweep.test_edges_scenario_scope_surfaces_never_assure",
      "path": "/Users/giapminh79/code/GitHub/sot-graph/tests/test_sg107_stress.py",
      "kind": "method",
      "symbol": "TestNoFalseAssureSweep.test_edges_scenario_scope_surfaces_never_assure",
      "fqn": "tests.test_sg107_stress.TestNoFalseAssureSweep.test_edges_scenario_scope_surfaces_never_assure",
      "label": "def test_edges_scenario_scope_surfaces_never_assure \u2014 tests/test_sg107_stress.py:669",
      "line_start": 669,
      "depth": 2,
      "via_relation": "calls",
      "callee_id": "sym:f058a7d050ab:_service_of",
      "callee_symbol": "_service_of"
    },
    {
      "id": "sym:f058a7d050ab:TestCharacterizationResidualRisks.test_nested_list_heavy_receipt_raises_response_too_large",
      "path": "/Users/giapminh79/code/GitHub/sot-graph/tests/test_sg107_stress.py",
      "kind": "method",
      "symbol": "TestCharacterizationResidualRisks.test_nested_list_heavy_receipt_raises_response_too_large",
      "fqn": "tests.test_sg107_stress.TestCharacterizationResidualRisks.test_nested_list_heavy_receipt_raises_response_too_large",
      "label": "def test_nested_list_heavy_receipt_raises_response_too_large \u2014 tests/test_sg107_stress.py:743",
      "line_start": 743,
      "depth": 2,
      "via_relation": "calls",
      "callee_id": "sym:f058a7d050ab:TestCharacterizationResidualRisks._fits",
      "callee_symbol": "TestCharacterizationResidualRisks._fits"
    },
    {
      "id": "sym:f058a7d050ab:TestCharacterizationResidualRisks.test_eviction_bounded_at_three_rounds",
      "path": "/Users/giapminh79/code/GitHub/sot-graph/tests/test_sg107_stress.py",
      "kind": "method",
      "symbol": "TestCharacterizationResidualRisks.test_eviction_bounded_at_three_rounds",
      "fqn": "tests.test_sg107_stress.TestCharacterizationResidualRisks.test_eviction_bounded_at_three_rounds",
      "label": "def test_eviction_bounded_at_three_rounds \u2014 tests/test_sg107_stress.py:780",
      "line_start": 780,
      "depth": 2,
      "via_relation": "calls",
      "callee_id": "sym:f058a7d050ab:TestCharacterizationResidualRisks._fits",
      "callee_symbol": "TestCharacterizationResidualRisks._fits"
    },
    {
      "id": "sym:f058a7d050ab:TestCharacterizationResidualRisks.test_mcp_vs_cli_payload_normalization_field_parity",
      "path": "/Users/giapminh79/code/GitHub/sot-graph/tests/test_sg107_stress.py",
      "kind": "method",
      "symbol": "TestCharacterizationResidualRisks.test_mcp_vs_cli_payload_normalization_field_parity",
      "fqn": "tests.test_sg107_stress.TestCharacterizationResidualRisks.test_mcp_vs_cli_payload_normalization_field_parity",
      "label": "def test_mcp_vs_cli_payload_normalization_field_parity \u2014 tests/test_sg107_stress.py:841",
      "line_start": 841,
      "depth": 2,
      "via_relation": "calls",
      "callee_id": "sym:f058a7d050ab:_cli_diff_json",
      "callee_symbol": "_cli_diff_json"
    },
    {
      "id": "sym:d3c0b58d9f4b:TestCliSearchAxes.test_json_result_carries_axes_and_compat_fields",
      "path": "/Users/giapminh79/code/GitHub/sot-graph/tests/test_trust_axes.py",
      "kind": "method",
      "symbol": "TestCliSearchAxes.test_json_result_carries_axes_and_compat_fields",
      "fqn": "tests.test_trust_axes.TestCliSearchAxes.test_json_result_carries_axes_and_compat_fields",
      "label": "def test_json_result_carries_axes_and_compat_fields \u2014 tests/test_trust_axes.py:413",
      "line_start": 413,
      "depth": 2,
      "via_relation": "calls",
      "callee_id": "sym:d3c0b58d9f4b:_search_cli",
      "callee_symbol": "_search_cli"
    },
    {
      "id": "sym:d3c0b58d9f4b:TestCliSearchAxes.test_unique_named_hit_axes",
      "path": "/Users/giapminh79/code/GitHub/sot-graph/tests/test_trust_axes.py",
      "kind": "method",
      "symbol": "TestCliSearchAxes.test_unique_named_hit_axes",
      "fqn": "tests.test_trust_axes.TestCliSearchAxes.test_unique_named_hit_axes",
      "label": "def test_unique_named_hit_axes \u2014 tests/test_trust_axes.py:428",
      "line_start": 428,
      "depth": 2,
      "via_relation": "calls",
      "callee_id": "sym:d3c0b58d9f4b:_search_cli",
      "callee_symbol": "_search_cli"
    },
    {
      "id": "sym:d3c0b58d9f4b:TestCliSearchAxes.test_ambiguous_identity_on_duplicated_name",
      "path": "/Users/giapminh79/code/GitHub/sot-graph/tests/test_trust_axes.py",
      "kind": "method",
      "symbol": "TestCliSearchAxes.test_ambiguous_identity_on_duplicated_name",
      "fqn": "tests.test_trust_axes.TestCliSearchAxes.test_ambiguous_identity_on_duplicated_name",
      "label": "def test_ambiguous_identity_on_duplicated_name \u2014 tests/test_trust_axes.py:436",
      "line_start": 436,
      "depth": 2,
      "via_relation": "calls",
      "callee_id": "sym:d3c0b58d9f4b:_search_cli",
      "callee_symbol": "_search_cli"
    },
    {
      "id": "sym:d3c0b58d9f4b:TestCliSearchAxes.test_unnamed_token_hit_is_semantic",
      "path": "/Users/giapminh79/code/GitHub/sot-graph/tests/test_trust_axes.py",
      "kind": "method",
      "symbol": "TestCliSearchAxes.test_unnamed_token_hit_is_semantic",
      "fqn": "tests.test_trust_axes.TestCliSearchAxes.test_unnamed_token_hit_is_semantic",
      "label": "def test_unnamed_token_hit_is_semantic \u2014 tests/test_trust_axes.py:441",
      "line_start": 441,
      "depth": 2,
      "via_relation": "calls",
      "callee_id": "sym:d3c0b58d9f4b:_search_cli",
      "callee_symbol": "_search_cli"
    },
    {
      "id": "sym:d3c0b58d9f4b:TestCliSearchAxes.test_stopword_only_query_honest_unknown",
      "path": "/Users/giapminh79/code/GitHub/sot-graph/tests/test_trust_axes.py",
      "kind": "method",
      "symbol": "TestCliSearchAxes.test_stopword_only_query_honest_unknown",
      "fqn": "tests.test_trust_axes.TestCliSearchAxes.test_stopword_only_query_honest_unknown",
      "label": "def test_stopword_only_query_honest_unknown \u2014 tests/test_trust_axes.py:446",
      "line_start": 446,
      "depth": 2,
      "via_relation": "calls",
      "callee_id": "sym:d3c0b58d9f4b:_search_cli",
      "callee_symbol": "_search_cli"
    },
    {
      "id": "sym:d3c0b58d9f4b:TestCliSearchAxes.test_stale_anchor_keeps_exact_relevance",
      "path": "/Users/giapminh79/code/GitHub/sot-graph/tests/test_trust_axes.py",
      "kind": "method",
      "symbol": "TestCliSearchAxes.test_stale_anchor_keeps_exact_relevance",
      "fqn": "tests.test_trust_axes.TestCliSearchAxes.test_stale_anchor_keeps_exact_relevance",
      "label": "def test_stale_anchor_keeps_exact_relevance \u2014 tests/test_trust_axes.py:453",
      "line_start": 453,
      "depth": 2,
      "via_relation": "calls",
      "callee_id": "sym:d3c0b58d9f4b:_search_cli",
      "callee_symbol": "_search_cli"
    },
    {
      "id": "sym:d3c0b58d9f4b:TestCliSearchAxes.test_envelope_scope_and_semantics",
      "path": "/Users/giapminh79/code/GitHub/sot-graph/tests/test_trust_axes.py",
      "kind": "method",
      "symbol": "TestCliSearchAxes.test_envelope_scope_and_semantics",
      "fqn": "tests.test_trust_axes.TestCliSearchAxes.test_envelope_scope_and_semantics",
      "label": "def test_envelope_scope_and_semantics \u2014 tests/test_trust_axes.py:463",
      "line_start": 463,
      "depth": 2,
      "via_relation": "calls",
      "callee_id": "sym:d3c0b58d9f4b:_search_cli",
      "callee_symbol": "_search_cli"
    },
    {
      "id": "sym:d3c0b58d9f4b:TestCliSearchAxes.test_never_claims_exhaustive",
      "path": "/Users/giapminh79/code/GitHub/sot-graph/tests/test_trust_axes.py",
      "kind": "method",
      "symbol": "TestCliSearchAxes.test_never_claims_exhaustive",
      "fqn": "tests.test_trust_axes.TestCliSearchAxes.test_never_claims_exhaustive",
      "label": "def test_never_claims_exhaustive \u2014 tests/test_trust_axes.py:470",
      "line_start": 470,
      "depth": 2,
      "via_relation": "calls",
      "callee_id": "sym:d3c0b58d9f4b:_search_cli",
      "callee_symbol": "_search_cli"
    },
    {
      "id": "sym:d3c0b58d9f4b:TestCliSearchAxes.test_human_output_shows_axes_and_legend",
      "path": "/Users/giapminh79/code/GitHub/sot-graph/tests/test_trust_axes.py",
      "kind": "method",
      "symbol": "TestCliSearchAxes.test_human_output_shows_axes_and_legend",
      "fqn": "tests.test_trust_axes.TestCliSearchAxes.test_human_output_shows_axes_and_legend",
      "label": "def test_human_output_shows_axes_and_legend \u2014 tests/test_trust_axes.py:477",
      "line_start": 477,
      "depth": 2,
      "via_relation": "calls",
      "callee_id": "sym:d3c0b58d9f4b:_search_cli",
      "callee_symbol": "_search_cli"
    },
    {
      "id": "sym:75075ae34864:WatcherTests.test_polling_backend_reconciles_changes.daemon_target",
      "path": "/Users/giapminh79/code/GitHub/sot-graph/tests/test_v2_upgrade.py",
      "kind": "method",
      "symbol": "WatcherTests.test_polling_backend_reconciles_changes.daemon_target",
      "fqn": "tests.test_v2_upgrade.WatcherTests.test_polling_backend_reconciles_changes.daemon_target",
      "label": "def daemon_target \u2014 tests/test_v2_upgrade.py:487",
      "line_start": 487,
      "depth": 2,
      "via_relation": "calls",
      "callee_id": "sym:e52b67086684:_run_polling",
      "callee_symbol": "_run_polling"
    }
  ],
  "test_impacts": [
    {
      "id": "test:tests/test_managed_policy_parity.py",
      "path": "tests/test_managed_policy_parity.py",
      "symbol": "",
      "kind": "file",
      "impact_reason": "direct_test_file",
      "target_symbol": null
    },
    {
      "id": "test:tests/test_managed_read_dispatch.py",
      "path": "tests/test_managed_read_dispatch.py",
      "symbol": "",
      "kind": "file",
      "impact_reason": "direct_test_file",
      "target_symbol": null
    },
    {
      "id": "file:7d61a587199b",
      "path": "/Users/giapminh79/code/GitHub/sot-graph/tests/test_adapters.py",
      "symbol": "test_adapters.py",
      "kind": "file",
      "impact_reason": "calls_modified_node",
      "target_symbol": "build_parser"
    },
    {
      "id": "sym:7d61a587199b:TestHarnessAdapters.test_cli_setup_pi_alias",
      "path": "/Users/giapminh79/code/GitHub/sot-graph/tests/test_adapters.py",
      "symbol": "TestHarnessAdapters.test_cli_setup_pi_alias",
      "kind": "method",
      "impact_reason": "calls_modified_node",
      "target_symbol": "build_parser"
    },
    {
      "id": "sym:7d61a587199b:TestHarnessAdapters.test_cli_setup_command",
      "path": "/Users/giapminh79/code/GitHub/sot-graph/tests/test_adapters.py",
      "symbol": "TestHarnessAdapters.test_cli_setup_command",
      "kind": "method",
      "impact_reason": "calls_modified_node",
      "target_symbol": "build_parser"
    },
    {
      "id": "file:98baf308e487",
      "path": "/Users/giapminh79/code/GitHub/sot-graph/tests/test_analytics.py",
      "symbol": "test_analytics.py",
      "kind": "file",
      "impact_reason": "calls_modified_node",
      "target_symbol": "build_parser"
    },
    {
      "id": "sym:98baf308e487:AnalyticsTests.test_cli_report_and_cluster_commands",
      "path": "/Users/giapminh79/code/GitHub/sot-graph/tests/test_analytics.py",
      "symbol": "AnalyticsTests.test_cli_report_and_cluster_commands",
      "kind": "method",
      "impact_reason": "calls_modified_node",
      "target_symbol": "build_parser"
    },
    {
      "id": "file:d2961abaf2fd",
      "path": "/Users/giapminh79/code/GitHub/sot-graph/tests/test_bundle.py",
      "symbol": "test_bundle.py",
      "kind": "file",
      "impact_reason": "calls_modified_node",
      "target_symbol": "build_parser"
    },
    {
      "id": "sym:d2961abaf2fd:TestArchitectureBundler.test_cli_cmd_bundle",
      "path": "/Users/giapminh79/code/GitHub/sot-graph/tests/test_bundle.py",
      "symbol": "TestArchitectureBundler.test_cli_cmd_bundle",
      "kind": "method",
      "impact_reason": "calls_modified_node",
      "target_symbol": "build_parser"
    },
    {
      "id": "file:c0b0e96e962a",
      "path": "/Users/giapminh79/code/GitHub/sot-graph/tests/test_cbm_contract_parity.py",
      "symbol": "test_cbm_contract_parity.py",
      "kind": "file",
      "impact_reason": "calls_modified_node",
      "target_symbol": "McpServiceError"
    },
    {
      "id": "sym:c0b0e96e962a:_mcp",
      "path": "/Users/giapminh79/code/GitHub/sot-graph/tests/test_cbm_contract_parity.py",
      "symbol": "_mcp",
      "kind": "function",
      "impact_reason": "calls_modified_node",
      "target_symbol": "McpService"
    },
    {
      "id": "file:ed6bde13d2a4",
      "path": "/Users/giapminh79/code/GitHub/sot-graph/tests/test_cbm_verification.py",
      "symbol": "test_cbm_verification.py",
      "kind": "file",
      "impact_reason": "calls_modified_node",
      "target_symbol": "orchestrator.py"
    },
    {
      "id": "file:af09c15f617b",
      "path": "/Users/giapminh79/code/GitHub/sot-graph/tests/test_cli_provider_wiring.py",
      "symbol": "test_cli_provider_wiring.py",
      "kind": "file",
      "impact_reason": "calls_modified_node",
      "target_symbol": "main"
    },
    {
      "id": "sym:af09c15f617b:TestBuiltinDefault.test_default_builtin_never_spawns",
      "path": "/Users/giapminh79/code/GitHub/sot-graph/tests/test_cli_provider_wiring.py",
      "symbol": "TestBuiltinDefault.test_default_builtin_never_spawns",
      "kind": "method",
      "impact_reason": "calls_modified_node",
      "target_symbol": "main"
    },
    {
      "id": "sym:af09c15f617b:TestBuiltinDefault.test_explicit_builtin_flag_identical",
      "path": "/Users/giapminh79/code/GitHub/sot-graph/tests/test_cli_provider_wiring.py",
      "symbol": "TestBuiltinDefault.test_explicit_builtin_flag_identical",
      "kind": "method",
      "impact_reason": "calls_modified_node",
      "target_symbol": "main"
    },
    {
      "id": "sym:af09c15f617b:TestAllowExternalGate.test_blocked_prefer_warns_and_falls_back",
      "path": "/Users/giapminh79/code/GitHub/sot-graph/tests/test_cli_provider_wiring.py",
      "symbol": "TestAllowExternalGate.test_blocked_prefer_warns_and_falls_back",
      "kind": "method",
      "impact_reason": "calls_modified_node",
      "target_symbol": "main"
    },
    {
      "id": "sym:af09c15f617b:TestAllowExternalGate.test_blocked_require_fails_closed",
      "path": "/Users/giapminh79/code/GitHub/sot-graph/tests/test_cli_provider_wiring.py",
      "symbol": "TestAllowExternalGate.test_blocked_require_fails_closed",
      "kind": "method",
      "impact_reason": "calls_modified_node",
      "target_symbol": "main"
    },
    {
      "id": "sym:af09c15f617b:TestAllowExternalGate.test_invalid_spec_rejected",
      "path": "/Users/giapminh79/code/GitHub/sot-graph/tests/test_cli_provider_wiring.py",
      "symbol": "TestAllowExternalGate.test_invalid_spec_rejected",
      "kind": "method",
      "impact_reason": "calls_modified_node",
      "target_symbol": "main"
    },
    {
      "id": "sym:af09c15f617b:TestRequireFailsClosedUnhealthy.test_unhealthy_binary_require_exits_nonzero",
      "path": "/Users/giapminh79/code/GitHub/sot-graph/tests/test_cli_provider_wiring.py",
      "symbol": "TestRequireFailsClosedUnhealthy.test_unhealthy_binary_require_exits_nonzero",
      "kind": "method",
      "impact_reason": "calls_modified_node",
      "target_symbol": "main"
    },
    {
      "id": "sym:af09c15f617b:TestRequireFailsClosedUnhealthy.test_missing_binary_prefer_falls_back",
      "path": "/Users/giapminh79/code/GitHub/sot-graph/tests/test_cli_provider_wiring.py",
      "symbol": "TestRequireFailsClosedUnhealthy.test_missing_binary_prefer_falls_back",
      "kind": "method",
      "impact_reason": "calls_modified_node",
      "target_symbol": "main"
    },
    {
      "id": "sym:af09c15f617b:TestMergeOrderAndVerdict.test_candidates_after_builtin_with_ceiling_and_provider_tag",
      "path": "/Users/giapminh79/code/GitHub/sot-graph/tests/test_cli_provider_wiring.py",
      "symbol": "TestMergeOrderAndVerdict.test_candidates_after_builtin_with_ceiling_and_provider_tag",
      "kind": "method",
      "impact_reason": "calls_modified_node",
      "target_symbol": "main"
    },
    {
      "id": "sym:af09c15f617b:TestMergeOrderAndVerdict.test_target_mismatch_recorded_as_conflict",
      "path": "/Users/giapminh79/code/GitHub/sot-graph/tests/test_cli_provider_wiring.py",
      "symbol": "TestMergeOrderAndVerdict.test_target_mismatch_recorded_as_conflict",
      "kind": "method",
      "impact_reason": "calls_modified_node",
      "target_symbol": "main"
    },
    {
      "id": "sym:af09c15f617b:TestTruncationPropagation.test_has_more_sets_truncated_true",
      "path": "/Users/giapminh79/code/GitHub/sot-graph/tests/test_cli_provider_wiring.py",
      "symbol": "TestTruncationPropagation.test_has_more_sets_truncated_true",
      "kind": "method",
      "impact_reason": "calls_modified_node",
      "target_symbol": "main"
    },
    {
      "id": "sym:af09c15f617b:TestProvidersSync.test_sync_invokes_index_and_emits_receipt",
      "path": "/Users/giapminh79/code/GitHub/sot-graph/tests/test_cli_provider_wiring.py",
      "symbol": "TestProvidersSync.test_sync_invokes_index_and_emits_receipt",
      "kind": "method",
      "impact_reason": "calls_modified_node",
      "target_symbol": "main"
    },
    {
      "id": "sym:af09c15f617b:TestProvidersSync.test_sync_unknown_provider_fails_cleanly",
      "path": "/Users/giapminh79/code/GitHub/sot-graph/tests/test_cli_provider_wiring.py",
      "symbol": "TestProvidersSync.test_sync_unknown_provider_fails_cleanly",
      "kind": "method",
      "impact_reason": "calls_modified_node",
      "target_symbol": "main"
    },
    {
      "id": "file:5dab7ee8ccb5",
      "path": "/Users/giapminh79/code/GitHub/sot-graph/tests/test_collection_accounting.py",
      "symbol": "test_collection_accounting.py",
      "kind": "file",
      "impact_reason": "calls_modified_node",
      "target_symbol": "build_parser"
    },
    {
      "id": "sym:5dab7ee8ccb5:TestReconcileProvenance.test_cli_records_pipeline_provenance",
      "path": "/Users/giapminh79/code/GitHub/sot-graph/tests/test_collection_accounting.py",
      "symbol": "TestReconcileProvenance.test_cli_records_pipeline_provenance",
      "kind": "method",
      "impact_reason": "calls_modified_node",
      "target_symbol": "build_parser"
    },
    {
      "id": "sym:5dab7ee8ccb5:TestReconcileProvenance.test_mcp_auto_reconcile_records_surface_pre",
      "path": "/Users/giapminh79/code/GitHub/sot-graph/tests/test_collection_accounting.py",
      "symbol": "TestReconcileProvenance.test_mcp_auto_reconcile_records_surface_pre",
      "kind": "method",
      "impact_reason": "calls_modified_node",
      "target_symbol": "McpService"
    },
    {
      "id": "sym:5dab7ee8ccb5:TestTransportTrimInterplay.test_collection_truncated_receipt_survives_transport_trim._service",
      "path": "/Users/giapminh79/code/GitHub/sot-graph/tests/test_collection_accounting.py",
      "symbol": "TestTransportTrimInterplay.test_collection_truncated_receipt_survives_transport_trim._service",
      "kind": "method",
      "impact_reason": "calls_modified_node",
      "target_symbol": "McpService"
    },
    {
      "id": "file:d310c90c4013",
      "path": "/Users/giapminh79/code/GitHub/sot-graph/tests/test_diff_impact.py",
      "symbol": "test_diff_impact.py",
      "kind": "file",
      "impact_reason": "calls_modified_node",
      "target_symbol": "build_parser"
    },
    {
      "id": "sym:d310c90c4013:TestDiffImpactGate._run",
      "path": "/Users/giapminh79/code/GitHub/sot-graph/tests/test_diff_impact.py",
      "symbol": "TestDiffImpactGate._run",
      "kind": "method",
      "impact_reason": "calls_modified_node",
      "target_symbol": "build_parser"
    },
    {
      "id": "sym:d310c90c4013:TestDiffImpactGate.test_gate_flag_registered",
      "path": "/Users/giapminh79/code/GitHub/sot-graph/tests/test_diff_impact.py",
      "symbol": "TestDiffImpactGate.test_gate_flag_registered",
      "kind": "method",
      "impact_reason": "calls_modified_node",
      "target_symbol": "build_parser"
    },
    {
      "id": "sym:d310c90c4013:TestMcpServiceDiffImpact.setUp",
      "path": "/Users/giapminh79/code/GitHub/sot-graph/tests/test_diff_impact.py",
      "symbol": "TestMcpServiceDiffImpact.setUp",
      "kind": "method",
      "impact_reason": "calls_modified_node",
      "target_symbol": "McpService"
    },
    {
      "id": "file:4ddc2aaf087d",
      "path": "/Users/giapminh79/code/GitHub/sot-graph/tests/test_diff_impact_github.py",
      "symbol": "test_diff_impact_github.py",
      "kind": "file",
      "impact_reason": "calls_modified_node",
      "target_symbol": "build_parser"
    },
    {
      "id": "sym:4ddc2aaf087d:GithubRendererTests.test_cli_format_flag_choices_and_default_unchanged",
      "path": "/Users/giapminh79/code/GitHub/sot-graph/tests/test_diff_impact_github.py",
      "symbol": "GithubRendererTests.test_cli_format_flag_choices_and_default_unchanged",
      "kind": "method",
      "impact_reason": "calls_modified_node",
      "target_symbol": "build_parser"
    },
    {
      "id": "sym:4ddc2aaf087d:GithubRendererTests.test_cmd_diff_impact_github_end_to_end",
      "path": "/Users/giapminh79/code/GitHub/sot-graph/tests/test_diff_impact_github.py",
      "symbol": "GithubRendererTests.test_cmd_diff_impact_github_end_to_end",
      "kind": "method",
      "impact_reason": "calls_modified_node",
      "target_symbol": "build_parser"
    },
    {
      "id": "sym:f6d8752e14c6:EdgeLifecycleTests.test_reconcile_idempotent_after_move",
      "path": "/Users/giapminh79/code/GitHub/sot-graph/tests/test_edge_lifecycle.py",
      "symbol": "EdgeLifecycleTests.test_reconcile_idempotent_after_move",
      "kind": "method",
      "impact_reason": "calls_modified_node",
      "target_symbol": "snapshot"
    },
    {
      "id": "file:7c588472908f",
      "path": "/Users/giapminh79/code/GitHub/sot-graph/tests/test_engine_admin.py",
      "symbol": "test_engine_admin.py",
      "kind": "file",
      "impact_reason": "calls_modified_node",
      "target_symbol": "main"
    },
    {
      "id": "sym:7c588472908f:test_install_promote_rollback_and_status",
      "path": "/Users/giapminh79/code/GitHub/sot-graph/tests/test_engine_admin.py",
      "symbol": "test_install_promote_rollback_and_status",
      "kind": "function",
      "impact_reason": "calls_modified_node",
      "target_symbol": "main"
    },
    {
      "id": "sym:7c588472908f:test_wrong_digest_refused_and_unknown_data_preserved",
      "path": "/Users/giapminh79/code/GitHub/sot-graph/tests/test_engine_admin.py",
      "symbol": "test_wrong_digest_refused_and_unknown_data_preserved",
      "kind": "function",
      "impact_reason": "calls_modified_node",
      "target_symbol": "main"
    },
    {
      "id": "sym:7c588472908f:test_operational_exit_and_multi_artifact_registry",
      "path": "/Users/giapminh79/code/GitHub/sot-graph/tests/test_engine_admin.py",
      "symbol": "test_operational_exit_and_multi_artifact_registry",
      "kind": "function",
      "impact_reason": "calls_modified_node",
      "target_symbol": "main"
    },
    {
      "id": "sym:7c588472908f:test_administration_errors_are_bounded",
      "path": "/Users/giapminh79/code/GitHub/sot-graph/tests/test_engine_admin.py",
      "symbol": "test_administration_errors_are_bounded",
      "kind": "function",
      "impact_reason": "calls_modified_node",
      "target_symbol": "main"
    },
    {
      "id": "sym:7c588472908f:test_uninstall_missing_is_read_only",
      "path": "/Users/giapminh79/code/GitHub/sot-graph/tests/test_engine_admin.py",
      "symbol": "test_uninstall_missing_is_read_only",
      "kind": "function",
      "impact_reason": "calls_modified_node",
      "target_symbol": "main"
    },
    {
      "id": "sym:7c588472908f:test_no_raw_execution_surface",
      "path": "/Users/giapminh79/code/GitHub/sot-graph/tests/test_engine_admin.py",
      "symbol": "test_no_raw_execution_surface",
      "kind": "function",
      "impact_reason": "calls_modified_node",
      "target_symbol": "main"
    },
    {
      "id": "file:42626f773bdb",
      "path": "/Users/giapminh79/code/GitHub/sot-graph/tests/test_engine_trusted_config.py",
      "symbol": "test_engine_trusted_config.py",
      "kind": "file",
      "impact_reason": "calls_modified_node",
      "target_symbol": "main"
    },
    {
      "id": "sym:42626f773bdb:test_cli_register_status_disable_persist_without_native",
      "path": "/Users/giapminh79/code/GitHub/sot-graph/tests/test_engine_trusted_config.py",
      "symbol": "test_cli_register_status_disable_persist_without_native",
      "kind": "function",
      "impact_reason": "calls_modified_node",
      "target_symbol": "main"
    },
    {
      "id": "sym:42626f773bdb:test_cli_default_off_does_not_create_config",
      "path": "/Users/giapminh79/code/GitHub/sot-graph/tests/test_engine_trusted_config.py",
      "symbol": "test_cli_default_off_does_not_create_config",
      "kind": "function",
      "impact_reason": "calls_modified_node",
      "target_symbol": "main"
    },
    {
      "id": "sym:42626f773bdb:test_cli_register_rejects_real_protocol_mismatch",
      "path": "/Users/giapminh79/code/GitHub/sot-graph/tests/test_engine_trusted_config.py",
      "symbol": "test_cli_register_rejects_real_protocol_mismatch",
      "kind": "function",
      "impact_reason": "calls_modified_node",
      "target_symbol": "main"
    },
    {
      "id": "sym:42626f773bdb:test_cli_cannot_select_trusted_config_path",
      "path": "/Users/giapminh79/code/GitHub/sot-graph/tests/test_engine_trusted_config.py",
      "symbol": "test_cli_cannot_select_trusted_config_path",
      "kind": "function",
      "impact_reason": "calls_modified_node",
      "target_symbol": "main"
    },
    {
      "id": "file:f1b04f59ef79",
      "path": "/Users/giapminh79/code/GitHub/sot-graph/tests/test_export.py",
      "symbol": "test_export.py",
      "kind": "file",
      "impact_reason": "calls_modified_node",
      "target_symbol": "build_parser"
    },
    {
      "id": "sym:f1b04f59ef79:ExportTests.test_cli_viz_and_export_commands",
      "path": "/Users/giapminh79/code/GitHub/sot-graph/tests/test_export.py",
      "symbol": "ExportTests.test_cli_viz_and_export_commands",
      "kind": "method",
      "impact_reason": "calls_modified_node",
      "target_symbol": "build_parser"
    },
    {
      "id": "file:eb1f53425d6d",
      "path": "/Users/giapminh79/code/GitHub/sot-graph/tests/test_gs_surface_catalog.py",
      "symbol": "test_gs_surface_catalog.py",
      "kind": "file",
      "impact_reason": "calls_modified_node",
      "target_symbol": "main"
    },
    {
      "id": "sym:eb1f53425d6d:test_sur02_catalog_and_native_invocation_refusal",
      "path": "/Users/giapminh79/code/GitHub/sot-graph/tests/test_gs_surface_catalog.py",
      "symbol": "test_sur02_catalog_and_native_invocation_refusal",
      "kind": "function",
      "impact_reason": "calls_modified_node",
      "target_symbol": "McpService"
    },
    {
      "id": "sym:eb1f53425d6d:test_sur03_sur04_entry_points_and_help_are_sot_only",
      "path": "/Users/giapminh79/code/GitHub/sot-graph/tests/test_gs_surface_catalog.py",
      "symbol": "test_sur03_sur04_entry_points_and_help_are_sot_only",
      "kind": "function",
      "impact_reason": "calls_modified_node",
      "target_symbol": "main"
    },
    {
      "id": "sym:eb1f53425d6d:test_sur02_exception_results_are_errors_without_private_diagnostics",
      "path": "/Users/giapminh79/code/GitHub/sot-graph/tests/test_gs_surface_catalog.py",
      "symbol": "test_sur02_exception_results_are_errors_without_private_diagnostics",
      "kind": "function",
      "impact_reason": "calls_modified_node",
      "target_symbol": "McpService"
    },
    {
      "id": "sym:eb1f53425d6d:test_sur02_exception_results_are_errors_without_private_diagnostics.failing",
      "path": "/Users/giapminh79/code/GitHub/sot-graph/tests/test_gs_surface_catalog.py",
      "symbol": "test_sur02_exception_results_are_errors_without_private_diagnostics.failing",
      "kind": "method",
      "impact_reason": "calls_modified_node",
      "target_symbol": "McpServiceError"
    },
    {
      "id": "file:0b899b2ef407",
      "path": "/Users/giapminh79/code/GitHub/sot-graph/tests/test_gs_surface_lifecycle.py",
      "symbol": "test_gs_surface_lifecycle.py",
      "kind": "file",
      "impact_reason": "calls_modified_node",
      "target_symbol": "main"
    },
    {
      "id": "sym:0b899b2ef407:test_sur12_sot_only_upgrade_recovery_and_uninstall.command",
      "path": "/Users/giapminh79/code/GitHub/sot-graph/tests/test_gs_surface_lifecycle.py",
      "symbol": "test_sur12_sot_only_upgrade_recovery_and_uninstall.command",
      "kind": "method",
      "impact_reason": "calls_modified_node",
      "target_symbol": "main"
    },
    {
      "id": "file:41fa6bfbed48",
      "path": "/Users/giapminh79/code/GitHub/sot-graph/tests/test_hardening_fixes.py",
      "symbol": "test_hardening_fixes.py",
      "kind": "file",
      "impact_reason": "calls_modified_node",
      "target_symbol": "main"
    },
    {
      "id": "sym:41fa6bfbed48:HardeningFixesTests.test_cli_handles_lock_busy_and_runtime_error",
      "path": "/Users/giapminh79/code/GitHub/sot-graph/tests/test_hardening_fixes.py",
      "symbol": "HardeningFixesTests.test_cli_handles_lock_busy_and_runtime_error",
      "kind": "method",
      "impact_reason": "calls_modified_node",
      "target_symbol": "main"
    },
    {
      "id": "file:4afdaea1f910",
      "path": "/Users/giapminh79/code/GitHub/sot-graph/tests/test_impact_pipeline.py",
      "symbol": "test_impact_pipeline.py",
      "kind": "file",
      "impact_reason": "calls_modified_node",
      "target_symbol": "build_parser"
    },
    {
      "id": "sym:4afdaea1f910:TestSurfaceWiring._service",
      "path": "/Users/giapminh79/code/GitHub/sot-graph/tests/test_impact_pipeline.py",
      "symbol": "TestSurfaceWiring._service",
      "kind": "method",
      "impact_reason": "calls_modified_node",
      "target_symbol": "McpService"
    },
    {
      "id": "sym:4afdaea1f910:TestSurfaceWiring._cli_json",
      "path": "/Users/giapminh79/code/GitHub/sot-graph/tests/test_impact_pipeline.py",
      "symbol": "TestSurfaceWiring._cli_json",
      "kind": "method",
      "impact_reason": "calls_modified_node",
      "target_symbol": "build_parser"
    },
    {
      "id": "sym:4afdaea1f910:TestSurfaceWiring.test_mcp_diff_impact_trim_degrades_embedded_assurance",
      "path": "/Users/giapminh79/code/GitHub/sot-graph/tests/test_impact_pipeline.py",
      "symbol": "TestSurfaceWiring.test_mcp_diff_impact_trim_degrades_embedded_assurance",
      "kind": "method",
      "impact_reason": "calls_modified_node",
      "target_symbol": "McpService"
    },
    {
      "id": "sym:4afdaea1f910:_service_of",
      "path": "/Users/giapminh79/code/GitHub/sot-graph/tests/test_impact_pipeline.py",
      "symbol": "_service_of",
      "kind": "function",
      "impact_reason": "calls_modified_node",
      "target_symbol": "McpService"
    },
    {
      "id": "sym:4afdaea1f910:_cli_diff_json",
      "path": "/Users/giapminh79/code/GitHub/sot-graph/tests/test_impact_pipeline.py",
      "symbol": "_cli_diff_json",
      "kind": "function",
      "impact_reason": "calls_modified_node",
      "target_symbol": "build_parser"
    },
    {
      "id": "file:8c5b0289bd83",
      "path": "/Users/giapminh79/code/GitHub/sot-graph/tests/test_jit_reconcile.py",
      "symbol": "test_jit_reconcile.py",
      "kind": "file",
      "impact_reason": "calls_modified_node",
      "target_symbol": "cmd_search"
    },
    {
      "id": "sym:8c5b0289bd83:test_cli_cmd_search_jit_reconcile",
      "path": "/Users/giapminh79/code/GitHub/sot-graph/tests/test_jit_reconcile.py",
      "symbol": "test_cli_cmd_search_jit_reconcile",
      "kind": "function",
      "impact_reason": "calls_modified_node",
      "target_symbol": "cmd_search"
    },
    {
      "id": "sym:fcfd6b9d9342:test_path_overlap_refused_before_resolve_without_writes",
      "path": "/Users/giapminh79/code/GitHub/sot-graph/tests/test_managed_installation.py",
      "symbol": "test_path_overlap_refused_before_resolve_without_writes",
      "kind": "function",
      "impact_reason": "calls_modified_node",
      "target_symbol": "snapshot"
    },
    {
      "id": "sym:40d83afb5cc0:test_source_repo_and_notes_untouched",
      "path": "/Users/giapminh79/code/GitHub/sot-graph/tests/test_managed_runtime.py",
      "symbol": "test_source_repo_and_notes_untouched",
      "kind": "function",
      "impact_reason": "calls_modified_node",
      "target_symbol": "snapshot"
    },
    {
      "id": "file:dbd598560bb3",
      "path": "/Users/giapminh79/code/GitHub/sot-graph/tests/test_mcp.py",
      "symbol": "test_mcp.py",
      "kind": "file",
      "impact_reason": "calls_modified_node",
      "target_symbol": "McpServiceError"
    },
    {
      "id": "sym:dbd598560bb3:TestMcpService.setUp",
      "path": "/Users/giapminh79/code/GitHub/sot-graph/tests/test_mcp.py",
      "symbol": "TestMcpService.setUp",
      "kind": "method",
      "impact_reason": "calls_modified_node",
      "target_symbol": "McpService"
    },
    {
      "id": "sym:dbd598560bb3:TestMcpDebtR5.setUp",
      "path": "/Users/giapminh79/code/GitHub/sot-graph/tests/test_mcp.py",
      "symbol": "TestMcpDebtR5.setUp",
      "kind": "method",
      "impact_reason": "calls_modified_node",
      "target_symbol": "McpService"
    },
    {
      "id": "sym:dbd598560bb3:TestMcpDebtR5._legacy_fits",
      "path": "/Users/giapminh79/code/GitHub/sot-graph/tests/test_mcp.py",
      "symbol": "TestMcpDebtR5._legacy_fits",
      "kind": "method",
      "impact_reason": "calls_modified_node",
      "target_symbol": "McpServiceError"
    },
    {
      "id": "sym:dbd598560bb3:TestMcpDebtR5.test_fits_response_matches_legacy_reference_on_shapes",
      "path": "/Users/giapminh79/code/GitHub/sot-graph/tests/test_mcp.py",
      "symbol": "TestMcpDebtR5.test_fits_response_matches_legacy_reference_on_shapes",
      "kind": "method",
      "impact_reason": "calls_modified_node",
      "target_symbol": "McpService"
    },
    {
      "id": "sym:dbd598560bb3:TestMcpDebtR5.test_fits_response_small_payload_untouched",
      "path": "/Users/giapminh79/code/GitHub/sot-graph/tests/test_mcp.py",
      "symbol": "TestMcpDebtR5.test_fits_response_small_payload_untouched",
      "kind": "method",
      "impact_reason": "calls_modified_node",
      "target_symbol": "McpService"
    },
    {
      "id": "file:9a8760b5c178",
      "path": "/Users/giapminh79/code/GitHub/sot-graph/tests/test_mcp_modern.py",
      "symbol": "test_mcp_modern.py",
      "kind": "file",
      "impact_reason": "calls_modified_node",
      "target_symbol": "McpServiceError"
    },
    {
      "id": "sym:9a8760b5c178:McpModernTests.setUp",
      "path": "/Users/giapminh79/code/GitHub/sot-graph/tests/test_mcp_modern.py",
      "symbol": "McpModernTests.setUp",
      "kind": "method",
      "impact_reason": "calls_modified_node",
      "target_symbol": "McpService"
    },
    {
      "id": "file:b8b6031dfc71",
      "path": "/Users/giapminh79/code/GitHub/sot-graph/tests/test_mcp_prompts.py",
      "symbol": "test_mcp_prompts.py",
      "kind": "file",
      "impact_reason": "calls_modified_node",
      "target_symbol": "McpService"
    },
    {
      "id": "sym:b8b6031dfc71:McpPromptTests.setUp",
      "path": "/Users/giapminh79/code/GitHub/sot-graph/tests/test_mcp_prompts.py",
      "symbol": "McpPromptTests.setUp",
      "kind": "method",
      "impact_reason": "calls_modified_node",
      "target_symbol": "McpService"
    },
    {
      "id": "file:41ed8ce188e1",
      "path": "/Users/giapminh79/code/GitHub/sot-graph/tests/test_mcp_receipt_tools.py",
      "symbol": "test_mcp_receipt_tools.py",
      "kind": "file",
      "impact_reason": "calls_modified_node",
      "target_symbol": "McpService"
    },
    {
      "id": "sym:41ed8ce188e1:McpReceiptToolsTests.setUp",
      "path": "/Users/giapminh79/code/GitHub/sot-graph/tests/test_mcp_receipt_tools.py",
      "symbol": "McpReceiptToolsTests.setUp",
      "kind": "method",
      "impact_reason": "calls_modified_node",
      "target_symbol": "McpService"
    },
    {
      "id": "file:872ddc5970de",
      "path": "/Users/giapminh79/code/GitHub/sot-graph/tests/test_navigation.py",
      "symbol": "test_navigation.py",
      "kind": "file",
      "impact_reason": "calls_modified_node",
      "target_symbol": "cmd_usages"
    },
    {
      "id": "file:08055a8da3bb",
      "path": "/Users/giapminh79/code/GitHub/sot-graph/tests/test_optimizations.py",
      "symbol": "test_optimizations.py",
      "kind": "file",
      "impact_reason": "calls_modified_node",
      "target_symbol": "build_parser"
    },
    {
      "id": "sym:08055a8da3bb:TestOptimizations.test_batch_reconcile_and_repo_discovery",
      "path": "/Users/giapminh79/code/GitHub/sot-graph/tests/test_optimizations.py",
      "symbol": "TestOptimizations.test_batch_reconcile_and_repo_discovery",
      "kind": "method",
      "impact_reason": "calls_modified_node",
      "target_symbol": "build_parser"
    },
    {
      "id": "file:398155064175",
      "path": "/Users/giapminh79/code/GitHub/sot-graph/tests/test_p2_orchestrator.py",
      "symbol": "test_p2_orchestrator.py",
      "kind": "file",
      "impact_reason": "calls_modified_node",
      "target_symbol": "cli.py"
    },
    {
      "id": "sym:398155064175:TestDeadProviderDegrades.test_require_blocked_by_config_exit_code_is_stable",
      "path": "/Users/giapminh79/code/GitHub/sot-graph/tests/test_p2_orchestrator.py",
      "symbol": "TestDeadProviderDegrades.test_require_blocked_by_config_exit_code_is_stable",
      "kind": "method",
      "impact_reason": "calls_modified_node",
      "target_symbol": "main"
    },
    {
      "id": "file:2e469e212c63",
      "path": "/Users/giapminh79/code/GitHub/sot-graph/tests/test_p3_plugin_contract.py",
      "symbol": "test_p3_plugin_contract.py",
      "kind": "file",
      "impact_reason": "calls_modified_node",
      "target_symbol": "orchestrator.py"
    },
    {
      "id": "file:c9f64b1d74ed",
      "path": "/Users/giapminh79/code/GitHub/sot-graph/tests/test_p5_coverage_verification.py",
      "symbol": "test_p5_coverage_verification.py",
      "kind": "file",
      "impact_reason": "calls_modified_node",
      "target_symbol": "McpService"
    },
    {
      "id": "sym:c9f64b1d74ed:TestZeroResultIsNotNegativeClaim.test_mcp_search_response_has_coverage",
      "path": "/Users/giapminh79/code/GitHub/sot-graph/tests/test_p5_coverage_verification.py",
      "symbol": "TestZeroResultIsNotNegativeClaim.test_mcp_search_response_has_coverage",
      "kind": "method",
      "impact_reason": "calls_modified_node",
      "target_symbol": "McpService"
    },
    {
      "id": "file:081f2612ac35",
      "path": "/Users/giapminh79/code/GitHub/sot-graph/tests/test_p6_ledger.py",
      "symbol": "test_p6_ledger.py",
      "kind": "file",
      "impact_reason": "calls_modified_node",
      "target_symbol": "McpService"
    },
    {
      "id": "sym:081f2612ac35:TestMcpWritePath.test_providers_sync_records_run_and_evidence",
      "path": "/Users/giapminh79/code/GitHub/sot-graph/tests/test_p6_ledger.py",
      "symbol": "TestMcpWritePath.test_providers_sync_records_run_and_evidence",
      "kind": "method",
      "impact_reason": "calls_modified_node",
      "target_symbol": "McpService"
    },
    {
      "id": "sym:081f2612ac35:TestMcpWritePath.test_search_still_read_only",
      "path": "/Users/giapminh79/code/GitHub/sot-graph/tests/test_p6_ledger.py",
      "symbol": "TestMcpWritePath.test_search_still_read_only",
      "kind": "method",
      "impact_reason": "calls_modified_node",
      "target_symbol": "McpService"
    },
    {
      "id": "file:143ab3c80e53",
      "path": "/Users/giapminh79/code/GitHub/sot-graph/tests/test_p8_omp_integration.py",
      "symbol": "test_p8_omp_integration.py",
      "kind": "file",
      "impact_reason": "calls_modified_node",
      "target_symbol": "McpServiceError"
    },
    {
      "id": "sym:143ab3c80e53:TestMcpAssuranceInputs.test_search_policy_and_budget_params",
      "path": "/Users/giapminh79/code/GitHub/sot-graph/tests/test_p8_omp_integration.py",
      "symbol": "TestMcpAssuranceInputs.test_search_policy_and_budget_params",
      "kind": "method",
      "impact_reason": "calls_modified_node",
      "target_symbol": "McpService"
    },
    {
      "id": "sym:143ab3c80e53:TestMcpAssuranceInputs.test_scope_receipt_and_diff_impact_receipt",
      "path": "/Users/giapminh79/code/GitHub/sot-graph/tests/test_p8_omp_integration.py",
      "symbol": "TestMcpAssuranceInputs.test_scope_receipt_and_diff_impact_receipt",
      "kind": "method",
      "impact_reason": "calls_modified_node",
      "target_symbol": "McpService"
    },
    {
      "id": "file:e14d1834ad8c",
      "path": "/Users/giapminh79/code/GitHub/sot-graph/tests/test_phase1_scip_and_schema_v5.py",
      "symbol": "test_phase1_scip_and_schema_v5.py",
      "kind": "file",
      "impact_reason": "calls_modified_node",
      "target_symbol": "cmd_search"
    },
    {
      "id": "sym:e14d1834ad8c:Phase1SchemaV5AndScipTests.test_cli_search_and_explore_json_envelope",
      "path": "/Users/giapminh79/code/GitHub/sot-graph/tests/test_phase1_scip_and_schema_v5.py",
      "symbol": "Phase1SchemaV5AndScipTests.test_cli_search_and_explore_json_envelope",
      "kind": "method",
      "impact_reason": "calls_modified_node",
      "target_symbol": "cmd_search"
    },
    {
      "id": "sym:e14d1834ad8c:Phase1SchemaV5AndScipTests.test_mcp_service_includes_providers_in_responses",
      "path": "/Users/giapminh79/code/GitHub/sot-graph/tests/test_phase1_scip_and_schema_v5.py",
      "symbol": "Phase1SchemaV5AndScipTests.test_mcp_service_includes_providers_in_responses",
      "kind": "method",
      "impact_reason": "calls_modified_node",
      "target_symbol": "McpService"
    },
    {
      "id": "file:7f511fdf0995",
      "path": "/Users/giapminh79/code/GitHub/sot-graph/tests/test_providers_cross_check.py",
      "symbol": "test_providers_cross_check.py",
      "kind": "file",
      "impact_reason": "calls_modified_node",
      "target_symbol": "build_parser"
    },
    {
      "id": "sym:7f511fdf0995:CrossCheckTests.test_cli_subcommand_wiring",
      "path": "/Users/giapminh79/code/GitHub/sot-graph/tests/test_providers_cross_check.py",
      "symbol": "CrossCheckTests.test_cli_subcommand_wiring",
      "kind": "method",
      "impact_reason": "calls_modified_node",
      "target_symbol": "build_parser"
    },
    {
      "id": "sym:7f511fdf0995:CrossCheckReceiptTests.test_cli_receipt_flag_wiring",
      "path": "/Users/giapminh79/code/GitHub/sot-graph/tests/test_providers_cross_check.py",
      "symbol": "CrossCheckReceiptTests.test_cli_receipt_flag_wiring",
      "kind": "method",
      "impact_reason": "calls_modified_node",
      "target_symbol": "build_parser"
    },
    {
      "id": "file:51828cb5b765",
      "path": "/Users/giapminh79/code/GitHub/sot-graph/tests/test_providers_registry.py",
      "symbol": "test_providers_registry.py",
      "kind": "file",
      "impact_reason": "calls_modified_node",
      "target_symbol": "main"
    },
    {
      "id": "sym:51828cb5b765:TestCliProviders.test_detect_json_smoke",
      "path": "/Users/giapminh79/code/GitHub/sot-graph/tests/test_providers_registry.py",
      "symbol": "TestCliProviders.test_detect_json_smoke",
      "kind": "method",
      "impact_reason": "calls_modified_node",
      "target_symbol": "main"
    },
    {
      "id": "sym:51828cb5b765:TestCliProviders.test_doctor_exit_code_zero_when_optional_missing",
      "path": "/Users/giapminh79/code/GitHub/sot-graph/tests/test_providers_registry.py",
      "symbol": "TestCliProviders.test_doctor_exit_code_zero_when_optional_missing",
      "kind": "method",
      "impact_reason": "calls_modified_node",
      "target_symbol": "main"
    },
    {
      "id": "sym:51828cb5b765:TestCliProviders.test_doctor_exit_code_one_when_required_unhealthy",
      "path": "/Users/giapminh79/code/GitHub/sot-graph/tests/test_providers_registry.py",
      "symbol": "TestCliProviders.test_doctor_exit_code_one_when_required_unhealthy",
      "kind": "method",
      "impact_reason": "calls_modified_node",
      "target_symbol": "main"
    },
    {
      "id": "sym:51828cb5b765:TestCliProviders.test_resolve_json_returns_ranked_list",
      "path": "/Users/giapminh79/code/GitHub/sot-graph/tests/test_providers_registry.py",
      "symbol": "TestCliProviders.test_resolve_json_returns_ranked_list",
      "kind": "method",
      "impact_reason": "calls_modified_node",
      "target_symbol": "main"
    },
    {
      "id": "sym:51828cb5b765:TestCliProviders.test_list_json_lists_all_configured",
      "path": "/Users/giapminh79/code/GitHub/sot-graph/tests/test_providers_registry.py",
      "symbol": "TestCliProviders.test_list_json_lists_all_configured",
      "kind": "method",
      "impact_reason": "calls_modified_node",
      "target_symbol": "main"
    },
    {
      "id": "file:1e037f5c17d0",
      "path": "/Users/giapminh79/code/GitHub/sot-graph/tests/test_repo_map.py",
      "symbol": "test_repo_map.py",
      "kind": "file",
      "impact_reason": "calls_modified_node",
      "target_symbol": "McpService"
    },
    {
      "id": "sym:1e037f5c17d0:McpMapAndNotesTests.setUp",
      "path": "/Users/giapminh79/code/GitHub/sot-graph/tests/test_repo_map.py",
      "symbol": "McpMapAndNotesTests.setUp",
      "kind": "method",
      "impact_reason": "calls_modified_node",
      "target_symbol": "McpService"
    },
    {
      "id": "file:a0fd26ba8176",
      "path": "/Users/giapminh79/code/GitHub/sot-graph/tests/test_report_conformance.py",
      "symbol": "test_report_conformance.py",
      "kind": "file",
      "impact_reason": "calls_modified_node",
      "target_symbol": "build_parser"
    },
    {
      "id": "sym:a0fd26ba8176:TestShippedPathIntegration.test_cli_report_receives_real_denominators",
      "path": "/Users/giapminh79/code/GitHub/sot-graph/tests/test_report_conformance.py",
      "symbol": "TestShippedPathIntegration.test_cli_report_receives_real_denominators",
      "kind": "method",
      "impact_reason": "calls_modified_node",
      "target_symbol": "build_parser"
    },
    {
      "id": "sym:a0fd26ba8176:TestShippedPathIntegration.test_mcp_report_receives_real_denominators",
      "path": "/Users/giapminh79/code/GitHub/sot-graph/tests/test_report_conformance.py",
      "symbol": "TestShippedPathIntegration.test_mcp_report_receives_real_denominators",
      "kind": "method",
      "impact_reason": "calls_modified_node",
      "target_symbol": "McpService"
    },
    {
      "id": "file:27d462be5c4b",
      "path": "/Users/giapminh79/code/GitHub/sot-graph/tests/test_search_bare_name_ranking.py",
      "symbol": "test_search_bare_name_ranking.py",
      "kind": "file",
      "impact_reason": "calls_modified_node",
      "target_symbol": "McpService"
    },
    {
      "id": "sym:27d462be5c4b:BareNameRankingTestCase._mcp",
      "path": "/Users/giapminh79/code/GitHub/sot-graph/tests/test_search_bare_name_ranking.py",
      "symbol": "BareNameRankingTestCase._mcp",
      "kind": "method",
      "impact_reason": "calls_modified_node",
      "target_symbol": "McpService"
    },
    {
      "id": "file:f058a7d050ab",
      "path": "/Users/giapminh79/code/GitHub/sot-graph/tests/test_sg107_stress.py",
      "symbol": "test_sg107_stress.py",
      "kind": "file",
      "impact_reason": "calls_modified_node",
      "target_symbol": "build_parser"
    },
    {
      "id": "sym:f058a7d050ab:_service_of",
      "path": "/Users/giapminh79/code/GitHub/sot-graph/tests/test_sg107_stress.py",
      "symbol": "_service_of",
      "kind": "function",
      "impact_reason": "calls_modified_node",
      "target_symbol": "McpService"
    },
    {
      "id": "sym:f058a7d050ab:_cli_diff_json",
      "path": "/Users/giapminh79/code/GitHub/sot-graph/tests/test_sg107_stress.py",
      "symbol": "_cli_diff_json",
      "kind": "function",
      "impact_reason": "calls_modified_node",
      "target_symbol": "build_parser"
    },
    {
      "id": "sym:f058a7d050ab:TestCharacterizationResidualRisks._fits",
      "path": "/Users/giapminh79/code/GitHub/sot-graph/tests/test_sg107_stress.py",
      "symbol": "TestCharacterizationResidualRisks._fits",
      "kind": "method",
      "impact_reason": "calls_modified_node",
      "target_symbol": "McpService"
    },
    {
      "id": "file:b476db0d78ee",
      "path": "/Users/giapminh79/code/GitHub/sot-graph/tests/test_sg201_repo_map_filters.py",
      "symbol": "test_sg201_repo_map_filters.py",
      "kind": "file",
      "impact_reason": "calls_modified_node",
      "target_symbol": "McpServiceError"
    },
    {
      "id": "sym:b476db0d78ee:RepoMapFilterSurfaceTests.test_mcp_repo_map_returns_filters_and_opt_in",
      "path": "/Users/giapminh79/code/GitHub/sot-graph/tests/test_sg201_repo_map_filters.py",
      "symbol": "RepoMapFilterSurfaceTests.test_mcp_repo_map_returns_filters_and_opt_in",
      "kind": "method",
      "impact_reason": "calls_modified_node",
      "target_symbol": "McpService"
    },
    {
      "id": "sym:b476db0d78ee:RepoMapFilterSurfaceTests.test_mcp_repo_map_rejects_unknown_category",
      "path": "/Users/giapminh79/code/GitHub/sot-graph/tests/test_sg201_repo_map_filters.py",
      "symbol": "RepoMapFilterSurfaceTests.test_mcp_repo_map_rejects_unknown_category",
      "kind": "method",
      "impact_reason": "calls_modified_node",
      "target_symbol": "McpService"
    },
    {
      "id": "file:23a7d8cbff5f",
      "path": "/Users/giapminh79/code/GitHub/sot-graph/tests/test_sg202_pack_completeness.py",
      "symbol": "test_sg202_pack_completeness.py",
      "kind": "file",
      "impact_reason": "calls_modified_node",
      "target_symbol": "McpService"
    },
    {
      "id": "sym:23a7d8cbff5f:SG202PackCompletenessTests.test_mcp_surface_reports_honesty_fields",
      "path": "/Users/giapminh79/code/GitHub/sot-graph/tests/test_sg202_pack_completeness.py",
      "symbol": "SG202PackCompletenessTests.test_mcp_surface_reports_honesty_fields",
      "kind": "method",
      "impact_reason": "calls_modified_node",
      "target_symbol": "McpService"
    },
    {
      "id": "file:bafaa559d09b",
      "path": "/Users/giapminh79/code/GitHub/sot-graph/tests/test_solution_trace.py",
      "symbol": "test_solution_trace.py",
      "kind": "file",
      "impact_reason": "calls_modified_node",
      "target_symbol": "McpService"
    },
    {
      "id": "sym:bafaa559d09b:TestSolutionAndTraceEngine.test_mcp_service_async_primitives",
      "path": "/Users/giapminh79/code/GitHub/sot-graph/tests/test_solution_trace.py",
      "symbol": "TestSolutionAndTraceEngine.test_mcp_service_async_primitives",
      "kind": "method",
      "impact_reason": "calls_modified_node",
      "target_symbol": "McpService"
    },
    {
      "id": "file:8d8facd09c31",
      "path": "/Users/giapminh79/code/GitHub/sot-graph/tests/test_sprint4_compass_and_pack.py",
      "symbol": "test_sprint4_compass_and_pack.py",
      "kind": "file",
      "impact_reason": "calls_modified_node",
      "target_symbol": "McpService"
    },
    {
      "id": "sym:8d8facd09c31:Sprint4CompassAndPackTests.test_mcp_explore_structured_hops",
      "path": "/Users/giapminh79/code/GitHub/sot-graph/tests/test_sprint4_compass_and_pack.py",
      "symbol": "Sprint4CompassAndPackTests.test_mcp_explore_structured_hops",
      "kind": "method",
      "impact_reason": "calls_modified_node",
      "target_symbol": "McpService"
    },
    {
      "id": "file:21c603c57c3d",
      "path": "/Users/giapminh79/code/GitHub/sot-graph/tests/test_storage_integrity.py",
      "symbol": "test_storage_integrity.py",
      "kind": "file",
      "impact_reason": "calls_modified_node",
      "target_symbol": "main"
    },
    {
      "id": "sym:21c603c57c3d:test_doctor_cli_text_and_json",
      "path": "/Users/giapminh79/code/GitHub/sot-graph/tests/test_storage_integrity.py",
      "symbol": "test_doctor_cli_text_and_json",
      "kind": "function",
      "impact_reason": "calls_modified_node",
      "target_symbol": "main"
    },
    {
      "id": "file:d3c0b58d9f4b",
      "path": "/Users/giapminh79/code/GitHub/sot-graph/tests/test_trust_axes.py",
      "symbol": "test_trust_axes.py",
      "kind": "file",
      "impact_reason": "calls_modified_node",
      "target_symbol": "cmd_search"
    },
    {
      "id": "sym:d3c0b58d9f4b:_search_cli",
      "path": "/Users/giapminh79/code/GitHub/sot-graph/tests/test_trust_axes.py",
      "symbol": "_search_cli",
      "kind": "function",
      "impact_reason": "calls_modified_node",
      "target_symbol": "cmd_search"
    },
    {
      "id": "sym:d3c0b58d9f4b:TestMcpSearchAxes.test_results_carry_axes_and_contract",
      "path": "/Users/giapminh79/code/GitHub/sot-graph/tests/test_trust_axes.py",
      "symbol": "TestMcpSearchAxes.test_results_carry_axes_and_contract",
      "kind": "method",
      "impact_reason": "calls_modified_node",
      "target_symbol": "McpService"
    },
    {
      "id": "sym:d3c0b58d9f4b:TestMcpSearchAxes.test_ambiguous_identity_on_mcp",
      "path": "/Users/giapminh79/code/GitHub/sot-graph/tests/test_trust_axes.py",
      "symbol": "TestMcpSearchAxes.test_ambiguous_identity_on_mcp",
      "kind": "method",
      "impact_reason": "calls_modified_node",
      "target_symbol": "McpService"
    },
    {
      "id": "sym:d3c0b58d9f4b:TestMcpSearchAxes.test_empty_results_still_expose_contract",
      "path": "/Users/giapminh79/code/GitHub/sot-graph/tests/test_trust_axes.py",
      "symbol": "TestMcpSearchAxes.test_empty_results_still_expose_contract",
      "kind": "method",
      "impact_reason": "calls_modified_node",
      "target_symbol": "McpService"
    },
    {
      "id": "file:90bc0983d900",
      "path": "/Users/giapminh79/code/GitHub/sot-graph/tests/test_trust_chain_hardening.py",
      "symbol": "test_trust_chain_hardening.py",
      "kind": "file",
      "impact_reason": "calls_modified_node",
      "target_symbol": "McpService"
    },
    {
      "id": "sym:90bc0983d900:test_mcp_fits_response_surrogateescape",
      "path": "/Users/giapminh79/code/GitHub/sot-graph/tests/test_trust_chain_hardening.py",
      "symbol": "test_mcp_fits_response_surrogateescape",
      "kind": "function",
      "impact_reason": "calls_modified_node",
      "target_symbol": "McpService"
    },
    {
      "id": "sym:90bc0983d900:test_mcp_diff_impact_receipt_fits_response_truncation",
      "path": "/Users/giapminh79/code/GitHub/sot-graph/tests/test_trust_chain_hardening.py",
      "symbol": "test_mcp_diff_impact_receipt_fits_response_truncation",
      "kind": "function",
      "impact_reason": "calls_modified_node",
      "target_symbol": "McpService"
    },
    {
      "id": "sym:90bc0983d900:test_mcp_transport_truncation_degrades_assurance",
      "path": "/Users/giapminh79/code/GitHub/sot-graph/tests/test_trust_chain_hardening.py",
      "symbol": "test_mcp_transport_truncation_degrades_assurance",
      "kind": "function",
      "impact_reason": "calls_modified_node",
      "target_symbol": "McpService"
    },
    {
      "id": "sym:90bc0983d900:test_mcp_small_receipt_payload_assurance_untouched",
      "path": "/Users/giapminh79/code/GitHub/sot-graph/tests/test_trust_chain_hardening.py",
      "symbol": "test_mcp_small_receipt_payload_assurance_untouched",
      "kind": "function",
      "impact_reason": "calls_modified_node",
      "target_symbol": "McpService"
    },
    {
      "id": "sym:90bc0983d900:test_mcp_diff_impact_default_target_is_head",
      "path": "/Users/giapminh79/code/GitHub/sot-graph/tests/test_trust_chain_hardening.py",
      "symbol": "test_mcp_diff_impact_default_target_is_head",
      "kind": "function",
      "impact_reason": "calls_modified_node",
      "target_symbol": "McpService"
    },
    {
      "id": "sym:90bc0983d900:test_mcp_diff_impact_receipt_default_target_is_head",
      "path": "/Users/giapminh79/code/GitHub/sot-graph/tests/test_trust_chain_hardening.py",
      "symbol": "test_mcp_diff_impact_receipt_default_target_is_head",
      "kind": "function",
      "impact_reason": "calls_modified_node",
      "target_symbol": "McpService"
    },
    {
      "id": "sym:c0b0e96e962a:TestBuiltinOnlyPolicy.test_builtin_spec_never_spawns_on_either_surface",
      "path": "/Users/giapminh79/code/GitHub/sot-graph/tests/test_cbm_contract_parity.py",
      "symbol": "TestBuiltinOnlyPolicy.test_builtin_spec_never_spawns_on_either_surface",
      "kind": "method",
      "impact_reason": "calls_modified_node",
      "target_symbol": "_mcp"
    },
    {
      "id": "sym:c0b0e96e962a:TestFailurePolicyParity.test_required_provider_fails_closed_on_both_surfaces",
      "path": "/Users/giapminh79/code/GitHub/sot-graph/tests/test_cbm_contract_parity.py",
      "symbol": "TestFailurePolicyParity.test_required_provider_fails_closed_on_both_surfaces",
      "kind": "method",
      "impact_reason": "calls_modified_node",
      "target_symbol": "_mcp"
    },
    {
      "id": "sym:c0b0e96e962a:TestVersionPolicyParity.test_unknown_version_degrades_explicitly_never_silently",
      "path": "/Users/giapminh79/code/GitHub/sot-graph/tests/test_cbm_contract_parity.py",
      "symbol": "TestVersionPolicyParity.test_unknown_version_degrades_explicitly_never_silently",
      "kind": "method",
      "impact_reason": "calls_modified_node",
      "target_symbol": "_mcp"
    },
    {
      "id": "sym:d310c90c4013:TestDiffImpactGate.test_gate_fails_on_partial_receipt",
      "path": "/Users/giapminh79/code/GitHub/sot-graph/tests/test_diff_impact.py",
      "symbol": "TestDiffImpactGate.test_gate_fails_on_partial_receipt",
      "kind": "method",
      "impact_reason": "calls_modified_node",
      "target_symbol": "TestDiffImpactGate._run"
    },
    {
      "id": "sym:d310c90c4013:TestDiffImpactGate.test_gate_passes_on_assured_receipt",
      "path": "/Users/giapminh79/code/GitHub/sot-graph/tests/test_diff_impact.py",
      "symbol": "TestDiffImpactGate.test_gate_passes_on_assured_receipt",
      "kind": "method",
      "impact_reason": "calls_modified_node",
      "target_symbol": "TestDiffImpactGate._run"
    },
    {
      "id": "sym:d310c90c4013:TestDiffImpactGate.test_default_advisory_exits_zero_even_on_partial",
      "path": "/Users/giapminh79/code/GitHub/sot-graph/tests/test_diff_impact.py",
      "symbol": "TestDiffImpactGate.test_default_advisory_exits_zero_even_on_partial",
      "kind": "method",
      "impact_reason": "calls_modified_node",
      "target_symbol": "TestDiffImpactGate._run"
    },
    {
      "id": "sym:41fa6bfbed48:HardeningFixesTests.test_mcp_security_path_confinement",
      "path": "/Users/giapminh79/code/GitHub/sot-graph/tests/test_hardening_fixes.py",
      "symbol": "HardeningFixesTests.test_mcp_security_path_confinement",
      "kind": "method",
      "impact_reason": "calls_modified_node",
      "target_symbol": "resolve_and_validate_output_path"
    },
    {
      "id": "file:9b01b43a2bc1",
      "path": "/Users/giapminh79/code/GitHub/sot-graph/tests/test_holdout_denominators.py",
      "symbol": "test_holdout_denominators.py",
      "kind": "file",
      "impact_reason": "calls_modified_node",
      "target_symbol": "bench_holdout.py"
    },
    {
      "id": "file:0a90ba1ae8d2",
      "path": "/Users/giapminh79/code/GitHub/sot-graph/tests/test_holdout_splits.py",
      "symbol": "test_holdout_splits.py",
      "kind": "file",
      "impact_reason": "calls_modified_node",
      "target_symbol": "bench_holdout.py"
    },
    {
      "id": "sym:4afdaea1f910:TestSurfaceWiring.test_parity_same_digest_pipeline_mcp_cli",
      "path": "/Users/giapminh79/code/GitHub/sot-graph/tests/test_impact_pipeline.py",
      "symbol": "TestSurfaceWiring.test_parity_same_digest_pipeline_mcp_cli",
      "kind": "method",
      "impact_reason": "calls_modified_node",
      "target_symbol": "TestSurfaceWiring._cli_json"
    },
    {
      "id": "sym:4afdaea1f910:TestSurfaceWiring.test_receipt_store_persistence_is_content_addressed",
      "path": "/Users/giapminh79/code/GitHub/sot-graph/tests/test_impact_pipeline.py",
      "symbol": "TestSurfaceWiring.test_receipt_store_persistence_is_content_addressed",
      "kind": "method",
      "impact_reason": "calls_modified_node",
      "target_symbol": "TestSurfaceWiring._service"
    },
    {
      "id": "sym:4afdaea1f910:TestSurfaceWiring.test_mcp_diff_impact_envelope_projects_receipt",
      "path": "/Users/giapminh79/code/GitHub/sot-graph/tests/test_impact_pipeline.py",
      "symbol": "TestSurfaceWiring.test_mcp_diff_impact_envelope_projects_receipt",
      "kind": "method",
      "impact_reason": "calls_modified_node",
      "target_symbol": "TestSurfaceWiring._service"
    },
    {
      "id": "sym:4afdaea1f910:TestSurfaceWiring.test_cli_gate_semantics_unchanged",
      "path": "/Users/giapminh79/code/GitHub/sot-graph/tests/test_impact_pipeline.py",
      "symbol": "TestSurfaceWiring.test_cli_gate_semantics_unchanged",
      "kind": "method",
      "impact_reason": "calls_modified_node",
      "target_symbol": "TestSurfaceWiring._cli_json"
    },
    {
      "id": "sym:4afdaea1f910:TestSurfaceWiring.test_cli_request_block_reflects_auto_reconcile_flag",
      "path": "/Users/giapminh79/code/GitHub/sot-graph/tests/test_impact_pipeline.py",
      "symbol": "TestSurfaceWiring.test_cli_request_block_reflects_auto_reconcile_flag",
      "kind": "method",
      "impact_reason": "calls_modified_node",
      "target_symbol": "TestSurfaceWiring._cli_json"
    },
    {
      "id": "sym:4afdaea1f910:TestParityMatrix.test_digest_parity_executor_mcp_cli",
      "path": "/Users/giapminh79/code/GitHub/sot-graph/tests/test_impact_pipeline.py",
      "symbol": "TestParityMatrix.test_digest_parity_executor_mcp_cli",
      "kind": "method",
      "impact_reason": "calls_modified_node",
      "target_symbol": "_cli_diff_json"
    },
    {
      "id": "sym:4afdaea1f910:TestSurfaceFaultInjection.test_mcp_diff_impact_receipt_degrades_on_collection_fault",
      "path": "/Users/giapminh79/code/GitHub/sot-graph/tests/test_impact_pipeline.py",
      "symbol": "TestSurfaceFaultInjection.test_mcp_diff_impact_receipt_degrades_on_collection_fault",
      "kind": "method",
      "impact_reason": "calls_modified_node",
      "target_symbol": "_service_of"
    },
    {
      "id": "sym:4afdaea1f910:TestSurfaceFaultInjection.test_cli_diff_impact_degrades_on_collection_fault",
      "path": "/Users/giapminh79/code/GitHub/sot-graph/tests/test_impact_pipeline.py",
      "symbol": "TestSurfaceFaultInjection.test_cli_diff_impact_degrades_on_collection_fault",
      "kind": "method",
      "impact_reason": "calls_modified_node",
      "target_symbol": "_cli_diff_json"
    },
    {
      "id": "sym:27d462be5c4b:BareNameMatchesQualifiedSymbol.test_bare_query_reaches_method_via_mcp_search",
      "path": "/Users/giapminh79/code/GitHub/sot-graph/tests/test_search_bare_name_ranking.py",
      "symbol": "BareNameMatchesQualifiedSymbol.test_bare_query_reaches_method_via_mcp_search",
      "kind": "method",
      "impact_reason": "calls_modified_node",
      "target_symbol": "BareNameRankingTestCase._mcp"
    },
    {
      "id": "sym:27d462be5c4b:AmbiguousBareNameGuard.test_mcp_path_same_guarantee",
      "path": "/Users/giapminh79/code/GitHub/sot-graph/tests/test_search_bare_name_ranking.py",
      "symbol": "AmbiguousBareNameGuard.test_mcp_path_same_guarantee",
      "kind": "method",
      "impact_reason": "calls_modified_node",
      "target_symbol": "BareNameRankingTestCase._mcp"
    },
    {
      "id": "sym:27d462be5c4b:BareFunctionNotInSameNamedClass.test_bare_function_wins_for_bare_query",
      "path": "/Users/giapminh79/code/GitHub/sot-graph/tests/test_search_bare_name_ranking.py",
      "symbol": "BareFunctionNotInSameNamedClass.test_bare_function_wins_for_bare_query",
      "kind": "method",
      "impact_reason": "calls_modified_node",
      "target_symbol": "BareNameRankingTestCase._mcp"
    },
    {
      "id": "sym:f058a7d050ab:_tight_budget_receipt",
      "path": "/Users/giapminh79/code/GitHub/sot-graph/tests/test_sg107_stress.py",
      "symbol": "_tight_budget_receipt",
      "kind": "function",
      "impact_reason": "calls_modified_node",
      "target_symbol": "_service_of"
    },
    {
      "id": "sym:f058a7d050ab:TestStressMatrix.test_201_changed_files_accounting_and_surface_parity",
      "path": "/Users/giapminh79/code/GitHub/sot-graph/tests/test_sg107_stress.py",
      "symbol": "TestStressMatrix.test_201_changed_files_accounting_and_surface_parity",
      "kind": "method",
      "impact_reason": "calls_modified_node",
      "target_symbol": "_cli_diff_json"
    },
    {
      "id": "sym:f058a7d050ab:TestNoFalseAssureSweep.test_executor_cli_mcp_never_assure_truncated",
      "path": "/Users/giapminh79/code/GitHub/sot-graph/tests/test_sg107_stress.py",
      "symbol": "TestNoFalseAssureSweep.test_executor_cli_mcp_never_assure_truncated",
      "kind": "method",
      "impact_reason": "calls_modified_node",
      "target_symbol": "_cli_diff_json"
    },
    {
      "id": "sym:f058a7d050ab:TestNoFalseAssureSweep.test_edges_scenario_scope_surfaces_never_assure",
      "path": "/Users/giapminh79/code/GitHub/sot-graph/tests/test_sg107_stress.py",
      "symbol": "TestNoFalseAssureSweep.test_edges_scenario_scope_surfaces_never_assure",
      "kind": "method",
      "impact_reason": "calls_modified_node",
      "target_symbol": "_service_of"
    },
    {
      "id": "sym:f058a7d050ab:TestCharacterizationResidualRisks.test_nested_list_heavy_receipt_raises_response_too_large",
      "path": "/Users/giapminh79/code/GitHub/sot-graph/tests/test_sg107_stress.py",
      "symbol": "TestCharacterizationResidualRisks.test_nested_list_heavy_receipt_raises_response_too_large",
      "kind": "method",
      "impact_reason": "calls_modified_node",
      "target_symbol": "TestCharacterizationResidualRisks._fits"
    },
    {
      "id": "sym:f058a7d050ab:TestCharacterizationResidualRisks.test_eviction_bounded_at_three_rounds",
      "path": "/Users/giapminh79/code/GitHub/sot-graph/tests/test_sg107_stress.py",
      "symbol": "TestCharacterizationResidualRisks.test_eviction_bounded_at_three_rounds",
      "kind": "method",
      "impact_reason": "calls_modified_node",
      "target_symbol": "TestCharacterizationResidualRisks._fits"
    },
    {
      "id": "sym:f058a7d050ab:TestCharacterizationResidualRisks.test_mcp_vs_cli_payload_normalization_field_parity",
      "path": "/Users/giapminh79/code/GitHub/sot-graph/tests/test_sg107_stress.py",
      "symbol": "TestCharacterizationResidualRisks.test_mcp_vs_cli_payload_normalization_field_parity",
      "kind": "method",
      "impact_reason": "calls_modified_node",
      "target_symbol": "_cli_diff_json"
    },
    {
      "id": "sym:d3c0b58d9f4b:TestCliSearchAxes.test_json_result_carries_axes_and_compat_fields",
      "path": "/Users/giapminh79/code/GitHub/sot-graph/tests/test_trust_axes.py",
      "symbol": "TestCliSearchAxes.test_json_result_carries_axes_and_compat_fields",
      "kind": "method",
      "impact_reason": "calls_modified_node",
      "target_symbol": "_search_cli"
    },
    {
      "id": "sym:d3c0b58d9f4b:TestCliSearchAxes.test_unique_named_hit_axes",
      "path": "/Users/giapminh79/code/GitHub/sot-graph/tests/test_trust_axes.py",
      "symbol": "TestCliSearchAxes.test_unique_named_hit_axes",
      "kind": "method",
      "impact_reason": "calls_modified_node",
      "target_symbol": "_search_cli"
    },
    {
      "id": "sym:d3c0b58d9f4b:TestCliSearchAxes.test_ambiguous_identity_on_duplicated_name",
      "path": "/Users/giapminh79/code/GitHub/sot-graph/tests/test_trust_axes.py",
      "symbol": "TestCliSearchAxes.test_ambiguous_identity_on_duplicated_name",
      "kind": "method",
      "impact_reason": "calls_modified_node",
      "target_symbol": "_search_cli"
    },
    {
      "id": "sym:d3c0b58d9f4b:TestCliSearchAxes.test_unnamed_token_hit_is_semantic",
      "path": "/Users/giapminh79/code/GitHub/sot-graph/tests/test_trust_axes.py",
      "symbol": "TestCliSearchAxes.test_unnamed_token_hit_is_semantic",
      "kind": "method",
      "impact_reason": "calls_modified_node",
      "target_symbol": "_search_cli"
    },
    {
      "id": "sym:d3c0b58d9f4b:TestCliSearchAxes.test_stopword_only_query_honest_unknown",
      "path": "/Users/giapminh79/code/GitHub/sot-graph/tests/test_trust_axes.py",
      "symbol": "TestCliSearchAxes.test_stopword_only_query_honest_unknown",
      "kind": "method",
      "impact_reason": "calls_modified_node",
      "target_symbol": "_search_cli"
    },
    {
      "id": "sym:d3c0b58d9f4b:TestCliSearchAxes.test_stale_anchor_keeps_exact_relevance",
      "path": "/Users/giapminh79/code/GitHub/sot-graph/tests/test_trust_axes.py",
      "symbol": "TestCliSearchAxes.test_stale_anchor_keeps_exact_relevance",
      "kind": "method",
      "impact_reason": "calls_modified_node",
      "target_symbol": "_search_cli"
    },
    {
      "id": "sym:d3c0b58d9f4b:TestCliSearchAxes.test_envelope_scope_and_semantics",
      "path": "/Users/giapminh79/code/GitHub/sot-graph/tests/test_trust_axes.py",
      "symbol": "TestCliSearchAxes.test_envelope_scope_and_semantics",
      "kind": "method",
      "impact_reason": "calls_modified_node",
      "target_symbol": "_search_cli"
    },
    {
      "id": "sym:d3c0b58d9f4b:TestCliSearchAxes.test_never_claims_exhaustive",
      "path": "/Users/giapminh79/code/GitHub/sot-graph/tests/test_trust_axes.py",
      "symbol": "TestCliSearchAxes.test_never_claims_exhaustive",
      "kind": "method",
      "impact_reason": "calls_modified_node",
      "target_symbol": "_search_cli"
    },
    {
      "id": "sym:d3c0b58d9f4b:TestCliSearchAxes.test_human_output_shows_axes_and_legend",
      "path": "/Users/giapminh79/code/GitHub/sot-graph/tests/test_trust_axes.py",
      "symbol": "TestCliSearchAxes.test_human_output_shows_axes_and_legend",
      "kind": "method",
      "impact_reason": "calls_modified_node",
      "target_symbol": "_search_cli"
    },
    {
      "id": "sym:75075ae34864:WatcherTests.test_polling_backend_reconciles_changes.daemon_target",
      "path": "/Users/giapminh79/code/GitHub/sot-graph/tests/test_v2_upgrade.py",
      "symbol": "WatcherTests.test_polling_backend_reconciles_changes.daemon_target",
      "kind": "method",
      "impact_reason": "calls_modified_node",
      "target_symbol": "_run_polling"
    },
    {
      "id": "file:ed6bde13d2a4",
      "path": "/Users/giapminh79/code/GitHub/sot-graph/tests/test_cbm_verification.py",
      "symbol": "test_cbm_verification.py",
      "kind": "file",
      "impact_reason": "calls_modified_node",
      "target_symbol": "orchestrator.py"
    },
    {
      "id": "file:2e469e212c63",
      "path": "/Users/giapminh79/code/GitHub/sot-graph/tests/test_p3_plugin_contract.py",
      "symbol": "test_p3_plugin_contract.py",
      "kind": "file",
      "impact_reason": "calls_modified_node",
      "target_symbol": "orchestrator.py"
    },
    {
      "id": "sym:b59b1cd8bb8c:dispatch",
      "path": "/Users/giapminh79/code/GitHub/sot-graph/tests/test_managed_read_dispatch.py",
      "symbol": "dispatch",
      "kind": "function",
      "impact_reason": "calls_modified_node",
      "target_symbol": "managed_read_dispatch"
    },
    {
      "id": "sym:b59b1cd8bb8c:test_unsupported_usages_never_loads",
      "path": "/Users/giapminh79/code/GitHub/sot-graph/tests/test_managed_read_dispatch.py",
      "symbol": "test_unsupported_usages_never_loads",
      "kind": "function",
      "impact_reason": "calls_modified_node",
      "target_symbol": "managed_read_dispatch"
    },
    {
      "id": "sym:b59b1cd8bb8c:test_invalid_query_does_not_load_admin",
      "path": "/Users/giapminh79/code/GitHub/sot-graph/tests/test_managed_read_dispatch.py",
      "symbol": "test_invalid_query_does_not_load_admin",
      "kind": "function",
      "impact_reason": "calls_modified_node",
      "target_symbol": "managed_read_dispatch"
    },
    {
      "id": "file:398155064175",
      "path": "/Users/giapminh79/code/GitHub/sot-graph/tests/test_p2_orchestrator.py",
      "symbol": "test_p2_orchestrator.py",
      "kind": "file",
      "impact_reason": "calls_modified_node",
      "target_symbol": "cli.py"
    },
    {
      "id": "sym:1747a3cf05a2:test_external_missing_target_retains_policy_and_managed",
      "path": "/Users/giapminh79/code/GitHub/sot-graph/tests/test_managed_policy_parity.py",
      "symbol": "test_external_missing_target_retains_policy_and_managed",
      "kind": "function",
      "impact_reason": "calls_modified_node",
      "target_symbol": "_managed_policy_metadata"
    },
    {
      "id": "sym:1747a3cf05a2:test_external_error_diagnostics_are_safe_and_metadata_retained",
      "path": "/Users/giapminh79/code/GitHub/sot-graph/tests/test_managed_policy_parity.py",
      "symbol": "test_external_error_diagnostics_are_safe_and_metadata_retained",
      "kind": "function",
      "impact_reason": "calls_modified_node",
      "target_symbol": "_managed_policy_metadata"
    },
    {
      "id": "file:8c5b0289bd83",
      "path": "/Users/giapminh79/code/GitHub/sot-graph/tests/test_jit_reconcile.py",
      "symbol": "test_jit_reconcile.py",
      "kind": "file",
      "impact_reason": "calls_modified_node",
      "target_symbol": "cmd_search"
    },
    {
      "id": "sym:8c5b0289bd83:test_cli_cmd_search_jit_reconcile",
      "path": "/Users/giapminh79/code/GitHub/sot-graph/tests/test_jit_reconcile.py",
      "symbol": "test_cli_cmd_search_jit_reconcile",
      "kind": "function",
      "impact_reason": "calls_modified_node",
      "target_symbol": "cmd_search"
    },
    {
      "id": "file:e14d1834ad8c",
      "path": "/Users/giapminh79/code/GitHub/sot-graph/tests/test_phase1_scip_and_schema_v5.py",
      "symbol": "test_phase1_scip_and_schema_v5.py",
      "kind": "file",
      "impact_reason": "calls_modified_node",
      "target_symbol": "cmd_search"
    },
    {
      "id": "sym:e14d1834ad8c:Phase1SchemaV5AndScipTests.test_cli_search_and_explore_json_envelope",
      "path": "/Users/giapminh79/code/GitHub/sot-graph/tests/test_phase1_scip_and_schema_v5.py",
      "symbol": "Phase1SchemaV5AndScipTests.test_cli_search_and_explore_json_envelope",
      "kind": "method",
      "impact_reason": "calls_modified_node",
      "target_symbol": "cmd_search"
    },
    {
      "id": "file:d3c0b58d9f4b",
      "path": "/Users/giapminh79/code/GitHub/sot-graph/tests/test_trust_axes.py",
      "symbol": "test_trust_axes.py",
      "kind": "file",
      "impact_reason": "calls_modified_node",
      "target_symbol": "cmd_search"
    },
    {
      "id": "sym:d3c0b58d9f4b:_search_cli",
      "path": "/Users/giapminh79/code/GitHub/sot-graph/tests/test_trust_axes.py",
      "symbol": "_search_cli",
      "kind": "function",
      "impact_reason": "calls_modified_node",
      "target_symbol": "cmd_search"
    },
    {
      "id": "file:872ddc5970de",
      "path": "/Users/giapminh79/code/GitHub/sot-graph/tests/test_navigation.py",
      "symbol": "test_navigation.py",
      "kind": "file",
      "impact_reason": "calls_modified_node",
      "target_symbol": "cmd_usages"
    },
    {
      "id": "file:7d61a587199b",
      "path": "/Users/giapminh79/code/GitHub/sot-graph/tests/test_adapters.py",
      "symbol": "test_adapters.py",
      "kind": "file",
      "impact_reason": "calls_modified_node",
      "target_symbol": "build_parser"
    },
    {
      "id": "sym:7d61a587199b:TestHarnessAdapters.test_cli_setup_pi_alias",
      "path": "/Users/giapminh79/code/GitHub/sot-graph/tests/test_adapters.py",
      "symbol": "TestHarnessAdapters.test_cli_setup_pi_alias",
      "kind": "method",
      "impact_reason": "calls_modified_node",
      "target_symbol": "build_parser"
    },
    {
      "id": "sym:7d61a587199b:TestHarnessAdapters.test_cli_setup_command",
      "path": "/Users/giapminh79/code/GitHub/sot-graph/tests/test_adapters.py",
      "symbol": "TestHarnessAdapters.test_cli_setup_command",
      "kind": "method",
      "impact_reason": "calls_modified_node",
      "target_symbol": "build_parser"
    },
    {
      "id": "file:98baf308e487",
      "path": "/Users/giapminh79/code/GitHub/sot-graph/tests/test_analytics.py",
      "symbol": "test_analytics.py",
      "kind": "file",
      "impact_reason": "calls_modified_node",
      "target_symbol": "build_parser"
    },
    {
      "id": "sym:98baf308e487:AnalyticsTests.test_cli_report_and_cluster_commands",
      "path": "/Users/giapminh79/code/GitHub/sot-graph/tests/test_analytics.py",
      "symbol": "AnalyticsTests.test_cli_report_and_cluster_commands",
      "kind": "method",
      "impact_reason": "calls_modified_node",
      "target_symbol": "build_parser"
    },
    {
      "id": "file:d2961abaf2fd",
      "path": "/Users/giapminh79/code/GitHub/sot-graph/tests/test_bundle.py",
      "symbol": "test_bundle.py",
      "kind": "file",
      "impact_reason": "calls_modified_node",
      "target_symbol": "build_parser"
    },
    {
      "id": "sym:d2961abaf2fd:TestArchitectureBundler.test_cli_cmd_bundle",
      "path": "/Users/giapminh79/code/GitHub/sot-graph/tests/test_bundle.py",
      "symbol": "TestArchitectureBundler.test_cli_cmd_bundle",
      "kind": "method",
      "impact_reason": "calls_modified_node",
      "target_symbol": "build_parser"
    },
    {
      "id": "file:08055a8da3bb",
      "path": "/Users/giapminh79/code/GitHub/sot-graph/tests/test_optimizations.py",
      "symbol": "test_optimizations.py",
      "kind": "file",
      "impact_reason": "calls_modified_node",
      "target_symbol": "build_parser"
    },
    {
      "id": "sym:08055a8da3bb:TestOptimizations.test_batch_reconcile_and_repo_discovery",
      "path": "/Users/giapminh79/code/GitHub/sot-graph/tests/test_optimizations.py",
      "symbol": "TestOptimizations.test_batch_reconcile_and_repo_discovery",
      "kind": "method",
      "impact_reason": "calls_modified_node",
      "target_symbol": "build_parser"
    },
    {
      "id": "file:f1b04f59ef79",
      "path": "/Users/giapminh79/code/GitHub/sot-graph/tests/test_export.py",
      "symbol": "test_export.py",
      "kind": "file",
      "impact_reason": "calls_modified_node",
      "target_symbol": "build_parser"
    },
    {
      "id": "sym:f1b04f59ef79:ExportTests.test_cli_viz_and_export_commands",
      "path": "/Users/giapminh79/code/GitHub/sot-graph/tests/test_export.py",
      "symbol": "ExportTests.test_cli_viz_and_export_commands",
      "kind": "method",
      "impact_reason": "calls_modified_node",
      "target_symbol": "build_parser"
    },
    {
      "id": "sym:d310c90c4013:TestDiffImpactGate._run",
      "path": "/Users/giapminh79/code/GitHub/sot-graph/tests/test_diff_impact.py",
      "symbol": "TestDiffImpactGate._run",
      "kind": "method",
      "impact_reason": "calls_modified_node",
      "target_symbol": "build_parser"
    },
    {
      "id": "sym:d310c90c4013:TestDiffImpactGate.test_gate_flag_registered",
      "path": "/Users/giapminh79/code/GitHub/sot-graph/tests/test_diff_impact.py",
      "symbol": "TestDiffImpactGate.test_gate_flag_registered",
      "kind": "method",
      "impact_reason": "calls_modified_node",
      "target_symbol": "build_parser"
    },
    {
      "id": "file:d310c90c4013",
      "path": "/Users/giapminh79/code/GitHub/sot-graph/tests/test_diff_impact.py",
      "symbol": "test_diff_impact.py",
      "kind": "file",
      "impact_reason": "calls_modified_node",
      "target_symbol": "build_parser"
    },
    {
      "id": "sym:4ddc2aaf087d:GithubRendererTests.test_cli_format_flag_choices_and_default_unchanged",
      "path": "/Users/giapminh79/code/GitHub/sot-graph/tests/test_diff_impact_github.py",
      "symbol": "GithubRendererTests.test_cli_format_flag_choices_and_default_unchanged",
      "kind": "method",
      "impact_reason": "calls_modified_node",
      "target_symbol": "build_parser"
    },
    {
      "id": "sym:4ddc2aaf087d:GithubRendererTests.test_cmd_diff_impact_github_end_to_end",
      "path": "/Users/giapminh79/code/GitHub/sot-graph/tests/test_diff_impact_github.py",
      "symbol": "GithubRendererTests.test_cmd_diff_impact_github_end_to_end",
      "kind": "method",
      "impact_reason": "calls_modified_node",
      "target_symbol": "build_parser"
    },
    {
      "id": "file:4ddc2aaf087d",
      "path": "/Users/giapminh79/code/GitHub/sot-graph/tests/test_diff_impact_github.py",
      "symbol": "test_diff_impact_github.py",
      "kind": "file",
      "impact_reason": "calls_modified_node",
      "target_symbol": "build_parser"
    },
    {
      "id": "sym:5dab7ee8ccb5:TestReconcileProvenance.test_cli_records_pipeline_provenance",
      "path": "/Users/giapminh79/code/GitHub/sot-graph/tests/test_collection_accounting.py",
      "symbol": "TestReconcileProvenance.test_cli_records_pipeline_provenance",
      "kind": "method",
      "impact_reason": "calls_modified_node",
      "target_symbol": "build_parser"
    },
    {
      "id": "file:5dab7ee8ccb5",
      "path": "/Users/giapminh79/code/GitHub/sot-graph/tests/test_collection_accounting.py",
      "symbol": "test_collection_accounting.py",
      "kind": "file",
      "impact_reason": "calls_modified_node",
      "target_symbol": "build_parser"
    },
    {
      "id": "sym:4afdaea1f910:TestSurfaceWiring._cli_json",
      "path": "/Users/giapminh79/code/GitHub/sot-graph/tests/test_impact_pipeline.py",
      "symbol": "TestSurfaceWiring._cli_json",
      "kind": "method",
      "impact_reason": "calls_modified_node",
      "target_symbol": "build_parser"
    },
    {
      "id": "sym:4afdaea1f910:_cli_diff_json",
      "path": "/Users/giapminh79/code/GitHub/sot-graph/tests/test_impact_pipeline.py",
      "symbol": "_cli_diff_json",
      "kind": "function",
      "impact_reason": "calls_modified_node",
      "target_symbol": "build_parser"
    },
    {
      "id": "file:4afdaea1f910",
      "path": "/Users/giapminh79/code/GitHub/sot-graph/tests/test_impact_pipeline.py",
      "symbol": "test_impact_pipeline.py",
      "kind": "file",
      "impact_reason": "calls_modified_node",
      "target_symbol": "build_parser"
    },
    {
      "id": "sym:7f511fdf0995:CrossCheckTests.test_cli_subcommand_wiring",
      "path": "/Users/giapminh79/code/GitHub/sot-graph/tests/test_providers_cross_check.py",
      "symbol": "CrossCheckTests.test_cli_subcommand_wiring",
      "kind": "method",
      "impact_reason": "calls_modified_node",
      "target_symbol": "build_parser"
    },
    {
      "id": "sym:7f511fdf0995:CrossCheckReceiptTests.test_cli_receipt_flag_wiring",
      "path": "/Users/giapminh79/code/GitHub/sot-graph/tests/test_providers_cross_check.py",
      "symbol": "CrossCheckReceiptTests.test_cli_receipt_flag_wiring",
      "kind": "method",
      "impact_reason": "calls_modified_node",
      "target_symbol": "build_parser"
    },
    {
      "id": "file:7f511fdf0995",
      "path": "/Users/giapminh79/code/GitHub/sot-graph/tests/test_providers_cross_check.py",
      "symbol": "test_providers_cross_check.py",
      "kind": "file",
      "impact_reason": "calls_modified_node",
      "target_symbol": "build_parser"
    },
    {
      "id": "sym:f058a7d050ab:_cli_diff_json",
      "path": "/Users/giapminh79/code/GitHub/sot-graph/tests/test_sg107_stress.py",
      "symbol": "_cli_diff_json",
      "kind": "function",
      "impact_reason": "calls_modified_node",
      "target_symbol": "build_parser"
    },
    {
      "id": "file:f058a7d050ab",
      "path": "/Users/giapminh79/code/GitHub/sot-graph/tests/test_sg107_stress.py",
      "symbol": "test_sg107_stress.py",
      "kind": "file",
      "impact_reason": "calls_modified_node",
      "target_symbol": "build_parser"
    },
    {
      "id": "file:a0fd26ba8176",
      "path": "/Users/giapminh79/code/GitHub/sot-graph/tests/test_report_conformance.py",
      "symbol": "test_report_conformance.py",
      "kind": "file",
      "impact_reason": "calls_modified_node",
      "target_symbol": "build_parser"
    },
    {
      "id": "sym:a0fd26ba8176:TestShippedPathIntegration.test_cli_report_receives_real_denominators",
      "path": "/Users/giapminh79/code/GitHub/sot-graph/tests/test_report_conformance.py",
      "symbol": "TestShippedPathIntegration.test_cli_report_receives_real_denominators",
      "kind": "method",
      "impact_reason": "calls_modified_node",
      "target_symbol": "build_parser"
    },
    {
      "id": "sym:398155064175:TestDeadProviderDegrades.test_require_blocked_by_config_exit_code_is_stable",
      "path": "/Users/giapminh79/code/GitHub/sot-graph/tests/test_p2_orchestrator.py",
      "symbol": "TestDeadProviderDegrades.test_require_blocked_by_config_exit_code_is_stable",
      "kind": "method",
      "impact_reason": "calls_modified_node",
      "target_symbol": "main"
    },
    {
      "id": "file:51828cb5b765",
      "path": "/Users/giapminh79/code/GitHub/sot-graph/tests/test_providers_registry.py",
      "symbol": "test_providers_registry.py",
      "kind": "file",
      "impact_reason": "calls_modified_node",
      "target_symbol": "main"
    },
    {
      "id": "sym:51828cb5b765:TestCliProviders.test_detect_json_smoke",
      "path": "/Users/giapminh79/code/GitHub/sot-graph/tests/test_providers_registry.py",
      "symbol": "TestCliProviders.test_detect_json_smoke",
      "kind": "method",
      "impact_reason": "calls_modified_node",
      "target_symbol": "main"
    },
    {
      "id": "sym:51828cb5b765:TestCliProviders.test_doctor_exit_code_zero_when_optional_missing",
      "path": "/Users/giapminh79/code/GitHub/sot-graph/tests/test_providers_registry.py",
      "symbol": "TestCliProviders.test_doctor_exit_code_zero_when_optional_missing",
      "kind": "method",
      "impact_reason": "calls_modified_node",
      "target_symbol": "main"
    },
    {
      "id": "sym:51828cb5b765:TestCliProviders.test_doctor_exit_code_one_when_required_unhealthy",
      "path": "/Users/giapminh79/code/GitHub/sot-graph/tests/test_providers_registry.py",
      "symbol": "TestCliProviders.test_doctor_exit_code_one_when_required_unhealthy",
      "kind": "method",
      "impact_reason": "calls_modified_node",
      "target_symbol": "main"
    },
    {
      "id": "sym:51828cb5b765:TestCliProviders.test_resolve_json_returns_ranked_list",
      "path": "/Users/giapminh79/code/GitHub/sot-graph/tests/test_providers_registry.py",
      "symbol": "TestCliProviders.test_resolve_json_returns_ranked_list",
      "kind": "method",
      "impact_reason": "calls_modified_node",
      "target_symbol": "main"
    },
    {
      "id": "sym:51828cb5b765:TestCliProviders.test_list_json_lists_all_configured",
      "path": "/Users/giapminh79/code/GitHub/sot-graph/tests/test_providers_registry.py",
      "symbol": "TestCliProviders.test_list_json_lists_all_configured",
      "kind": "method",
      "impact_reason": "calls_modified_node",
      "target_symbol": "main"
    },
    {
      "id": "file:21c603c57c3d",
      "path": "/Users/giapminh79/code/GitHub/sot-graph/tests/test_storage_integrity.py",
      "symbol": "test_storage_integrity.py",
      "kind": "file",
      "impact_reason": "calls_modified_node",
      "target_symbol": "main"
    },
    {
      "id": "sym:21c603c57c3d:test_doctor_cli_text_and_json",
      "path": "/Users/giapminh79/code/GitHub/sot-graph/tests/test_storage_integrity.py",
      "symbol": "test_doctor_cli_text_and_json",
      "kind": "function",
      "impact_reason": "calls_modified_node",
      "target_symbol": "main"
    },
    {
      "id": "file:af09c15f617b",
      "path": "/Users/giapminh79/code/GitHub/sot-graph/tests/test_cli_provider_wiring.py",
      "symbol": "test_cli_provider_wiring.py",
      "kind": "file",
      "impact_reason": "calls_modified_node",
      "target_symbol": "main"
    },
    {
      "id": "sym:af09c15f617b:TestBuiltinDefault.test_default_builtin_never_spawns",
      "path": "/Users/giapminh79/code/GitHub/sot-graph/tests/test_cli_provider_wiring.py",
      "symbol": "TestBuiltinDefault.test_default_builtin_never_spawns",
      "kind": "method",
      "impact_reason": "calls_modified_node",
      "target_symbol": "main"
    },
    {
      "id": "sym:af09c15f617b:TestBuiltinDefault.test_explicit_builtin_flag_identical",
      "path": "/Users/giapminh79/code/GitHub/sot-graph/tests/test_cli_provider_wiring.py",
      "symbol": "TestBuiltinDefault.test_explicit_builtin_flag_identical",
      "kind": "method",
      "impact_reason": "calls_modified_node",
      "target_symbol": "main"
    },
    {
      "id": "sym:af09c15f617b:TestAllowExternalGate.test_blocked_prefer_warns_and_falls_back",
      "path": "/Users/giapminh79/code/GitHub/sot-graph/tests/test_cli_provider_wiring.py",
      "symbol": "TestAllowExternalGate.test_blocked_prefer_warns_and_falls_back",
      "kind": "method",
      "impact_reason": "calls_modified_node",
      "target_symbol": "main"
    },
    {
      "id": "sym:af09c15f617b:TestAllowExternalGate.test_blocked_require_fails_closed",
      "path": "/Users/giapminh79/code/GitHub/sot-graph/tests/test_cli_provider_wiring.py",
      "symbol": "TestAllowExternalGate.test_blocked_require_fails_closed",
      "kind": "method",
      "impact_reason": "calls_modified_node",
      "target_symbol": "main"
    },
    {
      "id": "sym:af09c15f617b:TestAllowExternalGate.test_invalid_spec_rejected",
      "path": "/Users/giapminh79/code/GitHub/sot-graph/tests/test_cli_provider_wiring.py",
      "symbol": "TestAllowExternalGate.test_invalid_spec_rejected",
      "kind": "method",
      "impact_reason": "calls_modified_node",
      "target_symbol": "main"
    },
    {
      "id": "sym:af09c15f617b:TestRequireFailsClosedUnhealthy.test_unhealthy_binary_require_exits_nonzero",
      "path": "/Users/giapminh79/code/GitHub/sot-graph/tests/test_cli_provider_wiring.py",
      "symbol": "TestRequireFailsClosedUnhealthy.test_unhealthy_binary_require_exits_nonzero",
      "kind": "method",
      "impact_reason": "calls_modified_node",
      "target_symbol": "main"
    },
    {
      "id": "sym:af09c15f617b:TestRequireFailsClosedUnhealthy.test_missing_binary_prefer_falls_back",
      "path": "/Users/giapminh79/code/GitHub/sot-graph/tests/test_cli_provider_wiring.py",
      "symbol": "TestRequireFailsClosedUnhealthy.test_missing_binary_prefer_falls_back",
      "kind": "method",
      "impact_reason": "calls_modified_node",
      "target_symbol": "main"
    },
    {
      "id": "sym:af09c15f617b:TestMergeOrderAndVerdict.test_candidates_after_builtin_with_ceiling_and_provider_tag",
      "path": "/Users/giapminh79/code/GitHub/sot-graph/tests/test_cli_provider_wiring.py",
      "symbol": "TestMergeOrderAndVerdict.test_candidates_after_builtin_with_ceiling_and_provider_tag",
      "kind": "method",
      "impact_reason": "calls_modified_node",
      "target_symbol": "main"
    },
    {
      "id": "sym:af09c15f617b:TestMergeOrderAndVerdict.test_target_mismatch_recorded_as_conflict",
      "path": "/Users/giapminh79/code/GitHub/sot-graph/tests/test_cli_provider_wiring.py",
      "symbol": "TestMergeOrderAndVerdict.test_target_mismatch_recorded_as_conflict",
      "kind": "method",
      "impact_reason": "calls_modified_node",
      "target_symbol": "main"
    },
    {
      "id": "sym:af09c15f617b:TestTruncationPropagation.test_has_more_sets_truncated_true",
      "path": "/Users/giapminh79/code/GitHub/sot-graph/tests/test_cli_provider_wiring.py",
      "symbol": "TestTruncationPropagation.test_has_more_sets_truncated_true",
      "kind": "method",
      "impact_reason": "calls_modified_node",
      "target_symbol": "main"
    },
    {
      "id": "sym:af09c15f617b:TestProvidersSync.test_sync_invokes_index_and_emits_receipt",
      "path": "/Users/giapminh79/code/GitHub/sot-graph/tests/test_cli_provider_wiring.py",
      "symbol": "TestProvidersSync.test_sync_invokes_index_and_emits_receipt",
      "kind": "method",
      "impact_reason": "calls_modified_node",
      "target_symbol": "main"
    },
    {
      "id": "sym:af09c15f617b:TestProvidersSync.test_sync_unknown_provider_fails_cleanly",
      "path": "/Users/giapminh79/code/GitHub/sot-graph/tests/test_cli_provider_wiring.py",
      "symbol": "TestProvidersSync.test_sync_unknown_provider_fails_cleanly",
      "kind": "method",
      "impact_reason": "calls_modified_node",
      "target_symbol": "main"
    },
    {
      "id": "sym:41fa6bfbed48:HardeningFixesTests.test_cli_handles_lock_busy_and_runtime_error",
      "path": "/Users/giapminh79/code/GitHub/sot-graph/tests/test_hardening_fixes.py",
      "symbol": "HardeningFixesTests.test_cli_handles_lock_busy_and_runtime_error",
      "kind": "method",
      "impact_reason": "calls_modified_node",
      "target_symbol": "main"
    },
    {
      "id": "file:41fa6bfbed48",
      "path": "/Users/giapminh79/code/GitHub/sot-graph/tests/test_hardening_fixes.py",
      "symbol": "test_hardening_fixes.py",
      "kind": "file",
      "impact_reason": "calls_modified_node",
      "target_symbol": "main"
    },
    {
      "id": "file:7c588472908f",
      "path": "/Users/giapminh79/code/GitHub/sot-graph/tests/test_engine_admin.py",
      "symbol": "test_engine_admin.py",
      "kind": "file",
      "impact_reason": "calls_modified_node",
      "target_symbol": "main"
    },
    {
      "id": "sym:7c588472908f:test_install_promote_rollback_and_status",
      "path": "/Users/giapminh79/code/GitHub/sot-graph/tests/test_engine_admin.py",
      "symbol": "test_install_promote_rollback_and_status",
      "kind": "function",
      "impact_reason": "calls_modified_node",
      "target_symbol": "main"
    },
    {
      "id": "sym:7c588472908f:test_wrong_digest_refused_and_unknown_data_preserved",
      "path": "/Users/giapminh79/code/GitHub/sot-graph/tests/test_engine_admin.py",
      "symbol": "test_wrong_digest_refused_and_unknown_data_preserved",
      "kind": "function",
      "impact_reason": "calls_modified_node",
      "target_symbol": "main"
    },
    {
      "id": "sym:7c588472908f:test_operational_exit_and_multi_artifact_registry",
      "path": "/Users/giapminh79/code/GitHub/sot-graph/tests/test_engine_admin.py",
      "symbol": "test_operational_exit_and_multi_artifact_registry",
      "kind": "function",
      "impact_reason": "calls_modified_node",
      "target_symbol": "main"
    },
    {
      "id": "sym:7c588472908f:test_administration_errors_are_bounded",
      "path": "/Users/giapminh79/code/GitHub/sot-graph/tests/test_engine_admin.py",
      "symbol": "test_administration_errors_are_bounded",
      "kind": "function",
      "impact_reason": "calls_modified_node",
      "target_symbol": "main"
    },
    {
      "id": "sym:7c588472908f:test_uninstall_missing_is_read_only",
      "path": "/Users/giapminh79/code/GitHub/sot-graph/tests/test_engine_admin.py",
      "symbol": "test_uninstall_missing_is_read_only",
      "kind": "function",
      "impact_reason": "calls_modified_node",
      "target_symbol": "main"
    },
    {
      "id": "sym:7c588472908f:test_no_raw_execution_surface",
      "path": "/Users/giapminh79/code/GitHub/sot-graph/tests/test_engine_admin.py",
      "symbol": "test_no_raw_execution_surface",
      "kind": "function",
      "impact_reason": "calls_modified_node",
      "target_symbol": "main"
    },
    {
      "id": "file:eb1f53425d6d",
      "path": "/Users/giapminh79/code/GitHub/sot-graph/tests/test_gs_surface_catalog.py",
      "symbol": "test_gs_surface_catalog.py",
      "kind": "file",
      "impact_reason": "calls_modified_node",
      "target_symbol": "main"
    },
    {
      "id": "sym:eb1f53425d6d:test_sur03_sur04_entry_points_and_help_are_sot_only",
      "path": "/Users/giapminh79/code/GitHub/sot-graph/tests/test_gs_surface_catalog.py",
      "symbol": "test_sur03_sur04_entry_points_and_help_are_sot_only",
      "kind": "function",
      "impact_reason": "calls_modified_node",
      "target_symbol": "main"
    },
    {
      "id": "file:0b899b2ef407",
      "path": "/Users/giapminh79/code/GitHub/sot-graph/tests/test_gs_surface_lifecycle.py",
      "symbol": "test_gs_surface_lifecycle.py",
      "kind": "file",
      "impact_reason": "calls_modified_node",
      "target_symbol": "main"
    },
    {
      "id": "sym:0b899b2ef407:test_sur12_sot_only_upgrade_recovery_and_uninstall.command",
      "path": "/Users/giapminh79/code/GitHub/sot-graph/tests/test_gs_surface_lifecycle.py",
      "symbol": "test_sur12_sot_only_upgrade_recovery_and_uninstall.command",
      "kind": "method",
      "impact_reason": "calls_modified_node",
      "target_symbol": "main"
    },
    {
      "id": "file:42626f773bdb",
      "path": "/Users/giapminh79/code/GitHub/sot-graph/tests/test_engine_trusted_config.py",
      "symbol": "test_engine_trusted_config.py",
      "kind": "file",
      "impact_reason": "calls_modified_node",
      "target_symbol": "main"
    },
    {
      "id": "sym:42626f773bdb:test_cli_register_status_disable_persist_without_native",
      "path": "/Users/giapminh79/code/GitHub/sot-graph/tests/test_engine_trusted_config.py",
      "symbol": "test_cli_register_status_disable_persist_without_native",
      "kind": "function",
      "impact_reason": "calls_modified_node",
      "target_symbol": "main"
    },
    {
      "id": "sym:42626f773bdb:test_cli_default_off_does_not_create_config",
      "path": "/Users/giapminh79/code/GitHub/sot-graph/tests/test_engine_trusted_config.py",
      "symbol": "test_cli_default_off_does_not_create_config",
      "kind": "function",
      "impact_reason": "calls_modified_node",
      "target_symbol": "main"
    },
    {
      "id": "sym:42626f773bdb:test_cli_register_rejects_real_protocol_mismatch",
      "path": "/Users/giapminh79/code/GitHub/sot-graph/tests/test_engine_trusted_config.py",
      "symbol": "test_cli_register_rejects_real_protocol_mismatch",
      "kind": "function",
      "impact_reason": "calls_modified_node",
      "target_symbol": "main"
    },
    {
      "id": "sym:42626f773bdb:test_cli_cannot_select_trusted_config_path",
      "path": "/Users/giapminh79/code/GitHub/sot-graph/tests/test_engine_trusted_config.py",
      "symbol": "test_cli_cannot_select_trusted_config_path",
      "kind": "function",
      "impact_reason": "calls_modified_node",
      "target_symbol": "main"
    },
    {
      "id": "file:143ab3c80e53",
      "path": "/Users/giapminh79/code/GitHub/sot-graph/tests/test_p8_omp_integration.py",
      "symbol": "test_p8_omp_integration.py",
      "kind": "file",
      "impact_reason": "calls_modified_node",
      "target_symbol": "McpServiceError"
    },
    {
      "id": "file:9a8760b5c178",
      "path": "/Users/giapminh79/code/GitHub/sot-graph/tests/test_mcp_modern.py",
      "symbol": "test_mcp_modern.py",
      "kind": "file",
      "impact_reason": "calls_modified_node",
      "target_symbol": "McpServiceError"
    },
    {
      "id": "file:dbd598560bb3",
      "path": "/Users/giapminh79/code/GitHub/sot-graph/tests/test_mcp.py",
      "symbol": "test_mcp.py",
      "kind": "file",
      "impact_reason": "calls_modified_node",
      "target_symbol": "McpServiceError"
    },
    {
      "id": "sym:dbd598560bb3:TestMcpDebtR5._legacy_fits",
      "path": "/Users/giapminh79/code/GitHub/sot-graph/tests/test_mcp.py",
      "symbol": "TestMcpDebtR5._legacy_fits",
      "kind": "method",
      "impact_reason": "calls_modified_node",
      "target_symbol": "McpServiceError"
    },
    {
      "id": "file:b476db0d78ee",
      "path": "/Users/giapminh79/code/GitHub/sot-graph/tests/test_sg201_repo_map_filters.py",
      "symbol": "test_sg201_repo_map_filters.py",
      "kind": "file",
      "impact_reason": "calls_modified_node",
      "target_symbol": "McpServiceError"
    },
    {
      "id": "file:c0b0e96e962a",
      "path": "/Users/giapminh79/code/GitHub/sot-graph/tests/test_cbm_contract_parity.py",
      "symbol": "test_cbm_contract_parity.py",
      "kind": "file",
      "impact_reason": "calls_modified_node",
      "target_symbol": "McpServiceError"
    },
    {
      "id": "sym:eb1f53425d6d:test_sur02_exception_results_are_errors_without_private_diagnostics.failing",
      "path": "/Users/giapminh79/code/GitHub/sot-graph/tests/test_gs_surface_catalog.py",
      "symbol": "test_sur02_exception_results_are_errors_without_private_diagnostics.failing",
      "kind": "method",
      "impact_reason": "calls_modified_node",
      "target_symbol": "McpServiceError"
    },
    {
      "id": "file:1747a3cf05a2",
      "path": "/Users/giapminh79/code/GitHub/sot-graph/tests/test_managed_policy_parity.py",
      "symbol": "test_managed_policy_parity.py",
      "kind": "file",
      "impact_reason": "calls_modified_node",
      "target_symbol": "McpServiceError"
    },
    {
      "id": "sym:1747a3cf05a2:test_builtin_error_serialization_remains_code_message_only",
      "path": "/Users/giapminh79/code/GitHub/sot-graph/tests/test_managed_policy_parity.py",
      "symbol": "test_builtin_error_serialization_remains_code_message_only",
      "kind": "function",
      "impact_reason": "calls_modified_node",
      "target_symbol": "McpServiceError"
    },
    {
      "id": "sym:143ab3c80e53:TestMcpAssuranceInputs.test_search_policy_and_budget_params",
      "path": "/Users/giapminh79/code/GitHub/sot-graph/tests/test_p8_omp_integration.py",
      "symbol": "TestMcpAssuranceInputs.test_search_policy_and_budget_params",
      "kind": "method",
      "impact_reason": "calls_modified_node",
      "target_symbol": "McpService"
    },
    {
      "id": "sym:143ab3c80e53:TestMcpAssuranceInputs.test_scope_receipt_and_diff_impact_receipt",
      "path": "/Users/giapminh79/code/GitHub/sot-graph/tests/test_p8_omp_integration.py",
      "symbol": "TestMcpAssuranceInputs.test_scope_receipt_and_diff_impact_receipt",
      "kind": "method",
      "impact_reason": "calls_modified_node",
      "target_symbol": "McpService"
    },
    {
      "id": "sym:e14d1834ad8c:Phase1SchemaV5AndScipTests.test_mcp_service_includes_providers_in_responses",
      "path": "/Users/giapminh79/code/GitHub/sot-graph/tests/test_phase1_scip_and_schema_v5.py",
      "symbol": "Phase1SchemaV5AndScipTests.test_mcp_service_includes_providers_in_responses",
      "kind": "method",
      "impact_reason": "calls_modified_node",
      "target_symbol": "McpService"
    },
    {
      "id": "sym:c9f64b1d74ed:TestZeroResultIsNotNegativeClaim.test_mcp_search_response_has_coverage",
      "path": "/Users/giapminh79/code/GitHub/sot-graph/tests/test_p5_coverage_verification.py",
      "symbol": "TestZeroResultIsNotNegativeClaim.test_mcp_search_response_has_coverage",
      "kind": "method",
      "impact_reason": "calls_modified_node",
      "target_symbol": "McpService"
    },
    {
      "id": "file:c9f64b1d74ed",
      "path": "/Users/giapminh79/code/GitHub/sot-graph/tests/test_p5_coverage_verification.py",
      "symbol": "test_p5_coverage_verification.py",
      "kind": "file",
      "impact_reason": "calls_modified_node",
      "target_symbol": "McpService"
    },
    {
      "id": "sym:9a8760b5c178:McpModernTests.setUp",
      "path": "/Users/giapminh79/code/GitHub/sot-graph/tests/test_mcp_modern.py",
      "symbol": "McpModernTests.setUp",
      "kind": "method",
      "impact_reason": "calls_modified_node",
      "target_symbol": "McpService"
    },
    {
      "id": "sym:081f2612ac35:TestMcpWritePath.test_providers_sync_records_run_and_evidence",
      "path": "/Users/giapminh79/code/GitHub/sot-graph/tests/test_p6_ledger.py",
      "symbol": "TestMcpWritePath.test_providers_sync_records_run_and_evidence",
      "kind": "method",
      "impact_reason": "calls_modified_node",
      "target_symbol": "McpService"
    },
    {
      "id": "sym:081f2612ac35:TestMcpWritePath.test_search_still_read_only",
      "path": "/Users/giapminh79/code/GitHub/sot-graph/tests/test_p6_ledger.py",
      "symbol": "TestMcpWritePath.test_search_still_read_only",
      "kind": "method",
      "impact_reason": "calls_modified_node",
      "target_symbol": "McpService"
    },
    {
      "id": "file:081f2612ac35",
      "path": "/Users/giapminh79/code/GitHub/sot-graph/tests/test_p6_ledger.py",
      "symbol": "test_p6_ledger.py",
      "kind": "file",
      "impact_reason": "calls_modified_node",
      "target_symbol": "McpService"
    },
    {
      "id": "file:bafaa559d09b",
      "path": "/Users/giapminh79/code/GitHub/sot-graph/tests/test_solution_trace.py",
      "symbol": "test_solution_trace.py",
      "kind": "file",
      "impact_reason": "calls_modified_node",
      "target_symbol": "McpService"
    },
    {
      "id": "sym:bafaa559d09b:TestSolutionAndTraceEngine.test_mcp_service_async_primitives",
      "path": "/Users/giapminh79/code/GitHub/sot-graph/tests/test_solution_trace.py",
      "symbol": "TestSolutionAndTraceEngine.test_mcp_service_async_primitives",
      "kind": "method",
      "impact_reason": "calls_modified_node",
      "target_symbol": "McpService"
    },
    {
      "id": "sym:b8b6031dfc71:McpPromptTests.setUp",
      "path": "/Users/giapminh79/code/GitHub/sot-graph/tests/test_mcp_prompts.py",
      "symbol": "McpPromptTests.setUp",
      "kind": "method",
      "impact_reason": "calls_modified_node",
      "target_symbol": "McpService"
    },
    {
      "id": "file:b8b6031dfc71",
      "path": "/Users/giapminh79/code/GitHub/sot-graph/tests/test_mcp_prompts.py",
      "symbol": "test_mcp_prompts.py",
      "kind": "file",
      "impact_reason": "calls_modified_node",
      "target_symbol": "McpService"
    },
    {
      "id": "sym:dbd598560bb3:TestMcpService.setUp",
      "path": "/Users/giapminh79/code/GitHub/sot-graph/tests/test_mcp.py",
      "symbol": "TestMcpService.setUp",
      "kind": "method",
      "impact_reason": "calls_modified_node",
      "target_symbol": "McpService"
    },
    {
      "id": "sym:dbd598560bb3:TestMcpDebtR5.setUp",
      "path": "/Users/giapminh79/code/GitHub/sot-graph/tests/test_mcp.py",
      "symbol": "TestMcpDebtR5.setUp",
      "kind": "method",
      "impact_reason": "calls_modified_node",
      "target_symbol": "McpService"
    },
    {
      "id": "sym:dbd598560bb3:TestMcpDebtR5.test_fits_response_matches_legacy_reference_on_shapes",
      "path": "/Users/giapminh79/code/GitHub/sot-graph/tests/test_mcp.py",
      "symbol": "TestMcpDebtR5.test_fits_response_matches_legacy_reference_on_shapes",
      "kind": "method",
      "impact_reason": "calls_modified_node",
      "target_symbol": "McpService"
    },
    {
      "id": "sym:dbd598560bb3:TestMcpDebtR5.test_fits_response_small_payload_untouched",
      "path": "/Users/giapminh79/code/GitHub/sot-graph/tests/test_mcp.py",
      "symbol": "TestMcpDebtR5.test_fits_response_small_payload_untouched",
      "kind": "method",
      "impact_reason": "calls_modified_node",
      "target_symbol": "McpService"
    },
    {
      "id": "sym:d310c90c4013:TestMcpServiceDiffImpact.setUp",
      "path": "/Users/giapminh79/code/GitHub/sot-graph/tests/test_diff_impact.py",
      "symbol": "TestMcpServiceDiffImpact.setUp",
      "kind": "method",
      "impact_reason": "calls_modified_node",
      "target_symbol": "McpService"
    },
    {
      "id": "sym:90bc0983d900:test_mcp_fits_response_surrogateescape",
      "path": "/Users/giapminh79/code/GitHub/sot-graph/tests/test_trust_chain_hardening.py",
      "symbol": "test_mcp_fits_response_surrogateescape",
      "kind": "function",
      "impact_reason": "calls_modified_node",
      "target_symbol": "McpService"
    },
    {
      "id": "sym:90bc0983d900:test_mcp_diff_impact_receipt_fits_response_truncation",
      "path": "/Users/giapminh79/code/GitHub/sot-graph/tests/test_trust_chain_hardening.py",
      "symbol": "test_mcp_diff_impact_receipt_fits_response_truncation",
      "kind": "function",
      "impact_reason": "calls_modified_node",
      "target_symbol": "McpService"
    },
    {
      "id": "sym:90bc0983d900:test_mcp_transport_truncation_degrades_assurance",
      "path": "/Users/giapminh79/code/GitHub/sot-graph/tests/test_trust_chain_hardening.py",
      "symbol": "test_mcp_transport_truncation_degrades_assurance",
      "kind": "function",
      "impact_reason": "calls_modified_node",
      "target_symbol": "McpService"
    },
    {
      "id": "sym:90bc0983d900:test_mcp_small_receipt_payload_assurance_untouched",
      "path": "/Users/giapminh79/code/GitHub/sot-graph/tests/test_trust_chain_hardening.py",
      "symbol": "test_mcp_small_receipt_payload_assurance_untouched",
      "kind": "function",
      "impact_reason": "calls_modified_node",
      "target_symbol": "McpService"
    },
    {
      "id": "sym:90bc0983d900:test_mcp_diff_impact_default_target_is_head",
      "path": "/Users/giapminh79/code/GitHub/sot-graph/tests/test_trust_chain_hardening.py",
      "symbol": "test_mcp_diff_impact_default_target_is_head",
      "kind": "function",
      "impact_reason": "calls_modified_node",
      "target_symbol": "McpService"
    },
    {
      "id": "sym:90bc0983d900:test_mcp_diff_impact_receipt_default_target_is_head",
      "path": "/Users/giapminh79/code/GitHub/sot-graph/tests/test_trust_chain_hardening.py",
      "symbol": "test_mcp_diff_impact_receipt_default_target_is_head",
      "kind": "function",
      "impact_reason": "calls_modified_node",
      "target_symbol": "McpService"
    },
    {
      "id": "file:90bc0983d900",
      "path": "/Users/giapminh79/code/GitHub/sot-graph/tests/test_trust_chain_hardening.py",
      "symbol": "test_trust_chain_hardening.py",
      "kind": "file",
      "impact_reason": "calls_modified_node",
      "target_symbol": "McpService"
    },
    {
      "id": "sym:5dab7ee8ccb5:TestReconcileProvenance.test_mcp_auto_reconcile_records_surface_pre",
      "path": "/Users/giapminh79/code/GitHub/sot-graph/tests/test_collection_accounting.py",
      "symbol": "TestReconcileProvenance.test_mcp_auto_reconcile_records_surface_pre",
      "kind": "method",
      "impact_reason": "calls_modified_node",
      "target_symbol": "McpService"
    },
    {
      "id": "sym:5dab7ee8ccb5:TestTransportTrimInterplay.test_collection_truncated_receipt_survives_transport_trim._service",
      "path": "/Users/giapminh79/code/GitHub/sot-graph/tests/test_collection_accounting.py",
      "symbol": "TestTransportTrimInterplay.test_collection_truncated_receipt_survives_transport_trim._service",
      "kind": "method",
      "impact_reason": "calls_modified_node",
      "target_symbol": "McpService"
    },
    {
      "id": "sym:4afdaea1f910:TestSurfaceWiring._service",
      "path": "/Users/giapminh79/code/GitHub/sot-graph/tests/test_impact_pipeline.py",
      "symbol": "TestSurfaceWiring._service",
      "kind": "method",
      "impact_reason": "calls_modified_node",
      "target_symbol": "McpService"
    },
    {
      "id": "sym:4afdaea1f910:TestSurfaceWiring.test_mcp_diff_impact_trim_degrades_embedded_assurance",
      "path": "/Users/giapminh79/code/GitHub/sot-graph/tests/test_impact_pipeline.py",
      "symbol": "TestSurfaceWiring.test_mcp_diff_impact_trim_degrades_embedded_assurance",
      "kind": "method",
      "impact_reason": "calls_modified_node",
      "target_symbol": "McpService"
    },
    {
      "id": "sym:4afdaea1f910:_service_of",
      "path": "/Users/giapminh79/code/GitHub/sot-graph/tests/test_impact_pipeline.py",
      "symbol": "_service_of",
      "kind": "function",
      "impact_reason": "calls_modified_node",
      "target_symbol": "McpService"
    },
    {
      "id": "file:8d8facd09c31",
      "path": "/Users/giapminh79/code/GitHub/sot-graph/tests/test_sprint4_compass_and_pack.py",
      "symbol": "test_sprint4_compass_and_pack.py",
      "kind": "file",
      "impact_reason": "calls_modified_node",
      "target_symbol": "McpService"
    },
    {
      "id": "sym:8d8facd09c31:Sprint4CompassAndPackTests.test_mcp_explore_structured_hops",
      "path": "/Users/giapminh79/code/GitHub/sot-graph/tests/test_sprint4_compass_and_pack.py",
      "symbol": "Sprint4CompassAndPackTests.test_mcp_explore_structured_hops",
      "kind": "method",
      "impact_reason": "calls_modified_node",
      "target_symbol": "McpService"
    },
    {
      "id": "file:1e037f5c17d0",
      "path": "/Users/giapminh79/code/GitHub/sot-graph/tests/test_repo_map.py",
      "symbol": "test_repo_map.py",
      "kind": "file",
      "impact_reason": "calls_modified_node",
      "target_symbol": "McpService"
    },
    {
      "id": "sym:1e037f5c17d0:McpMapAndNotesTests.setUp",
      "path": "/Users/giapminh79/code/GitHub/sot-graph/tests/test_repo_map.py",
      "symbol": "McpMapAndNotesTests.setUp",
      "kind": "method",
      "impact_reason": "calls_modified_node",
      "target_symbol": "McpService"
    },
    {
      "id": "sym:27d462be5c4b:BareNameRankingTestCase._mcp",
      "path": "/Users/giapminh79/code/GitHub/sot-graph/tests/test_search_bare_name_ranking.py",
      "symbol": "BareNameRankingTestCase._mcp",
      "kind": "method",
      "impact_reason": "calls_modified_node",
      "target_symbol": "McpService"
    },
    {
      "id": "file:27d462be5c4b",
      "path": "/Users/giapminh79/code/GitHub/sot-graph/tests/test_search_bare_name_ranking.py",
      "symbol": "test_search_bare_name_ranking.py",
      "kind": "file",
      "impact_reason": "calls_modified_node",
      "target_symbol": "McpService"
    },
    {
      "id": "sym:f058a7d050ab:_service_of",
      "path": "/Users/giapminh79/code/GitHub/sot-graph/tests/test_sg107_stress.py",
      "symbol": "_service_of",
      "kind": "function",
      "impact_reason": "calls_modified_node",
      "target_symbol": "McpService"
    },
    {
      "id": "sym:f058a7d050ab:TestCharacterizationResidualRisks._fits",
      "path": "/Users/giapminh79/code/GitHub/sot-graph/tests/test_sg107_stress.py",
      "symbol": "TestCharacterizationResidualRisks._fits",
      "kind": "method",
      "impact_reason": "calls_modified_node",
      "target_symbol": "McpService"
    },
    {
      "id": "sym:b476db0d78ee:RepoMapFilterSurfaceTests.test_mcp_repo_map_returns_filters_and_opt_in",
      "path": "/Users/giapminh79/code/GitHub/sot-graph/tests/test_sg201_repo_map_filters.py",
      "symbol": "RepoMapFilterSurfaceTests.test_mcp_repo_map_returns_filters_and_opt_in",
      "kind": "method",
      "impact_reason": "calls_modified_node",
      "target_symbol": "McpService"
    },
    {
      "id": "sym:b476db0d78ee:RepoMapFilterSurfaceTests.test_mcp_repo_map_rejects_unknown_category",
      "path": "/Users/giapminh79/code/GitHub/sot-graph/tests/test_sg201_repo_map_filters.py",
      "symbol": "RepoMapFilterSurfaceTests.test_mcp_repo_map_rejects_unknown_category",
      "kind": "method",
      "impact_reason": "calls_modified_node",
      "target_symbol": "McpService"
    },
    {
      "id": "sym:a0fd26ba8176:TestShippedPathIntegration.test_mcp_report_receives_real_denominators",
      "path": "/Users/giapminh79/code/GitHub/sot-graph/tests/test_report_conformance.py",
      "symbol": "TestShippedPathIntegration.test_mcp_report_receives_real_denominators",
      "kind": "method",
      "impact_reason": "calls_modified_node",
      "target_symbol": "McpService"
    },
    {
      "id": "file:23a7d8cbff5f",
      "path": "/Users/giapminh79/code/GitHub/sot-graph/tests/test_sg202_pack_completeness.py",
      "symbol": "test_sg202_pack_completeness.py",
      "kind": "file",
      "impact_reason": "calls_modified_node",
      "target_symbol": "McpService"
    },
    {
      "id": "sym:23a7d8cbff5f:SG202PackCompletenessTests.test_mcp_surface_reports_honesty_fields",
      "path": "/Users/giapminh79/code/GitHub/sot-graph/tests/test_sg202_pack_completeness.py",
      "symbol": "SG202PackCompletenessTests.test_mcp_surface_reports_honesty_fields",
      "kind": "method",
      "impact_reason": "calls_modified_node",
      "target_symbol": "McpService"
    },
    {
      "id": "sym:d3c0b58d9f4b:TestMcpSearchAxes.test_results_carry_axes_and_contract",
      "path": "/Users/giapminh79/code/GitHub/sot-graph/tests/test_trust_axes.py",
      "symbol": "TestMcpSearchAxes.test_results_carry_axes_and_contract",
      "kind": "method",
      "impact_reason": "calls_modified_node",
      "target_symbol": "McpService"
    },
    {
      "id": "sym:d3c0b58d9f4b:TestMcpSearchAxes.test_ambiguous_identity_on_mcp",
      "path": "/Users/giapminh79/code/GitHub/sot-graph/tests/test_trust_axes.py",
      "symbol": "TestMcpSearchAxes.test_ambiguous_identity_on_mcp",
      "kind": "method",
      "impact_reason": "calls_modified_node",
      "target_symbol": "McpService"
    },
    {
      "id": "sym:d3c0b58d9f4b:TestMcpSearchAxes.test_empty_results_still_expose_contract",
      "path": "/Users/giapminh79/code/GitHub/sot-graph/tests/test_trust_axes.py",
      "symbol": "TestMcpSearchAxes.test_empty_results_still_expose_contract",
      "kind": "method",
      "impact_reason": "calls_modified_node",
      "target_symbol": "McpService"
    },
    {
      "id": "sym:c0b0e96e962a:_mcp",
      "path": "/Users/giapminh79/code/GitHub/sot-graph/tests/test_cbm_contract_parity.py",
      "symbol": "_mcp",
      "kind": "function",
      "impact_reason": "calls_modified_node",
      "target_symbol": "McpService"
    },
    {
      "id": "sym:eb1f53425d6d:test_sur02_catalog_and_native_invocation_refusal",
      "path": "/Users/giapminh79/code/GitHub/sot-graph/tests/test_gs_surface_catalog.py",
      "symbol": "test_sur02_catalog_and_native_invocation_refusal",
      "kind": "function",
      "impact_reason": "calls_modified_node",
      "target_symbol": "McpService"
    },
    {
      "id": "sym:eb1f53425d6d:test_sur02_exception_results_are_errors_without_private_diagnostics",
      "path": "/Users/giapminh79/code/GitHub/sot-graph/tests/test_gs_surface_catalog.py",
      "symbol": "test_sur02_exception_results_are_errors_without_private_diagnostics",
      "kind": "function",
      "impact_reason": "calls_modified_node",
      "target_symbol": "McpService"
    },
    {
      "id": "sym:41ed8ce188e1:McpReceiptToolsTests.setUp",
      "path": "/Users/giapminh79/code/GitHub/sot-graph/tests/test_mcp_receipt_tools.py",
      "symbol": "McpReceiptToolsTests.setUp",
      "kind": "method",
      "impact_reason": "calls_modified_node",
      "target_symbol": "McpService"
    },
    {
      "id": "file:41ed8ce188e1",
      "path": "/Users/giapminh79/code/GitHub/sot-graph/tests/test_mcp_receipt_tools.py",
      "symbol": "test_mcp_receipt_tools.py",
      "kind": "file",
      "impact_reason": "calls_modified_node",
      "target_symbol": "McpService"
    },
    {
      "id": "sym:1747a3cf05a2:service",
      "path": "/Users/giapminh79/code/GitHub/sot-graph/tests/test_managed_policy_parity.py",
      "symbol": "service",
      "kind": "function",
      "impact_reason": "calls_modified_node",
      "target_symbol": "McpService"
    },
    {
      "id": "sym:1747a3cf05a2:repo",
      "path": "/Users/giapminh79/code/GitHub/sot-graph/tests/test_managed_policy_parity.py",
      "symbol": "repo",
      "kind": "function",
      "impact_reason": "calls_modified_node",
      "target_symbol": "repo.git_only"
    },
    {
      "id": "sym:f6d8752e14c6:EdgeLifecycleTests.test_reconcile_idempotent_after_move",
      "path": "/Users/giapminh79/code/GitHub/sot-graph/tests/test_edge_lifecycle.py",
      "symbol": "EdgeLifecycleTests.test_reconcile_idempotent_after_move",
      "kind": "method",
      "impact_reason": "calls_modified_node",
      "target_symbol": "snapshot"
    },
    {
      "id": "sym:40d83afb5cc0:test_source_repo_and_notes_untouched",
      "path": "/Users/giapminh79/code/GitHub/sot-graph/tests/test_managed_runtime.py",
      "symbol": "test_source_repo_and_notes_untouched",
      "kind": "function",
      "impact_reason": "calls_modified_node",
      "target_symbol": "snapshot"
    },
    {
      "id": "sym:fcfd6b9d9342:test_path_overlap_refused_before_resolve_without_writes",
      "path": "/Users/giapminh79/code/GitHub/sot-graph/tests/test_managed_installation.py",
      "symbol": "test_path_overlap_refused_before_resolve_without_writes",
      "kind": "function",
      "impact_reason": "calls_modified_node",
      "target_symbol": "snapshot"
    },
    {
      "id": "sym:1747a3cf05a2:test_builtin_never_dispatches_or_loads_managed_config",
      "path": "/Users/giapminh79/code/GitHub/sot-graph/tests/test_managed_policy_parity.py",
      "symbol": "test_builtin_never_dispatches_or_loads_managed_config",
      "kind": "function",
      "impact_reason": "calls_modified_node",
      "target_symbol": "snapshot"
    },
    {
      "id": "sym:1747a3cf05a2:test_fallback_and_fail_closed_parity",
      "path": "/Users/giapminh79/code/GitHub/sot-graph/tests/test_managed_policy_parity.py",
      "symbol": "test_fallback_and_fail_closed_parity",
      "kind": "function",
      "impact_reason": "calls_modified_node",
      "target_symbol": "snapshot"
    },
    {
      "id": "sym:1747a3cf05a2:test_search_evidence_does_not_promote_builtin_trust",
      "path": "/Users/giapminh79/code/GitHub/sot-graph/tests/test_managed_policy_parity.py",
      "symbol": "test_search_evidence_does_not_promote_builtin_trust",
      "kind": "function",
      "impact_reason": "calls_modified_node",
      "target_symbol": "snapshot"
    },
    {
      "id": "sym:1747a3cf05a2:test_mcp_invalid_bounds_precede_dispatch",
      "path": "/Users/giapminh79/code/GitHub/sot-graph/tests/test_managed_policy_parity.py",
      "symbol": "test_mcp_invalid_bounds_precede_dispatch",
      "kind": "function",
      "impact_reason": "calls_modified_node",
      "target_symbol": "snapshot"
    },
    {
      "id": "sym:1747a3cf05a2:test_cli_explicit_legacy_provider_conflicts",
      "path": "/Users/giapminh79/code/GitHub/sot-graph/tests/test_managed_policy_parity.py",
      "symbol": "test_cli_explicit_legacy_provider_conflicts",
      "kind": "function",
      "impact_reason": "calls_modified_node",
      "target_symbol": "snapshot"
    },
    {
      "id": "sym:1747a3cf05a2:test_cli_invalid_search_bounds_precede_trusted_loader",
      "path": "/Users/giapminh79/code/GitHub/sot-graph/tests/test_managed_policy_parity.py",
      "symbol": "test_cli_invalid_search_bounds_precede_trusted_loader",
      "kind": "function",
      "impact_reason": "calls_modified_node",
      "target_symbol": "snapshot"
    },
    {
      "id": "sym:1747a3cf05a2:test_cli_external_never_reconciles_or_creates_database",
      "path": "/Users/giapminh79/code/GitHub/sot-graph/tests/test_managed_policy_parity.py",
      "symbol": "test_cli_external_never_reconciles_or_creates_database",
      "kind": "function",
      "impact_reason": "calls_modified_node",
      "target_symbol": "snapshot"
    },
    {
      "id": "sym:1747a3cf05a2:test_mcp_clamps_limit_and_budget_before_dispatch",
      "path": "/Users/giapminh79/code/GitHub/sot-graph/tests/test_managed_policy_parity.py",
      "symbol": "test_mcp_clamps_limit_and_budget_before_dispatch",
      "kind": "function",
      "impact_reason": "calls_modified_node",
      "target_symbol": "service"
    },
    {
      "id": "file:b59b1cd8bb8c",
      "path": "/Users/giapminh79/code/GitHub/sot-graph/tests/test_managed_read_dispatch.py",
      "symbol": "test_managed_read_dispatch.py",
      "kind": "file",
      "impact_reason": "calls_modified_node",
      "target_symbol": "no_legacy_or_writes"
    },
    {
      "id": "sym:b59b1cd8bb8c:no_legacy_or_writes",
      "path": "/Users/giapminh79/code/GitHub/sot-graph/tests/test_managed_read_dispatch.py",
      "symbol": "no_legacy_or_writes",
      "kind": "function",
      "impact_reason": "calls_modified_node",
      "target_symbol": "no_legacy_or_writes.forbidden"
    },
    {
      "id": "sym:b59b1cd8bb8c:test_builtin_bypasses_all_loaders_even_corrupt_configuration",
      "path": "/Users/giapminh79/code/GitHub/sot-graph/tests/test_managed_read_dispatch.py",
      "symbol": "test_builtin_bypasses_all_loaders_even_corrupt_configuration",
      "kind": "function",
      "impact_reason": "calls_modified_node",
      "target_symbol": "dispatch"
    },
    {
      "id": "sym:b59b1cd8bb8c:test_real_trusted_configuration_failures",
      "path": "/Users/giapminh79/code/GitHub/sot-graph/tests/test_managed_read_dispatch.py",
      "symbol": "test_real_trusted_configuration_failures",
      "kind": "function",
      "impact_reason": "calls_modified_node",
      "target_symbol": "dispatch"
    },
    {
      "id": "sym:b59b1cd8bb8c:test_explicit_repository_denial_precedes_admin_loader",
      "path": "/Users/giapminh79/code/GitHub/sot-graph/tests/test_managed_read_dispatch.py",
      "symbol": "test_explicit_repository_denial_precedes_admin_loader",
      "kind": "function",
      "impact_reason": "calls_modified_node",
      "target_symbol": "dispatch"
    },
    {
      "id": "sym:b59b1cd8bb8c:test_repository_cannot_grant_native_execution",
      "path": "/Users/giapminh79/code/GitHub/sot-graph/tests/test_managed_read_dispatch.py",
      "symbol": "test_repository_cannot_grant_native_execution",
      "kind": "function",
      "impact_reason": "calls_modified_node",
      "target_symbol": "dispatch"
    },
    {
      "id": "sym:b59b1cd8bb8c:test_real_adapter_retains_runtime_readiness_guard",
      "path": "/Users/giapminh79/code/GitHub/sot-graph/tests/test_managed_read_dispatch.py",
      "symbol": "test_real_adapter_retains_runtime_readiness_guard",
      "kind": "function",
      "impact_reason": "calls_modified_node",
      "target_symbol": "dispatch"
    },
    {
      "id": "sym:b59b1cd8bb8c:test_registered_provider_and_exact_normalization_are_reused",
      "path": "/Users/giapminh79/code/GitHub/sot-graph/tests/test_managed_read_dispatch.py",
      "symbol": "test_registered_provider_and_exact_normalization_are_reused",
      "kind": "function",
      "impact_reason": "calls_modified_node",
      "target_symbol": "dispatch"
    },
    {
      "id": "sym:b59b1cd8bb8c:test_invalid_limit_errors_without_loader",
      "path": "/Users/giapminh79/code/GitHub/sot-graph/tests/test_managed_read_dispatch.py",
      "symbol": "test_invalid_limit_errors_without_loader",
      "kind": "function",
      "impact_reason": "calls_modified_node",
      "target_symbol": "dispatch"
    },
    {
      "id": "sym:b59b1cd8bb8c:test_scope_postfilter_and_limit_clamp",
      "path": "/Users/giapminh79/code/GitHub/sot-graph/tests/test_managed_read_dispatch.py",
      "symbol": "test_scope_postfilter_and_limit_clamp",
      "kind": "function",
      "impact_reason": "calls_modified_node",
      "target_symbol": "dispatch"
    },
    {
      "id": "sym:b59b1cd8bb8c:test_environment_deny_precedes_admin_loader",
      "path": "/Users/giapminh79/code/GitHub/sot-graph/tests/test_managed_read_dispatch.py",
      "symbol": "test_environment_deny_precedes_admin_loader",
      "kind": "function",
      "impact_reason": "calls_modified_node",
      "target_symbol": "dispatch"
    },
    {
      "id": "sym:b59b1cd8bb8c:test_malformed_repository_config_never_loads_admin",
      "path": "/Users/giapminh79/code/GitHub/sot-graph/tests/test_managed_read_dispatch.py",
      "symbol": "test_malformed_repository_config_never_loads_admin",
      "kind": "function",
      "impact_reason": "calls_modified_node",
      "target_symbol": "dispatch"
    },
    {
      "id": "sym:b59b1cd8bb8c:test_escaping_scope_is_invalid_without_loader",
      "path": "/Users/giapminh79/code/GitHub/sot-graph/tests/test_managed_read_dispatch.py",
      "symbol": "test_escaping_scope_is_invalid_without_loader",
      "kind": "function",
      "impact_reason": "calls_modified_node",
      "target_symbol": "dispatch"
    },
    {
      "id": "sym:b59b1cd8bb8c:test_unsafe_repository_config_is_not_read_as_grant",
      "path": "/Users/giapminh79/code/GitHub/sot-graph/tests/test_managed_read_dispatch.py",
      "symbol": "test_unsafe_repository_config_is_not_read_as_grant",
      "kind": "function",
      "impact_reason": "calls_modified_node",
      "target_symbol": "dispatch"
    },
    {
      "id": "sym:b59b1cd8bb8c:test_requested_limit_truncates_normalized_evidence",
      "path": "/Users/giapminh79/code/GitHub/sot-graph/tests/test_managed_read_dispatch.py",
      "symbol": "test_requested_limit_truncates_normalized_evidence",
      "kind": "function",
      "impact_reason": "calls_modified_node",
      "target_symbol": "dispatch"
    },
    {
      "id": "sym:b59b1cd8bb8c:test_native_candidates_cannot_escape_root",
      "path": "/Users/giapminh79/code/GitHub/sot-graph/tests/test_managed_read_dispatch.py",
      "symbol": "test_native_candidates_cannot_escape_root",
      "kind": "function",
      "impact_reason": "calls_modified_node",
      "target_symbol": "dispatch"
    },
    {
      "id": "sym:b59b1cd8bb8c:test_native_failure_never_leaks_diagnostic",
      "path": "/Users/giapminh79/code/GitHub/sot-graph/tests/test_managed_read_dispatch.py",
      "symbol": "test_native_failure_never_leaks_diagnostic",
      "kind": "function",
      "impact_reason": "calls_modified_node",
      "target_symbol": "dispatch"
    }
  ],
  "api_impacts": [],
  "tests_to_run": [
    "/Users/giapminh79/code/GitHub/sot-graph/tests/test_adapters.py",
    "/Users/giapminh79/code/GitHub/sot-graph/tests/test_analytics.py",
    "/Users/giapminh79/code/GitHub/sot-graph/tests/test_bundle.py",
    "/Users/giapminh79/code/GitHub/sot-graph/tests/test_cbm_contract_parity.py",
    "/Users/giapminh79/code/GitHub/sot-graph/tests/test_cbm_verification.py",
    "/Users/giapminh79/code/GitHub/sot-graph/tests/test_cli_provider_wiring.py",
    "/Users/giapminh79/code/GitHub/sot-graph/tests/test_collection_accounting.py",
    "/Users/giapminh79/code/GitHub/sot-graph/tests/test_diff_impact.py",
    "/Users/giapminh79/code/GitHub/sot-graph/tests/test_diff_impact_github.py",
    "/Users/giapminh79/code/GitHub/sot-graph/tests/test_edge_lifecycle.py",
    "/Users/giapminh79/code/GitHub/sot-graph/tests/test_engine_admin.py",
    "/Users/giapminh79/code/GitHub/sot-graph/tests/test_engine_trusted_config.py",
    "/Users/giapminh79/code/GitHub/sot-graph/tests/test_export.py",
    "/Users/giapminh79/code/GitHub/sot-graph/tests/test_gs_surface_catalog.py",
    "/Users/giapminh79/code/GitHub/sot-graph/tests/test_gs_surface_lifecycle.py",
    "/Users/giapminh79/code/GitHub/sot-graph/tests/test_hardening_fixes.py",
    "/Users/giapminh79/code/GitHub/sot-graph/tests/test_holdout_denominators.py",
    "/Users/giapminh79/code/GitHub/sot-graph/tests/test_holdout_splits.py",
    "/Users/giapminh79/code/GitHub/sot-graph/tests/test_impact_pipeline.py",
    "/Users/giapminh79/code/GitHub/sot-graph/tests/test_jit_reconcile.py",
    "/Users/giapminh79/code/GitHub/sot-graph/tests/test_managed_installation.py",
    "/Users/giapminh79/code/GitHub/sot-graph/tests/test_managed_policy_parity.py",
    "/Users/giapminh79/code/GitHub/sot-graph/tests/test_managed_read_dispatch.py",
    "/Users/giapminh79/code/GitHub/sot-graph/tests/test_managed_runtime.py",
    "/Users/giapminh79/code/GitHub/sot-graph/tests/test_mcp.py",
    "/Users/giapminh79/code/GitHub/sot-graph/tests/test_mcp_modern.py",
    "/Users/giapminh79/code/GitHub/sot-graph/tests/test_mcp_prompts.py",
    "/Users/giapminh79/code/GitHub/sot-graph/tests/test_mcp_receipt_tools.py",
    "/Users/giapminh79/code/GitHub/sot-graph/tests/test_navigation.py",
    "/Users/giapminh79/code/GitHub/sot-graph/tests/test_optimizations.py",
    "/Users/giapminh79/code/GitHub/sot-graph/tests/test_p2_orchestrator.py",
    "/Users/giapminh79/code/GitHub/sot-graph/tests/test_p3_plugin_contract.py",
    "/Users/giapminh79/code/GitHub/sot-graph/tests/test_p5_coverage_verification.py",
    "/Users/giapminh79/code/GitHub/sot-graph/tests/test_p6_ledger.py",
    "/Users/giapminh79/code/GitHub/sot-graph/tests/test_p8_omp_integration.py",
    "/Users/giapminh79/code/GitHub/sot-graph/tests/test_phase1_scip_and_schema_v5.py",
    "/Users/giapminh79/code/GitHub/sot-graph/tests/test_providers_cross_check.py",
    "/Users/giapminh79/code/GitHub/sot-graph/tests/test_providers_registry.py",
    "/Users/giapminh79/code/GitHub/sot-graph/tests/test_repo_map.py",
    "/Users/giapminh79/code/GitHub/sot-graph/tests/test_report_conformance.py",
    "/Users/giapminh79/code/GitHub/sot-graph/tests/test_search_bare_name_ranking.py",
    "/Users/giapminh79/code/GitHub/sot-graph/tests/test_sg107_stress.py",
    "/Users/giapminh79/code/GitHub/sot-graph/tests/test_sg201_repo_map_filters.py",
    "/Users/giapminh79/code/GitHub/sot-graph/tests/test_sg202_pack_completeness.py",
    "/Users/giapminh79/code/GitHub/sot-graph/tests/test_solution_trace.py",
    "/Users/giapminh79/code/GitHub/sot-graph/tests/test_sprint4_compass_and_pack.py",
    "/Users/giapminh79/code/GitHub/sot-graph/tests/test_storage_integrity.py",
    "/Users/giapminh79/code/GitHub/sot-graph/tests/test_trust_axes.py",
    "/Users/giapminh79/code/GitHub/sot-graph/tests/test_trust_chain_hardening.py",
    "/Users/giapminh79/code/GitHub/sot-graph/tests/test_v2_upgrade.py",
    "tests/test_managed_policy_parity.py",
    "tests/test_managed_read_dispatch.py"
  ],
  "invalidated_evidence": [],
  "invalidated_evidence_dead_count": 0,
  "collection_stats": {
    "changed_files": {
      "enumerated_count": 21,
      "returned_count": 21,
      "cap": 200,
      "truncated": false,
      "cursor_exhausted": true
    },
    "invalidated_evidence": {
      "enumerated_count": 0,
      "returned_count": 0,
      "cap": 50,
      "truncated": false,
      "cursor_exhausted": true
    },
    "ledger_runs": {
      "enumerated_count": 0,
      "returned_count": 0,
      "cap": 200,
      "truncated": false,
      "cursor_exhausted": true
    },
    "ledger_union": {
      "enumerated_count": 0,
      "returned_count": 0,
      "cap": 5000,
      "truncated": false,
      "cursor_exhausted": true
    }
  },
  "post_change_snapshot": {
    "snapshot_id": null,
    "descriptor_digest": "sha256:3c2e6cc98c2a5ccb3e699c24c208fe5749f6868d5110af5c2fcd146bc9dc27c8",
    "role": "post_change",
    "commit_sha": "819560ecb443db0ca8b30464102306037259dbf1",
    "dirty": true,
    "dirty_fingerprint": "sha256:f76f591d4ecac31f4cdc7335ba7b34f7b9d54bbe92095fcc32ff54467e60614b",
    "manifest_digest": null,
    "generation": null,
    "algo_version": "sha256-v2",
    "captured_at": 1788683954,
    "content_digests": {
      "plan/python-c-monorepo/evidence/completion-goals/M3b/20260906-managed-dispatch-v1/claims.log": "a123cb021ab9b0e4082989ec03817ad3898d5208c58de9f691cba9beba17acef",
      "plan/python-c-monorepo/evidence/completion-goals/M3b/20260906-managed-dispatch-v1/doctor.log": "f4f42629162cbe912a27cfd9959109c00c23b87e6e93a3ffc912006baba7d385",
      "plan/python-c-monorepo/evidence/completion-goals/M3b/20260906-managed-dispatch-v1/final-doctor.log": "f4f42629162cbe912a27cfd9959109c00c23b87e6e93a3ffc912006baba7d385",
      "plan/python-c-monorepo/evidence/completion-goals/M3b/20260906-managed-dispatch-v1/final-full-pytest.log": "0547b9a4b45633f3b00e4a23e73b393590ccb1966b641890f588c7a573730cbe",
      "plan/python-c-monorepo/evidence/completion-goals/M3b/20260906-managed-dispatch-v1/final-impact.log": "e3b0c44298fc1c149afbf4c8996fb92427ae41e4649b934ca495991b7852b855",
      "plan/python-c-monorepo/evidence/completion-goals/M3b/20260906-managed-dispatch-v1/final-lint.log": "82b3e6a6c090a57601d22943bd23fca9218d1031dbe5a7b754092f9a156b4f18",
      "plan/python-c-monorepo/evidence/completion-goals/M3b/20260906-managed-dispatch-v1/final-reconcile.log": "a5ad053282f7e14a919be54f42495c239e3d77a90be56c5c740fd2c7c57d5a22",
      "plan/python-c-monorepo/evidence/completion-goals/M3b/20260906-managed-dispatch-v1/final-types.log": "6d88a1b220adb7a3d62092b6e38431f0b3fe8babe9864fab90e5849766260332",
      "plan/python-c-monorepo/evidence/completion-goals/M3b/20260906-managed-dispatch-v1/full-pytest.log": "aab304e0c7b9595833bbe1c2ef760b4e0a38fd960cf5252b19872dc4bf336d9d",
      "plan/python-c-monorepo/evidence/completion-goals/M3b/20260906-managed-dispatch-v1/impact.log": "8055a23e4b5b29cffc5f7f67d9c35b1be31110aff305d7dc8eb8f426049c8e5c",
      "plan/python-c-monorepo/evidence/completion-goals/M3b/20260906-managed-dispatch-v1/lint.log": "82b3e6a6c090a57601d22943bd23fca9218d1031dbe5a7b754092f9a156b4f18",
      "plan/python-c-monorepo/evidence/completion-goals/M3b/20260906-managed-dispatch-v1/quality.log": "fc4996a57dfb336d37d4ad427a198957eb082fd349bcdaa44daa34332caa0774",
      "plan/python-c-monorepo/evidence/completion-goals/M3b/20260906-managed-dispatch-v1/reconcile.log": "5183710c3f99b879d79812aae9a5e08842afed1984a7255565e4f09f4d83fd31",
      "plan/python-c-monorepo/evidence/completion-goals/M3b/20260906-managed-dispatch-v1/types.log": "6d88a1b220adb7a3d62092b6e38431f0b3fe8babe9864fab90e5849766260332",
      "plan/python-c-monorepo/trusted-opt-in-runbook.md": "6c3811b0f018b8706cdc4f24593be79c10a2225dbe4fdc46262915bda44c41db",
      "plan/remaining-work-phased-plan-2026-09-05.md": "4aa2465146977de511db70d4f66d2b6d2ae9259cf5b06e786346f216cab9eabc",
      "src/sot_graph/assurance/orchestrator.py": "ae019f63725ff3d904600d16795727e0050e3bcc5bdad6b25a6b5c7101fd8062",
      "src/sot_graph/cli.py": "2f457a51d61332c52b5f35b068cbe6c1132cd8a5ea95b39841fb1287b36ab562",
      "src/sot_graph/mcp_service.py": "b5035765856ce8cbf68f8af8d59f17efff439767412544451bed52a34505aa96",
      "tests/test_managed_policy_parity.py": "bea500694c508234620df2df511440df59f3d2f678f2f481491ea5c8ee172798",
      "tests/test_managed_read_dispatch.py": "8624d6488bdc6015216e42c61e8f8b9837a055d3e0d228fbc790aee31f3b021f"
    },
    "scope_digest": "sha256:62a8a39bb65f8fac316db773e3733660a07616e3e242dc3656640b2e5490f22c"
  },
  "reconcile": {
    "required": true,
    "note": "run `sot reconcile` to bind the post-change snapshot to a fresh index generation"
  },
  "summary": {
    "total_changed_files": 21,
    "total_hunks": 56,
    "total_direct_nodes": 72,
    "total_callers": 252,
    "total_apis": 0,
    "total_tests": 353,
    "risk_score": 80,
    "risk_level": "HIGH",
    "execution_time_ms": 99.49
  },
  "pre_receipt_digest": null,
  "pre_change_snapshot": {
    "descriptor_digest": "sha256:8e20c57ff2a3c5c298dc69be105520f023bb753a21780c068bf142335a945d78",
    "role": "pre_change",
    "commit_sha": "819560ecb443db0ca8b30464102306037259dbf1",
    "dirty": true,
    "dirty_fingerprint": "sha256:f76f591d4ecac31f4cdc7335ba7b34f7b9d54bbe92095fcc32ff54467e60614b",
    "manifest_digest": null,
    "generation": null,
    "algo_version": "sha256-v2",
    "content_digests": {
      "plan/python-c-monorepo/trusted-opt-in-runbook.md": "6c3811b0f018b8706cdc4f24593be79c10a2225dbe4fdc46262915bda44c41db",
      "src/sot_graph/assurance/orchestrator.py": "ae019f63725ff3d904600d16795727e0050e3bcc5bdad6b25a6b5c7101fd8062",
      "src/sot_graph/cli.py": "2f457a51d61332c52b5f35b068cbe6c1132cd8a5ea95b39841fb1287b36ab562",
      "src/sot_graph/mcp_service.py": "b5035765856ce8cbf68f8af8d59f17efff439767412544451bed52a34505aa96",
      "plan/python-c-monorepo/evidence/completion-goals/M3b/20260906-managed-dispatch-v1/claims.log": "a123cb021ab9b0e4082989ec03817ad3898d5208c58de9f691cba9beba17acef",
      "plan/python-c-monorepo/evidence/completion-goals/M3b/20260906-managed-dispatch-v1/doctor.log": "f4f42629162cbe912a27cfd9959109c00c23b87e6e93a3ffc912006baba7d385",
      "plan/python-c-monorepo/evidence/completion-goals/M3b/20260906-managed-dispatch-v1/final-doctor.log": "f4f42629162cbe912a27cfd9959109c00c23b87e6e93a3ffc912006baba7d385",
      "plan/python-c-monorepo/evidence/completion-goals/M3b/20260906-managed-dispatch-v1/final-full-pytest.log": "0547b9a4b45633f3b00e4a23e73b393590ccb1966b641890f588c7a573730cbe",
      "plan/python-c-monorepo/evidence/completion-goals/M3b/20260906-managed-dispatch-v1/final-impact.log": "e3b0c44298fc1c149afbf4c8996fb92427ae41e4649b934ca495991b7852b855",
      "plan/python-c-monorepo/evidence/completion-goals/M3b/20260906-managed-dispatch-v1/final-lint.log": "82b3e6a6c090a57601d22943bd23fca9218d1031dbe5a7b754092f9a156b4f18",
      "plan/python-c-monorepo/evidence/completion-goals/M3b/20260906-managed-dispatch-v1/final-reconcile.log": "a5ad053282f7e14a919be54f42495c239e3d77a90be56c5c740fd2c7c57d5a22",
      "plan/python-c-monorepo/evidence/completion-goals/M3b/20260906-managed-dispatch-v1/final-types.log": "6d88a1b220adb7a3d62092b6e38431f0b3fe8babe9864fab90e5849766260332",
      "plan/python-c-monorepo/evidence/completion-goals/M3b/20260906-managed-dispatch-v1/full-pytest.log": "aab304e0c7b9595833bbe1c2ef760b4e0a38fd960cf5252b19872dc4bf336d9d",
      "plan/python-c-monorepo/evidence/completion-goals/M3b/20260906-managed-dispatch-v1/impact.log": "8055a23e4b5b29cffc5f7f67d9c35b1be31110aff305d7dc8eb8f426049c8e5c",
      "plan/python-c-monorepo/evidence/completion-goals/M3b/20260906-managed-dispatch-v1/lint.log": "82b3e6a6c090a57601d22943bd23fca9218d1031dbe5a7b754092f9a156b4f18",
      "plan/python-c-monorepo/evidence/completion-goals/M3b/20260906-managed-dispatch-v1/quality.log": "fc4996a57dfb336d37d4ad427a198957eb082fd349bcdaa44daa34332caa0774",
      "plan/python-c-monorepo/evidence/completion-goals/M3b/20260906-managed-dispatch-v1/reconcile.log": "5183710c3f99b879d79812aae9a5e08842afed1984a7255565e4f09f4d83fd31",
      "plan/python-c-monorepo/evidence/completion-goals/M3b/20260906-managed-dispatch-v1/types.log": "6d88a1b220adb7a3d62092b6e38431f0b3fe8babe9864fab90e5849766260332",
      "plan/remaining-work-phased-plan-2026-09-05.md": "4aa2465146977de511db70d4f66d2b6d2ae9259cf5b06e786346f216cab9eabc",
      "tests/test_managed_policy_parity.py": "bea500694c508234620df2df511440df59f3d2f678f2f481491ea5c8ee172798",
      "tests/test_managed_read_dispatch.py": "8624d6488bdc6015216e42c61e8f8b9837a055d3e0d228fbc790aee31f3b021f"
    },
    "scope_digest": "sha256:62a8a39bb65f8fac316db773e3733660a07616e3e242dc3656640b2e5490f22c"
  },
  "remaining_gaps": [],
  "warnings": [],
  "closure_decision": "open",
  "omp_confirmations_remaining": [],
  "assurance_facts": {
    "identity_status": "UNIQUE",
    "snapshot_bound": true,
    "collection_error": false,
    "stale_files": [
      "plan/python-c-monorepo/evidence/completion-goals/M3b/20260906-managed-dispatch-v1/claims.log",
      "plan/python-c-monorepo/evidence/completion-goals/M3b/20260906-managed-dispatch-v1/doctor.log",
      "plan/python-c-monorepo/evidence/completion-goals/M3b/20260906-managed-dispatch-v1/final-doctor.log",
      "plan/python-c-monorepo/evidence/completion-goals/M3b/20260906-managed-dispatch-v1/final-full-pytest.log",
      "plan/python-c-monorepo/evidence/completion-goals/M3b/20260906-managed-dispatch-v1/final-impact.log",
      "plan/python-c-monorepo/evidence/completion-goals/M3b/20260906-managed-dispatch-v1/final-lint.log",
      "plan/python-c-monorepo/evidence/completion-goals/M3b/20260906-managed-dispatch-v1/final-reconcile.log",
      "plan/python-c-monorepo/evidence/completion-goals/M3b/20260906-managed-dispatch-v1/final-types.log",
      "plan/python-c-monorepo/evidence/completion-goals/M3b/20260906-managed-dispatch-v1/full-pytest.log",
      "plan/python-c-monorepo/evidence/completion-goals/M3b/20260906-managed-dispatch-v1/impact.log",
      "plan/python-c-monorepo/evidence/completion-goals/M3b/20260906-managed-dispatch-v1/lint.log",
      "plan/python-c-monorepo/evidence/completion-goals/M3b/20260906-managed-dispatch-v1/quality.log",
      "plan/python-c-monorepo/evidence/completion-goals/M3b/20260906-managed-dispatch-v1/reconcile.log",
      "plan/python-c-monorepo/evidence/completion-goals/M3b/20260906-managed-dispatch-v1/types.log"
    ],
    "coverage_measured": false,
    "coverage_fraction": null,
    "coverage_floor": 0.9,
    "parser_failures": 0,
    "unresolved_count": 0,
    "unresolved_budget": 0,
    "open_conflicts": 0,
    "truncated": false,
    "truncation_sources": [],
    "enumeration_complete": null,
    "parser_capability_complete": null,
    "partial_ast_present": false,
    "provider_capability_ok": true,
    "absence_claim": false,
    "gate_blocked": false,
    "dynamic_dispatch_unresolved": true,
    "claim_profile": "scoped"
  },
  "assurance": {
    "status": "STALE",
    "reason_codes": [
      "stale_sources",
      "dynamic_dispatch_unresolved"
    ],
    "decision": {
      "status": "STALE",
      "reason_codes": [
        "stale_sources",
        "dynamic_dispatch_unresolved"
      ]
    }
  },
  "digest": "5dad132722e635555370ee7fbcc0635944f162a026d99db45cacc44b54b84906",
  "request": {
    "schema_version": "impact-request/1",
    "target": "HEAD",
    "staged": false,
    "working_tree": true,
    "depth": 2,
    "auto_reconcile": false,
    "reconcile_provenance": "pipeline"
  },
  "projection": {
    "collections": [
      {
        "key": "changed_files",
        "enumerated_count": 21,
        "returned_count": 21,
        "truncated": false,
        "cap": 200,
        "cursor_exhausted": true
      },
      {
        "key": "direct_nodes",
        "enumerated_count": 72,
        "returned_count": 72,
        "truncated": false
      },
      {
        "key": "caller_impacts",
        "enumerated_count": 252,
        "returned_count": 252,
        "truncated": false
      },
      {
        "key": "test_impacts",
        "enumerated_count": 353,
        "returned_count": 353,
        "truncated": false
      },
      {
        "key": "api_impacts",
        "enumerated_count": 0,
        "returned_count": 0,
        "truncated": false
      },
      {
        "key": "tests_to_run",
        "enumerated_count": 52,
        "returned_count": 52,
        "truncated": false
      }
    ],
    "next_cursor": null
  },
  "stale_files": []
}
