receipt stored: .sot/receipts/788c3ffa14571e9e37975fbd28bb2e513cb546e57c10d730fb71e86971da9d07.json
{
  "schema_version": "2.0.0",
  "snapshot_generation": 58,
  "manifest_digest": "sha256:9ae4c387928905f47232cfc7081d435fe7767ccf39c25b1c0af8334ce0f36d88",
  "completeness": "COMPLETE_WITHIN_INDEX_CAPABILITY",
  "providers": [
    {
      "name": "tree-sitter-ast",
      "version": "0.26.0",
      "capability": "AST_HEURISTIC_PARSER"
    }
  ],
  "fallbacks_applied": [],
  "conflicts_detected": [],
  "data": {
    "schema_version": "1.7",
    "kind": "diff_impact",
    "proof_scope": "post_change",
    "diff_identity": {
      "target": "HEAD",
      "staged": false,
      "working_tree": true
    },
    "changed_files": [
      "plan/python-c-monorepo/evidence/completion-goals/M3c/20260906-recovery-v1/claims.log",
      "plan/python-c-monorepo/evidence/completion-goals/M3c/20260906-recovery-v1/doctor.log",
      "plan/python-c-monorepo/evidence/completion-goals/M3c/20260906-recovery-v1/full-pytest.log",
      "plan/python-c-monorepo/evidence/completion-goals/M3c/20260906-recovery-v1/impact.log",
      "plan/python-c-monorepo/evidence/completion-goals/M3c/20260906-recovery-v1/lint.log",
      "plan/python-c-monorepo/evidence/completion-goals/M3c/20260906-recovery-v1/quality.log",
      "plan/python-c-monorepo/evidence/completion-goals/M3c/20260906-recovery-v1/reconcile.log",
      "plan/python-c-monorepo/evidence/completion-goals/M3c/20260906-recovery-v1/types.log",
      "plan/python-c-monorepo/trusted-opt-in-runbook.md",
      "plan/remaining-work-phased-plan-2026-09-05.md",
      "src/sot_graph/providers/admin.py",
      "src/sot_graph/providers/trusted_config.py",
      "tests/test_engine_trusted_config.py",
      "tests/test_managed_config_recovery.py",
      "tests/test_trusted_managed_config.py"
    ],
    "changed_files_total": 15,
    "changed_files_truncated": false,
    "direct_nodes": [
      {
        "id": "file:051819ccb3cb",
        "path": "/Users/giapminh79/code/GitHub/sot-graph/plan/python-c-monorepo/trusted-opt-in-runbook.md",
        "kind": "file",
        "symbol": "trusted-opt-in-runbook.md",
        "fqn": "plan.python-c-monorepo.trusted-opt-in-runbook.md",
        "label": "File: plan/python-c-monorepo/trusted-opt-in-runbook.md",
        "line_start": 1,
        "line_end": 133,
        "change_type": "modified",
        "intersected_lines": [
          [
            5,
            5
          ],
          [
            31,
            31
          ],
          [
            35,
            35
          ],
          [
            91,
            116
          ],
          [
            121,
            121
          ],
          [
            132,
            132
          ]
        ]
      },
      {
        "id": "file:7b2e2b978702",
        "path": "/Users/giapminh79/code/GitHub/sot-graph/plan/remaining-work-phased-plan-2026-09-05.md",
        "kind": "file",
        "symbol": "remaining-work-phased-plan-2026-09-05.md",
        "fqn": "plan.remaining-work-phased-plan-2026-09-05.md",
        "label": "File: plan/remaining-work-phased-plan-2026-09-05.md",
        "line_start": 1,
        "line_end": 149,
        "change_type": "modified",
        "intersected_lines": [
          [
            1,
            148
          ]
        ]
      },
      {
        "id": "file:f2ac5e6c7a1c",
        "path": "/Users/giapminh79/code/GitHub/sot-graph/src/sot_graph/providers/admin.py",
        "kind": "file",
        "symbol": "admin.py",
        "fqn": "sot_graph.providers.admin",
        "label": "File: src/sot_graph/providers/admin.py",
        "line_start": 1,
        "line_end": 197,
        "change_type": "modified",
        "intersected_lines": [
          [
            17,
            17
          ],
          [
            29,
            30
          ],
          [
            72,
            72
          ],
          [
            94,
            97
          ]
        ]
      },
      {
        "id": "sym:f2ac5e6c7a1c:add_parser",
        "path": "/Users/giapminh79/code/GitHub/sot-graph/src/sot_graph/providers/admin.py",
        "kind": "function",
        "symbol": "add_parser",
        "fqn": "sot_graph.providers.admin.add_parser",
        "label": "def add_parser \u2014 src/sot_graph/providers/admin.py:15",
        "line_start": 15,
        "line_end": 39,
        "change_type": "modified",
        "intersected_lines": [
          [
            17,
            17
          ],
          [
            29,
            30
          ]
        ]
      },
      {
        "id": "sym:f2ac5e6c7a1c:run",
        "path": "/Users/giapminh79/code/GitHub/sot-graph/src/sot_graph/providers/admin.py",
        "kind": "function",
        "symbol": "run",
        "fqn": "sot_graph.providers.admin.run",
        "label": "def run \u2014 src/sot_graph/providers/admin.py:69",
        "line_start": 69,
        "line_end": 196,
        "change_type": "modified",
        "intersected_lines": [
          [
            72,
            72
          ],
          [
            94,
            97
          ]
        ]
      },
      {
        "id": "file:0b1fac0e53d6",
        "path": "/Users/giapminh79/code/GitHub/sot-graph/src/sot_graph/providers/trusted_config.py",
        "kind": "file",
        "symbol": "trusted_config.py",
        "fqn": "sot_graph.providers.trusted_config",
        "label": "File: src/sot_graph/providers/trusted_config.py",
        "line_start": 1,
        "line_end": 375,
        "change_type": "modified",
        "intersected_lines": [
          [
            297,
            374
          ]
        ]
      },
      {
        "id": "sym:0b1fac0e53d6:managed_config_status",
        "path": "/Users/giapminh79/code/GitHub/sot-graph/src/sot_graph/providers/trusted_config.py",
        "kind": "function",
        "symbol": "managed_config_status",
        "fqn": "sot_graph.providers.trusted_config.managed_config_status",
        "label": "def managed_config_status \u2014 src/sot_graph/providers/trusted_config.py:296",
        "line_start": 296,
        "line_end": 374,
        "change_type": "modified",
        "intersected_lines": [
          [
            297,
            374
          ]
        ]
      },
      {
        "id": "sym:0b1fac0e53d6:managed_config_status.refuse",
        "path": "/Users/giapminh79/code/GitHub/sot-graph/src/sot_graph/providers/trusted_config.py",
        "kind": "method",
        "symbol": "managed_config_status.refuse",
        "fqn": "sot_graph.providers.trusted_config.managed_config_status.refuse",
        "label": "def refuse \u2014 src/sot_graph/providers/trusted_config.py:313",
        "line_start": 313,
        "line_end": 316,
        "change_type": "modified",
        "intersected_lines": [
          [
            297,
            374
          ]
        ]
      },
      {
        "id": "file:42626f773bdb",
        "path": "/Users/giapminh79/code/GitHub/sot-graph/tests/test_engine_trusted_config.py",
        "kind": "file",
        "symbol": "test_engine_trusted_config.py",
        "fqn": "tests.test_engine_trusted_config",
        "label": "File: tests/test_engine_trusted_config.py",
        "line_start": 1,
        "line_end": 81,
        "change_type": "modified",
        "intersected_lines": [
          [
            21,
            31
          ],
          [
            38,
            38
          ],
          [
            42,
            49
          ],
          [
            51,
            61
          ]
        ]
      },
      {
        "id": "sym:42626f773bdb:test_cli_register_status_disable_persist_without_native",
        "path": "/Users/giapminh79/code/GitHub/sot-graph/tests/test_engine_trusted_config.py",
        "kind": "function",
        "symbol": "test_cli_register_status_disable_persist_without_native",
        "fqn": "tests.test_engine_trusted_config.test_cli_register_status_disable_persist_without_native",
        "label": "def test_cli_register_status_disable_persist_without_native \u2014 tests/test_engine_trusted_config.py:13",
        "line_start": 13,
        "line_end": 35,
        "change_type": "modified",
        "intersected_lines": [
          [
            21,
            31
          ]
        ]
      },
      {
        "id": "sym:42626f773bdb:test_cli_default_off_does_not_create_config",
        "path": "/Users/giapminh79/code/GitHub/sot-graph/tests/test_engine_trusted_config.py",
        "kind": "function",
        "symbol": "test_cli_default_off_does_not_create_config",
        "fqn": "tests.test_engine_trusted_config.test_cli_default_off_does_not_create_config",
        "label": "def test_cli_default_off_does_not_create_config \u2014 tests/test_engine_trusted_config.py:38",
        "line_start": 38,
        "line_end": 63,
        "change_type": "modified",
        "intersected_lines": [
          [
            38,
            38
          ],
          [
            42,
            49
          ],
          [
            51,
            61
          ]
        ]
      },
      {
        "id": "file:79099f3a4874",
        "path": "/Users/giapminh79/code/GitHub/sot-graph/tests/test_managed_config_recovery.py",
        "kind": "file",
        "symbol": "test_managed_config_recovery.py",
        "fqn": "tests.test_managed_config_recovery",
        "label": "File: tests/test_managed_config_recovery.py",
        "line_start": 1,
        "line_end": 268,
        "change_type": "modified",
        "intersected_lines": [
          [
            1,
            267
          ]
        ]
      },
      {
        "id": "sym:79099f3a4874:snapshot",
        "path": "/Users/giapminh79/code/GitHub/sot-graph/tests/test_managed_config_recovery.py",
        "kind": "function",
        "symbol": "snapshot",
        "fqn": "tests.test_managed_config_recovery.snapshot",
        "label": "def snapshot \u2014 tests/test_managed_config_recovery.py:20",
        "line_start": 20,
        "line_end": 22,
        "change_type": "modified",
        "intersected_lines": [
          [
            1,
            267
          ]
        ]
      },
      {
        "id": "sym:79099f3a4874:observe",
        "path": "/Users/giapminh79/code/GitHub/sot-graph/tests/test_managed_config_recovery.py",
        "kind": "function",
        "symbol": "observe",
        "fqn": "tests.test_managed_config_recovery.observe",
        "label": "def observe \u2014 tests/test_managed_config_recovery.py:25",
        "line_start": 25,
        "line_end": 35,
        "change_type": "modified",
        "intersected_lines": [
          [
            1,
            267
          ]
        ]
      },
      {
        "id": "sym:79099f3a4874:test_restart_loads_persisted_binding_without_runtime_preparation",
        "path": "/Users/giapminh79/code/GitHub/sot-graph/tests/test_managed_config_recovery.py",
        "kind": "function",
        "symbol": "test_restart_loads_persisted_binding_without_runtime_preparation",
        "fqn": "tests.test_managed_config_recovery.test_restart_loads_persisted_binding_without_runtime_preparation",
        "label": "def test_restart_loads_persisted_binding_without_runtime_preparation \u2014 tests/test_managed_config_recovery.py:38",
        "line_start": 38,
        "line_end": 61,
        "change_type": "modified",
        "intersected_lines": [
          [
            1,
            267
          ]
        ]
      },
      {
        "id": "sym:79099f3a4874:test_persisted_failures_have_fixed_safe_remediation",
        "path": "/Users/giapminh79/code/GitHub/sot-graph/tests/test_managed_config_recovery.py",
        "kind": "function",
        "symbol": "test_persisted_failures_have_fixed_safe_remediation",
        "fqn": "tests.test_managed_config_recovery.test_persisted_failures_have_fixed_safe_remediation",
        "label": "def test_persisted_failures_have_fixed_safe_remediation \u2014 tests/test_managed_config_recovery.py:71",
        "line_start": 71,
        "line_end": 97,
        "change_type": "modified",
        "intersected_lines": [
          [
            1,
            267
          ]
        ]
      },
      {
        "id": "sym:79099f3a4874:test_artifact_resolver_exceptions_are_sanitized",
        "path": "/Users/giapminh79/code/GitHub/sot-graph/tests/test_managed_config_recovery.py",
        "kind": "function",
        "symbol": "test_artifact_resolver_exceptions_are_sanitized",
        "fqn": "tests.test_managed_config_recovery.test_artifact_resolver_exceptions_are_sanitized",
        "label": "def test_artifact_resolver_exceptions_are_sanitized \u2014 tests/test_managed_config_recovery.py:101",
        "line_start": 101,
        "line_end": 119,
        "change_type": "modified",
        "intersected_lines": [
          [
            1,
            267
          ]
        ]
      },
      {
        "id": "sym:79099f3a4874:test_artifact_resolver_exceptions_are_sanitized.broken_resolve",
        "path": "/Users/giapminh79/code/GitHub/sot-graph/tests/test_managed_config_recovery.py",
        "kind": "method",
        "symbol": "test_artifact_resolver_exceptions_are_sanitized.broken_resolve",
        "fqn": "tests.test_managed_config_recovery.test_artifact_resolver_exceptions_are_sanitized.broken_resolve",
        "label": "def broken_resolve \u2014 tests/test_managed_config_recovery.py:105",
        "line_start": 105,
        "line_end": 106,
        "change_type": "modified",
        "intersected_lines": [
          [
            1,
            267
          ]
        ]
      },
      {
        "id": "sym:79099f3a4874:test_installation_and_profile_runtime_errors_are_sanitized",
        "path": "/Users/giapminh79/code/GitHub/sot-graph/tests/test_managed_config_recovery.py",
        "kind": "function",
        "symbol": "test_installation_and_profile_runtime_errors_are_sanitized",
        "fqn": "tests.test_managed_config_recovery.test_installation_and_profile_runtime_errors_are_sanitized",
        "label": "def test_installation_and_profile_runtime_errors_are_sanitized \u2014 tests/test_managed_config_recovery.py:126",
        "line_start": 126,
        "line_end": 151,
        "change_type": "modified",
        "intersected_lines": [
          [
            1,
            267
          ]
        ]
      },
      {
        "id": "sym:79099f3a4874:test_installation_and_profile_runtime_errors_are_sanitized.broken",
        "path": "/Users/giapminh79/code/GitHub/sot-graph/tests/test_managed_config_recovery.py",
        "kind": "method",
        "symbol": "test_installation_and_profile_runtime_errors_are_sanitized.broken",
        "fqn": "tests.test_managed_config_recovery.test_installation_and_profile_runtime_errors_are_sanitized.broken",
        "label": "def broken \u2014 tests/test_managed_config_recovery.py:130",
        "line_start": 130,
        "line_end": 131,
        "change_type": "modified",
        "intersected_lines": [
          [
            1,
            267
          ]
        ]
      },
      {
        "id": "sym:79099f3a4874:test_unsupported_platform_diagnostics_refuse_but_default_loader_stays_off",
        "path": "/Users/giapminh79/code/GitHub/sot-graph/tests/test_managed_config_recovery.py",
        "kind": "function",
        "symbol": "test_unsupported_platform_diagnostics_refuse_but_default_loader_stays_off",
        "fqn": "tests.test_managed_config_recovery.test_unsupported_platform_diagnostics_refuse_but_default_loader_stays_off",
        "label": "def test_unsupported_platform_diagnostics_refuse_but_default_loader_stays_off \u2014 tests/test_managed_config_recovery.py:154",
        "line_start": 154,
        "line_end": 172,
        "change_type": "modified",
        "intersected_lines": [
          [
            1,
            267
          ]
        ]
      },
      {
        "id": "sym:79099f3a4874:test_synthetic_foreign_profile_is_quarantined_without_native_schema_claim",
        "path": "/Users/giapminh79/code/GitHub/sot-graph/tests/test_managed_config_recovery.py",
        "kind": "function",
        "symbol": "test_synthetic_foreign_profile_is_quarantined_without_native_schema_claim",
        "fqn": "tests.test_managed_config_recovery.test_synthetic_foreign_profile_is_quarantined_without_native_schema_claim",
        "label": "def test_synthetic_foreign_profile_is_quarantined_without_native_schema_claim \u2014 tests/test_managed_config_recovery.py:175",
        "line_start": 175,
        "line_end": 194,
        "change_type": "modified",
        "intersected_lines": [
          [
            1,
            267
          ]
        ]
      },
      {
        "id": "sym:79099f3a4874:test_disable_preserves_notes_evidence_and_index_without_artifact_resolution",
        "path": "/Users/giapminh79/code/GitHub/sot-graph/tests/test_managed_config_recovery.py",
        "kind": "function",
        "symbol": "test_disable_preserves_notes_evidence_and_index_without_artifact_resolution",
        "fqn": "tests.test_managed_config_recovery.test_disable_preserves_notes_evidence_and_index_without_artifact_resolution",
        "label": "def test_disable_preserves_notes_evidence_and_index_without_artifact_resolution \u2014 tests/test_managed_config_recovery.py:197",
        "line_start": 197,
        "line_end": 213,
        "change_type": "modified",
        "intersected_lines": [
          [
            1,
            267
          ]
        ]
      },
      {
        "id": "sym:79099f3a4874:test_disable_preserves_notes_evidence_and_index_without_artifact_resolution.forbidden",
        "path": "/Users/giapminh79/code/GitHub/sot-graph/tests/test_managed_config_recovery.py",
        "kind": "method",
        "symbol": "test_disable_preserves_notes_evidence_and_index_without_artifact_resolution.forbidden",
        "fqn": "tests.test_managed_config_recovery.test_disable_preserves_notes_evidence_and_index_without_artifact_resolution.forbidden",
        "label": "def forbidden \u2014 tests/test_managed_config_recovery.py:205",
        "line_start": 205,
        "line_end": 206,
        "change_type": "modified",
        "intersected_lines": [
          [
            1,
            267
          ]
        ]
      },
      {
        "id": "sym:79099f3a4874:test_different_digest_refuses_then_verified_old_artifact_rollback_restores_binding",
        "path": "/Users/giapminh79/code/GitHub/sot-graph/tests/test_managed_config_recovery.py",
        "kind": "function",
        "symbol": "test_different_digest_refuses_then_verified_old_artifact_rollback_restores_binding",
        "fqn": "tests.test_managed_config_recovery.test_different_digest_refuses_then_verified_old_artifact_rollback_restores_binding",
        "label": "def test_different_digest_refuses_then_verified_old_artifact_rollback_restores_binding \u2014 tests/test_managed_config_recovery.py:216",
        "line_start": 216,
        "line_end": 242,
        "change_type": "modified",
        "intersected_lines": [
          [
            1,
            267
          ]
        ]
      },
      {
        "id": "sym:79099f3a4874:test_cli_diagnostics_are_store_optional_read_only_and_never_index",
        "path": "/Users/giapminh79/code/GitHub/sot-graph/tests/test_managed_config_recovery.py",
        "kind": "function",
        "symbol": "test_cli_diagnostics_are_store_optional_read_only_and_never_index",
        "fqn": "tests.test_managed_config_recovery.test_cli_diagnostics_are_store_optional_read_only_and_never_index",
        "label": "def test_cli_diagnostics_are_store_optional_read_only_and_never_index \u2014 tests/test_managed_config_recovery.py:247",
        "line_start": 247,
        "line_end": 267,
        "change_type": "modified",
        "intersected_lines": [
          [
            1,
            267
          ]
        ]
      },
      {
        "id": "sym:79099f3a4874:test_cli_diagnostics_are_store_optional_read_only_and_never_index.forbidden",
        "path": "/Users/giapminh79/code/GitHub/sot-graph/tests/test_managed_config_recovery.py",
        "kind": "method",
        "symbol": "test_cli_diagnostics_are_store_optional_read_only_and_never_index.forbidden",
        "fqn": "tests.test_managed_config_recovery.test_cli_diagnostics_are_store_optional_read_only_and_never_index.forbidden",
        "label": "def forbidden \u2014 tests/test_managed_config_recovery.py:255",
        "line_start": 255,
        "line_end": 256,
        "change_type": "modified",
        "intersected_lines": [
          [
            1,
            267
          ]
        ]
      },
      {
        "id": "file:1dbbec2c433c",
        "path": "/Users/giapminh79/code/GitHub/sot-graph/tests/test_trusted_managed_config.py",
        "kind": "file",
        "symbol": "test_trusted_managed_config.py",
        "fqn": "tests.test_trusted_managed_config",
        "label": "File: tests/test_trusted_managed_config.py",
        "line_start": 1,
        "line_end": 399,
        "change_type": "modified",
        "intersected_lines": [
          [
            269,
            276
          ],
          [
            379,
            385
          ]
        ]
      },
      {
        "id": "sym:1dbbec2c433c:test_unsupported_platform_defaults_off_but_explicit_admin_refuses",
        "path": "/Users/giapminh79/code/GitHub/sot-graph/tests/test_trusted_managed_config.py",
        "kind": "function",
        "symbol": "test_unsupported_platform_defaults_off_but_explicit_admin_refuses",
        "fqn": "tests.test_trusted_managed_config.test_unsupported_platform_defaults_off_but_explicit_admin_refuses",
        "label": "def test_unsupported_platform_defaults_off_but_explicit_admin_refuses \u2014 tests/test_trusted_managed_config.py:248",
        "line_start": 248,
        "line_end": 276,
        "change_type": "modified",
        "intersected_lines": [
          [
            269,
            276
          ]
        ]
      },
      {
        "id": "sym:1dbbec2c433c:test_malformed_unrelated_project_blocks_load_and_disable_without_rewriting",
        "path": "/Users/giapminh79/code/GitHub/sot-graph/tests/test_trusted_managed_config.py",
        "kind": "function",
        "symbol": "test_malformed_unrelated_project_blocks_load_and_disable_without_rewriting",
        "fqn": "tests.test_trusted_managed_config.test_malformed_unrelated_project_blocks_load_and_disable_without_rewriting",
        "label": "def test_malformed_unrelated_project_blocks_load_and_disable_without_rewriting \u2014 tests/test_trusted_managed_config.py:363",
        "line_start": 363,
        "line_end": 386,
        "change_type": "modified",
        "intersected_lines": [
          [
            379,
            385
          ]
        ]
      }
    ],
    "caller_impacts": [
      {
        "id": "sym:11e43dd9b5a3:main",
        "path": "/Users/giapminh79/code/GitHub/sot-graph/scripts/bench_sg201_sg202_exit_gates.py",
        "kind": "function",
        "symbol": "main",
        "fqn": "scripts.bench_sg201_sg202_exit_gates.main",
        "label": "def main \u2014 scripts/bench_sg201_sg202_exit_gates.py:237",
        "line_start": 237,
        "depth": 1,
        "via_relation": "calls",
        "callee_id": "sym:f2ac5e6c7a1c:add_parser",
        "callee_symbol": "add_parser"
      },
      {
        "id": "file:a299afe5c13c",
        "path": "/Users/giapminh79/code/GitHub/sot-graph/src/sot_graph/cli.py",
        "kind": "file",
        "symbol": "cli.py",
        "fqn": "sot_graph.cli",
        "label": "File: src/sot_graph/cli.py",
        "line_start": 1,
        "depth": 1,
        "via_relation": "imports",
        "callee_id": "sym:f2ac5e6c7a1c:add_parser",
        "callee_symbol": "add_parser"
      },
      {
        "id": "sym:a299afe5c13c:build_parser",
        "path": "/Users/giapminh79/code/GitHub/sot-graph/src/sot_graph/cli.py",
        "kind": "function",
        "symbol": "build_parser",
        "fqn": "sot_graph.cli.build_parser",
        "label": "def build_parser \u2014 src/sot_graph/cli.py:2170",
        "line_start": 2170,
        "depth": 1,
        "via_relation": "calls",
        "callee_id": "sym:f2ac5e6c7a1c:add_parser",
        "callee_symbol": "add_parser"
      },
      {
        "id": "sym:a299afe5c13c:main",
        "path": "/Users/giapminh79/code/GitHub/sot-graph/src/sot_graph/cli.py",
        "kind": "function",
        "symbol": "main",
        "fqn": "sot_graph.cli.main",
        "label": "def main \u2014 src/sot_graph/cli.py:2513",
        "line_start": 2513,
        "depth": 1,
        "via_relation": "calls",
        "callee_id": "sym:f2ac5e6c7a1c:run",
        "callee_symbol": "run"
      },
      {
        "id": "sym:6760c8ade414:run_stdio",
        "path": "/Users/giapminh79/code/GitHub/sot-graph/src/sot_graph/mcp_server.py",
        "kind": "function",
        "symbol": "run_stdio",
        "fqn": "sot_graph.mcp_server.run_stdio",
        "label": "async def run_stdio \u2014 src/sot_graph/mcp_server.py:758",
        "line_start": 758,
        "depth": 1,
        "via_relation": "calls",
        "callee_id": "sym:f2ac5e6c7a1c:run",
        "callee_symbol": "run"
      },
      {
        "id": "sym:1dbbec2c433c:test_missing_configuration_is_default_off_without_mkdir",
        "path": "/Users/giapminh79/code/GitHub/sot-graph/tests/test_trusted_managed_config.py",
        "kind": "function",
        "symbol": "test_missing_configuration_is_default_off_without_mkdir",
        "fqn": "tests.test_trusted_managed_config.test_missing_configuration_is_default_off_without_mkdir",
        "label": "def test_missing_configuration_is_default_off_without_mkdir \u2014 tests/test_trusted_managed_config.py:62",
        "line_start": 62,
        "depth": 1,
        "via_relation": "calls",
        "callee_id": "sym:0b1fac0e53d6:managed_config_status",
        "callee_symbol": "managed_config_status"
      },
      {
        "id": "sym:1dbbec2c433c:test_disable_preserves_repository_evidence_and_does_not_resolve",
        "path": "/Users/giapminh79/code/GitHub/sot-graph/tests/test_trusted_managed_config.py",
        "kind": "function",
        "symbol": "test_disable_preserves_repository_evidence_and_does_not_resolve",
        "fqn": "tests.test_trusted_managed_config.test_disable_preserves_repository_evidence_and_does_not_resolve",
        "label": "def test_disable_preserves_repository_evidence_and_does_not_resolve \u2014 tests/test_trusted_managed_config.py:175",
        "line_start": 175,
        "depth": 1,
        "via_relation": "calls",
        "callee_id": "sym:0b1fac0e53d6:managed_config_status",
        "callee_symbol": "managed_config_status"
      },
      {
        "id": "file:a19ed4a6c769",
        "path": "/Users/giapminh79/code/GitHub/sot-graph/scripts/adapter_docs_check.py",
        "kind": "file",
        "symbol": "adapter_docs_check.py",
        "fqn": "scripts.adapter_docs_check",
        "label": "File: scripts/adapter_docs_check.py",
        "line_start": 1,
        "depth": 2,
        "via_relation": "imports",
        "callee_id": "sym:a299afe5c13c:build_parser",
        "callee_symbol": "build_parser"
      },
      {
        "id": "sym:a19ed4a6c769:CliTruth.__init__",
        "path": "/Users/giapminh79/code/GitHub/sot-graph/scripts/adapter_docs_check.py",
        "kind": "method",
        "symbol": "CliTruth.__init__",
        "fqn": "scripts.adapter_docs_check.CliTruth.__init__",
        "label": "def __init__ \u2014 scripts/adapter_docs_check.py:146",
        "line_start": 146,
        "depth": 2,
        "via_relation": "calls",
        "callee_id": "sym:a299afe5c13c:build_parser",
        "callee_symbol": "build_parser"
      },
      {
        "id": "file:d96f963a2a22",
        "path": "/Users/giapminh79/code/GitHub/sot-graph/scripts/module_eval.py",
        "kind": "file",
        "symbol": "module_eval.py",
        "fqn": "scripts.module_eval",
        "label": "File: scripts/module_eval.py",
        "line_start": 1,
        "depth": 2,
        "via_relation": "imports",
        "callee_id": "sym:a299afe5c13c:build_parser",
        "callee_symbol": "build_parser"
      },
      {
        "id": "sym:d96f963a2a22:_probe_cli_hybrid_scope_ignored",
        "path": "/Users/giapminh79/code/GitHub/sot-graph/scripts/module_eval.py",
        "kind": "function",
        "symbol": "_probe_cli_hybrid_scope_ignored",
        "fqn": "scripts.module_eval._probe_cli_hybrid_scope_ignored",
        "label": "def _probe_cli_hybrid_scope_ignored \u2014 scripts/module_eval.py:271",
        "line_start": 271,
        "depth": 2,
        "via_relation": "calls",
        "callee_id": "sym:a299afe5c13c:build_parser",
        "callee_symbol": "build_parser"
      },
      {
        "id": "sym:6760c8ade414:main",
        "path": "/Users/giapminh79/code/GitHub/sot-graph/src/sot_graph/mcp_server.py",
        "kind": "function",
        "symbol": "main",
        "fqn": "sot_graph.mcp_server.main",
        "label": "def main \u2014 src/sot_graph/mcp_server.py:769",
        "line_start": 769,
        "depth": 2,
        "via_relation": "calls",
        "callee_id": "sym:6760c8ade414:run_stdio",
        "callee_symbol": "run_stdio"
      },
      {
        "id": "file:7d61a587199b",
        "path": "/Users/giapminh79/code/GitHub/sot-graph/tests/test_adapters.py",
        "kind": "file",
        "symbol": "test_adapters.py",
        "fqn": "tests.test_adapters",
        "label": "File: tests/test_adapters.py",
        "line_start": 1,
        "depth": 2,
        "via_relation": "imports",
        "callee_id": "sym:a299afe5c13c:build_parser",
        "callee_symbol": "build_parser"
      },
      {
        "id": "sym:7d61a587199b:TestHarnessAdapters.test_cli_setup_pi_alias",
        "path": "/Users/giapminh79/code/GitHub/sot-graph/tests/test_adapters.py",
        "kind": "method",
        "symbol": "TestHarnessAdapters.test_cli_setup_pi_alias",
        "fqn": "tests.test_adapters.TestHarnessAdapters.test_cli_setup_pi_alias",
        "label": "def test_cli_setup_pi_alias \u2014 tests/test_adapters.py:178",
        "line_start": 178,
        "depth": 2,
        "via_relation": "calls",
        "callee_id": "sym:a299afe5c13c:build_parser",
        "callee_symbol": "build_parser"
      },
      {
        "id": "sym:7d61a587199b:TestHarnessAdapters.test_cli_setup_command",
        "path": "/Users/giapminh79/code/GitHub/sot-graph/tests/test_adapters.py",
        "kind": "method",
        "symbol": "TestHarnessAdapters.test_cli_setup_command",
        "fqn": "tests.test_adapters.TestHarnessAdapters.test_cli_setup_command",
        "label": "def test_cli_setup_command \u2014 tests/test_adapters.py:187",
        "line_start": 187,
        "depth": 2,
        "via_relation": "calls",
        "callee_id": "sym:a299afe5c13c:build_parser",
        "callee_symbol": "build_parser"
      },
      {
        "id": "file:98baf308e487",
        "path": "/Users/giapminh79/code/GitHub/sot-graph/tests/test_analytics.py",
        "kind": "file",
        "symbol": "test_analytics.py",
        "fqn": "tests.test_analytics",
        "label": "File: tests/test_analytics.py",
        "line_start": 1,
        "depth": 2,
        "via_relation": "imports",
        "callee_id": "sym:a299afe5c13c:build_parser",
        "callee_symbol": "build_parser"
      },
      {
        "id": "sym:98baf308e487:AnalyticsTests.test_cli_report_and_cluster_commands",
        "path": "/Users/giapminh79/code/GitHub/sot-graph/tests/test_analytics.py",
        "kind": "method",
        "symbol": "AnalyticsTests.test_cli_report_and_cluster_commands",
        "fqn": "tests.test_analytics.AnalyticsTests.test_cli_report_and_cluster_commands",
        "label": "def test_cli_report_and_cluster_commands \u2014 tests/test_analytics.py:204",
        "line_start": 204,
        "depth": 2,
        "via_relation": "calls",
        "callee_id": "sym:a299afe5c13c:build_parser",
        "callee_symbol": "build_parser"
      },
      {
        "id": "file:d2961abaf2fd",
        "path": "/Users/giapminh79/code/GitHub/sot-graph/tests/test_bundle.py",
        "kind": "file",
        "symbol": "test_bundle.py",
        "fqn": "tests.test_bundle",
        "label": "File: tests/test_bundle.py",
        "line_start": 1,
        "depth": 2,
        "via_relation": "imports",
        "callee_id": "sym:a299afe5c13c:build_parser",
        "callee_symbol": "build_parser"
      },
      {
        "id": "sym:d2961abaf2fd:TestArchitectureBundler.test_cli_cmd_bundle",
        "path": "/Users/giapminh79/code/GitHub/sot-graph/tests/test_bundle.py",
        "kind": "method",
        "symbol": "TestArchitectureBundler.test_cli_cmd_bundle",
        "fqn": "tests.test_bundle.TestArchitectureBundler.test_cli_cmd_bundle",
        "label": "def test_cli_cmd_bundle \u2014 tests/test_bundle.py:98",
        "line_start": 98,
        "depth": 2,
        "via_relation": "calls",
        "callee_id": "sym:a299afe5c13c:build_parser",
        "callee_symbol": "build_parser"
      },
      {
        "id": "file:af09c15f617b",
        "path": "/Users/giapminh79/code/GitHub/sot-graph/tests/test_cli_provider_wiring.py",
        "kind": "file",
        "symbol": "test_cli_provider_wiring.py",
        "fqn": "tests.test_cli_provider_wiring",
        "label": "File: tests/test_cli_provider_wiring.py",
        "line_start": 1,
        "depth": 2,
        "via_relation": "imports",
        "callee_id": "sym:a299afe5c13c:main",
        "callee_symbol": "main"
      },
      {
        "id": "sym:af09c15f617b:TestBuiltinDefault.test_default_builtin_never_spawns",
        "path": "/Users/giapminh79/code/GitHub/sot-graph/tests/test_cli_provider_wiring.py",
        "kind": "method",
        "symbol": "TestBuiltinDefault.test_default_builtin_never_spawns",
        "fqn": "tests.test_cli_provider_wiring.TestBuiltinDefault.test_default_builtin_never_spawns",
        "label": "def test_default_builtin_never_spawns \u2014 tests/test_cli_provider_wiring.py:158",
        "line_start": 158,
        "depth": 2,
        "via_relation": "calls",
        "callee_id": "sym:a299afe5c13c:main",
        "callee_symbol": "main"
      },
      {
        "id": "sym:af09c15f617b:TestBuiltinDefault.test_explicit_builtin_flag_identical",
        "path": "/Users/giapminh79/code/GitHub/sot-graph/tests/test_cli_provider_wiring.py",
        "kind": "method",
        "symbol": "TestBuiltinDefault.test_explicit_builtin_flag_identical",
        "fqn": "tests.test_cli_provider_wiring.TestBuiltinDefault.test_explicit_builtin_flag_identical",
        "label": "def test_explicit_builtin_flag_identical \u2014 tests/test_cli_provider_wiring.py:168",
        "line_start": 168,
        "depth": 2,
        "via_relation": "calls",
        "callee_id": "sym:a299afe5c13c:main",
        "callee_symbol": "main"
      },
      {
        "id": "sym:af09c15f617b:TestAllowExternalGate.test_blocked_prefer_warns_and_falls_back",
        "path": "/Users/giapminh79/code/GitHub/sot-graph/tests/test_cli_provider_wiring.py",
        "kind": "method",
        "symbol": "TestAllowExternalGate.test_blocked_prefer_warns_and_falls_back",
        "fqn": "tests.test_cli_provider_wiring.TestAllowExternalGate.test_blocked_prefer_warns_and_falls_back",
        "label": "def test_blocked_prefer_warns_and_falls_back \u2014 tests/test_cli_provider_wiring.py:178",
        "line_start": 178,
        "depth": 2,
        "via_relation": "calls",
        "callee_id": "sym:a299afe5c13c:main",
        "callee_symbol": "main"
      },
      {
        "id": "sym:af09c15f617b:TestAllowExternalGate.test_blocked_require_fails_closed",
        "path": "/Users/giapminh79/code/GitHub/sot-graph/tests/test_cli_provider_wiring.py",
        "kind": "method",
        "symbol": "TestAllowExternalGate.test_blocked_require_fails_closed",
        "fqn": "tests.test_cli_provider_wiring.TestAllowExternalGate.test_blocked_require_fails_closed",
        "label": "def test_blocked_require_fails_closed \u2014 tests/test_cli_provider_wiring.py:193",
        "line_start": 193,
        "depth": 2,
        "via_relation": "calls",
        "callee_id": "sym:a299afe5c13c:main",
        "callee_symbol": "main"
      },
      {
        "id": "sym:af09c15f617b:TestAllowExternalGate.test_invalid_spec_rejected",
        "path": "/Users/giapminh79/code/GitHub/sot-graph/tests/test_cli_provider_wiring.py",
        "kind": "method",
        "symbol": "TestAllowExternalGate.test_invalid_spec_rejected",
        "fqn": "tests.test_cli_provider_wiring.TestAllowExternalGate.test_invalid_spec_rejected",
        "label": "def test_invalid_spec_rejected \u2014 tests/test_cli_provider_wiring.py:204",
        "line_start": 204,
        "depth": 2,
        "via_relation": "calls",
        "callee_id": "sym:a299afe5c13c:main",
        "callee_symbol": "main"
      },
      {
        "id": "sym:af09c15f617b:TestRequireFailsClosedUnhealthy.test_unhealthy_binary_require_exits_nonzero",
        "path": "/Users/giapminh79/code/GitHub/sot-graph/tests/test_cli_provider_wiring.py",
        "kind": "method",
        "symbol": "TestRequireFailsClosedUnhealthy.test_unhealthy_binary_require_exits_nonzero",
        "fqn": "tests.test_cli_provider_wiring.TestRequireFailsClosedUnhealthy.test_unhealthy_binary_require_exits_nonzero",
        "label": "def test_unhealthy_binary_require_exits_nonzero \u2014 tests/test_cli_provider_wiring.py:213",
        "line_start": 213,
        "depth": 2,
        "via_relation": "calls",
        "callee_id": "sym:a299afe5c13c:main",
        "callee_symbol": "main"
      },
      {
        "id": "sym:af09c15f617b:TestRequireFailsClosedUnhealthy.test_missing_binary_prefer_falls_back",
        "path": "/Users/giapminh79/code/GitHub/sot-graph/tests/test_cli_provider_wiring.py",
        "kind": "method",
        "symbol": "TestRequireFailsClosedUnhealthy.test_missing_binary_prefer_falls_back",
        "fqn": "tests.test_cli_provider_wiring.TestRequireFailsClosedUnhealthy.test_missing_binary_prefer_falls_back",
        "label": "def test_missing_binary_prefer_falls_back \u2014 tests/test_cli_provider_wiring.py:227",
        "line_start": 227,
        "depth": 2,
        "via_relation": "calls",
        "callee_id": "sym:a299afe5c13c:main",
        "callee_symbol": "main"
      },
      {
        "id": "sym:af09c15f617b:TestMergeOrderAndVerdict.test_candidates_after_builtin_with_ceiling_and_provider_tag",
        "path": "/Users/giapminh79/code/GitHub/sot-graph/tests/test_cli_provider_wiring.py",
        "kind": "method",
        "symbol": "TestMergeOrderAndVerdict.test_candidates_after_builtin_with_ceiling_and_provider_tag",
        "fqn": "tests.test_cli_provider_wiring.TestMergeOrderAndVerdict.test_candidates_after_builtin_with_ceiling_and_provider_tag",
        "label": "def test_candidates_after_builtin_with_ceiling_and_provider_tag \u2014 tests/test_cli_provider_wiring.py:256",
        "line_start": 256,
        "depth": 2,
        "via_relation": "calls",
        "callee_id": "sym:a299afe5c13c:main",
        "callee_symbol": "main"
      },
      {
        "id": "sym:af09c15f617b:TestMergeOrderAndVerdict.test_target_mismatch_recorded_as_conflict",
        "path": "/Users/giapminh79/code/GitHub/sot-graph/tests/test_cli_provider_wiring.py",
        "kind": "method",
        "symbol": "TestMergeOrderAndVerdict.test_target_mismatch_recorded_as_conflict",
        "fqn": "tests.test_cli_provider_wiring.TestMergeOrderAndVerdict.test_target_mismatch_recorded_as_conflict",
        "label": "def test_target_mismatch_recorded_as_conflict \u2014 tests/test_cli_provider_wiring.py:282",
        "line_start": 282,
        "depth": 2,
        "via_relation": "calls",
        "callee_id": "sym:a299afe5c13c:main",
        "callee_symbol": "main"
      },
      {
        "id": "sym:af09c15f617b:TestTruncationPropagation.test_has_more_sets_truncated_true",
        "path": "/Users/giapminh79/code/GitHub/sot-graph/tests/test_cli_provider_wiring.py",
        "kind": "method",
        "symbol": "TestTruncationPropagation.test_has_more_sets_truncated_true",
        "fqn": "tests.test_cli_provider_wiring.TestTruncationPropagation.test_has_more_sets_truncated_true",
        "label": "def test_has_more_sets_truncated_true \u2014 tests/test_cli_provider_wiring.py:323",
        "line_start": 323,
        "depth": 2,
        "via_relation": "calls",
        "callee_id": "sym:a299afe5c13c:main",
        "callee_symbol": "main"
      },
      {
        "id": "sym:af09c15f617b:TestProvidersSync.test_sync_invokes_index_and_emits_receipt",
        "path": "/Users/giapminh79/code/GitHub/sot-graph/tests/test_cli_provider_wiring.py",
        "kind": "method",
        "symbol": "TestProvidersSync.test_sync_invokes_index_and_emits_receipt",
        "fqn": "tests.test_cli_provider_wiring.TestProvidersSync.test_sync_invokes_index_and_emits_receipt",
        "label": "def test_sync_invokes_index_and_emits_receipt \u2014 tests/test_cli_provider_wiring.py:346",
        "line_start": 346,
        "depth": 2,
        "via_relation": "calls",
        "callee_id": "sym:a299afe5c13c:main",
        "callee_symbol": "main"
      },
      {
        "id": "sym:af09c15f617b:TestProvidersSync.test_sync_unknown_provider_fails_cleanly",
        "path": "/Users/giapminh79/code/GitHub/sot-graph/tests/test_cli_provider_wiring.py",
        "kind": "method",
        "symbol": "TestProvidersSync.test_sync_unknown_provider_fails_cleanly",
        "fqn": "tests.test_cli_provider_wiring.TestProvidersSync.test_sync_unknown_provider_fails_cleanly",
        "label": "def test_sync_unknown_provider_fails_cleanly \u2014 tests/test_cli_provider_wiring.py:373",
        "line_start": 373,
        "depth": 2,
        "via_relation": "calls",
        "callee_id": "sym:a299afe5c13c:main",
        "callee_symbol": "main"
      },
      {
        "id": "file:5dab7ee8ccb5",
        "path": "/Users/giapminh79/code/GitHub/sot-graph/tests/test_collection_accounting.py",
        "kind": "file",
        "symbol": "test_collection_accounting.py",
        "fqn": "tests.test_collection_accounting",
        "label": "File: tests/test_collection_accounting.py",
        "line_start": 1,
        "depth": 2,
        "via_relation": "imports",
        "callee_id": "sym:a299afe5c13c:build_parser",
        "callee_symbol": "build_parser"
      },
      {
        "id": "sym:5dab7ee8ccb5:TestReconcileProvenance.test_cli_records_pipeline_provenance",
        "path": "/Users/giapminh79/code/GitHub/sot-graph/tests/test_collection_accounting.py",
        "kind": "method",
        "symbol": "TestReconcileProvenance.test_cli_records_pipeline_provenance",
        "fqn": "tests.test_collection_accounting.TestReconcileProvenance.test_cli_records_pipeline_provenance",
        "label": "def test_cli_records_pipeline_provenance \u2014 tests/test_collection_accounting.py:311",
        "line_start": 311,
        "depth": 2,
        "via_relation": "calls",
        "callee_id": "sym:a299afe5c13c:build_parser",
        "callee_symbol": "build_parser"
      },
      {
        "id": "file:d310c90c4013",
        "path": "/Users/giapminh79/code/GitHub/sot-graph/tests/test_diff_impact.py",
        "kind": "file",
        "symbol": "test_diff_impact.py",
        "fqn": "tests.test_diff_impact",
        "label": "File: tests/test_diff_impact.py",
        "line_start": 1,
        "depth": 2,
        "via_relation": "imports",
        "callee_id": "sym:a299afe5c13c:build_parser",
        "callee_symbol": "build_parser"
      },
      {
        "id": "sym:d310c90c4013:TestDiffImpactGate._run",
        "path": "/Users/giapminh79/code/GitHub/sot-graph/tests/test_diff_impact.py",
        "kind": "method",
        "symbol": "TestDiffImpactGate._run",
        "fqn": "tests.test_diff_impact.TestDiffImpactGate._run",
        "label": "def _run \u2014 tests/test_diff_impact.py:1128",
        "line_start": 1128,
        "depth": 2,
        "via_relation": "calls",
        "callee_id": "sym:a299afe5c13c:build_parser",
        "callee_symbol": "build_parser"
      },
      {
        "id": "sym:d310c90c4013:TestDiffImpactGate.test_gate_flag_registered",
        "path": "/Users/giapminh79/code/GitHub/sot-graph/tests/test_diff_impact.py",
        "kind": "method",
        "symbol": "TestDiffImpactGate.test_gate_flag_registered",
        "fqn": "tests.test_diff_impact.TestDiffImpactGate.test_gate_flag_registered",
        "label": "def test_gate_flag_registered \u2014 tests/test_diff_impact.py:1152",
        "line_start": 1152,
        "depth": 2,
        "via_relation": "calls",
        "callee_id": "sym:a299afe5c13c:build_parser",
        "callee_symbol": "build_parser"
      },
      {
        "id": "file:4ddc2aaf087d",
        "path": "/Users/giapminh79/code/GitHub/sot-graph/tests/test_diff_impact_github.py",
        "kind": "file",
        "symbol": "test_diff_impact_github.py",
        "fqn": "tests.test_diff_impact_github",
        "label": "File: tests/test_diff_impact_github.py",
        "line_start": 1,
        "depth": 2,
        "via_relation": "imports",
        "callee_id": "sym:a299afe5c13c:build_parser",
        "callee_symbol": "build_parser"
      },
      {
        "id": "sym:4ddc2aaf087d:GithubRendererTests.test_cli_format_flag_choices_and_default_unchanged",
        "path": "/Users/giapminh79/code/GitHub/sot-graph/tests/test_diff_impact_github.py",
        "kind": "method",
        "symbol": "GithubRendererTests.test_cli_format_flag_choices_and_default_unchanged",
        "fqn": "tests.test_diff_impact_github.GithubRendererTests.test_cli_format_flag_choices_and_default_unchanged",
        "label": "def test_cli_format_flag_choices_and_default_unchanged \u2014 tests/test_diff_impact_github.py:104",
        "line_start": 104,
        "depth": 2,
        "via_relation": "calls",
        "callee_id": "sym:a299afe5c13c:build_parser",
        "callee_symbol": "build_parser"
      },
      {
        "id": "sym:4ddc2aaf087d:GithubRendererTests.test_cmd_diff_impact_github_end_to_end",
        "path": "/Users/giapminh79/code/GitHub/sot-graph/tests/test_diff_impact_github.py",
        "kind": "method",
        "symbol": "GithubRendererTests.test_cmd_diff_impact_github_end_to_end",
        "fqn": "tests.test_diff_impact_github.GithubRendererTests.test_cmd_diff_impact_github_end_to_end",
        "label": "def test_cmd_diff_impact_github_end_to_end \u2014 tests/test_diff_impact_github.py:114",
        "line_start": 114,
        "depth": 2,
        "via_relation": "calls",
        "callee_id": "sym:a299afe5c13c:build_parser",
        "callee_symbol": "build_parser"
      },
      {
        "id": "file:7c588472908f",
        "path": "/Users/giapminh79/code/GitHub/sot-graph/tests/test_engine_admin.py",
        "kind": "file",
        "symbol": "test_engine_admin.py",
        "fqn": "tests.test_engine_admin",
        "label": "File: tests/test_engine_admin.py",
        "line_start": 1,
        "depth": 2,
        "via_relation": "imports",
        "callee_id": "sym:a299afe5c13c:main",
        "callee_symbol": "main"
      },
      {
        "id": "sym:7c588472908f:test_install_promote_rollback_and_status",
        "path": "/Users/giapminh79/code/GitHub/sot-graph/tests/test_engine_admin.py",
        "kind": "function",
        "symbol": "test_install_promote_rollback_and_status",
        "fqn": "tests.test_engine_admin.test_install_promote_rollback_and_status",
        "label": "def test_install_promote_rollback_and_status \u2014 tests/test_engine_admin.py:32",
        "line_start": 32,
        "depth": 2,
        "via_relation": "calls",
        "callee_id": "sym:a299afe5c13c:main",
        "callee_symbol": "main"
      },
      {
        "id": "sym:7c588472908f:test_wrong_digest_refused_and_unknown_data_preserved",
        "path": "/Users/giapminh79/code/GitHub/sot-graph/tests/test_engine_admin.py",
        "kind": "function",
        "symbol": "test_wrong_digest_refused_and_unknown_data_preserved",
        "fqn": "tests.test_engine_admin.test_wrong_digest_refused_and_unknown_data_preserved",
        "label": "def test_wrong_digest_refused_and_unknown_data_preserved \u2014 tests/test_engine_admin.py:54",
        "line_start": 54,
        "depth": 2,
        "via_relation": "calls",
        "callee_id": "sym:a299afe5c13c:main",
        "callee_symbol": "main"
      },
      {
        "id": "sym:7c588472908f:test_operational_exit_and_multi_artifact_registry",
        "path": "/Users/giapminh79/code/GitHub/sot-graph/tests/test_engine_admin.py",
        "kind": "function",
        "symbol": "test_operational_exit_and_multi_artifact_registry",
        "fqn": "tests.test_engine_admin.test_operational_exit_and_multi_artifact_registry",
        "label": "def test_operational_exit_and_multi_artifact_registry \u2014 tests/test_engine_admin.py:82",
        "line_start": 82,
        "depth": 2,
        "via_relation": "calls",
        "callee_id": "sym:a299afe5c13c:main",
        "callee_symbol": "main"
      },
      {
        "id": "sym:7c588472908f:test_administration_errors_are_bounded",
        "path": "/Users/giapminh79/code/GitHub/sot-graph/tests/test_engine_admin.py",
        "kind": "function",
        "symbol": "test_administration_errors_are_bounded",
        "fqn": "tests.test_engine_admin.test_administration_errors_are_bounded",
        "label": "def test_administration_errors_are_bounded \u2014 tests/test_engine_admin.py:122",
        "line_start": 122,
        "depth": 2,
        "via_relation": "calls",
        "callee_id": "sym:a299afe5c13c:main",
        "callee_symbol": "main"
      },
      {
        "id": "sym:7c588472908f:test_uninstall_missing_is_read_only",
        "path": "/Users/giapminh79/code/GitHub/sot-graph/tests/test_engine_admin.py",
        "kind": "function",
        "symbol": "test_uninstall_missing_is_read_only",
        "fqn": "tests.test_engine_admin.test_uninstall_missing_is_read_only",
        "label": "def test_uninstall_missing_is_read_only \u2014 tests/test_engine_admin.py:136",
        "line_start": 136,
        "depth": 2,
        "via_relation": "calls",
        "callee_id": "sym:a299afe5c13c:main",
        "callee_symbol": "main"
      },
      {
        "id": "sym:7c588472908f:test_no_raw_execution_surface",
        "path": "/Users/giapminh79/code/GitHub/sot-graph/tests/test_engine_admin.py",
        "kind": "function",
        "symbol": "test_no_raw_execution_surface",
        "fqn": "tests.test_engine_admin.test_no_raw_execution_surface",
        "label": "def test_no_raw_execution_surface \u2014 tests/test_engine_admin.py:142",
        "line_start": 142,
        "depth": 2,
        "via_relation": "calls",
        "callee_id": "sym:a299afe5c13c:main",
        "callee_symbol": "main"
      },
      {
        "id": "sym:42626f773bdb:test_cli_register_rejects_real_protocol_mismatch",
        "path": "/Users/giapminh79/code/GitHub/sot-graph/tests/test_engine_trusted_config.py",
        "kind": "function",
        "symbol": "test_cli_register_rejects_real_protocol_mismatch",
        "fqn": "tests.test_engine_trusted_config.test_cli_register_rejects_real_protocol_mismatch",
        "label": "def test_cli_register_rejects_real_protocol_mismatch \u2014 tests/test_engine_trusted_config.py:66",
        "line_start": 66,
        "depth": 2,
        "via_relation": "calls",
        "callee_id": "sym:a299afe5c13c:main",
        "callee_symbol": "main"
      },
      {
        "id": "sym:42626f773bdb:test_cli_cannot_select_trusted_config_path",
        "path": "/Users/giapminh79/code/GitHub/sot-graph/tests/test_engine_trusted_config.py",
        "kind": "function",
        "symbol": "test_cli_cannot_select_trusted_config_path",
        "fqn": "tests.test_engine_trusted_config.test_cli_cannot_select_trusted_config_path",
        "label": "def test_cli_cannot_select_trusted_config_path \u2014 tests/test_engine_trusted_config.py:75",
        "line_start": 75,
        "depth": 2,
        "via_relation": "calls",
        "callee_id": "sym:a299afe5c13c:main",
        "callee_symbol": "main"
      },
      {
        "id": "file:f1b04f59ef79",
        "path": "/Users/giapminh79/code/GitHub/sot-graph/tests/test_export.py",
        "kind": "file",
        "symbol": "test_export.py",
        "fqn": "tests.test_export",
        "label": "File: tests/test_export.py",
        "line_start": 1,
        "depth": 2,
        "via_relation": "imports",
        "callee_id": "sym:a299afe5c13c:build_parser",
        "callee_symbol": "build_parser"
      },
      {
        "id": "sym:f1b04f59ef79:ExportTests.test_cli_viz_and_export_commands",
        "path": "/Users/giapminh79/code/GitHub/sot-graph/tests/test_export.py",
        "kind": "method",
        "symbol": "ExportTests.test_cli_viz_and_export_commands",
        "fqn": "tests.test_export.ExportTests.test_cli_viz_and_export_commands",
        "label": "def test_cli_viz_and_export_commands \u2014 tests/test_export.py:169",
        "line_start": 169,
        "depth": 2,
        "via_relation": "calls",
        "callee_id": "sym:a299afe5c13c:build_parser",
        "callee_symbol": "build_parser"
      },
      {
        "id": "file:eb1f53425d6d",
        "path": "/Users/giapminh79/code/GitHub/sot-graph/tests/test_gs_surface_catalog.py",
        "kind": "file",
        "symbol": "test_gs_surface_catalog.py",
        "fqn": "tests.test_gs_surface_catalog",
        "label": "File: tests/test_gs_surface_catalog.py",
        "line_start": 1,
        "depth": 2,
        "via_relation": "imports",
        "callee_id": "sym:a299afe5c13c:main",
        "callee_symbol": "main"
      },
      {
        "id": "sym:eb1f53425d6d:test_sur03_sur04_entry_points_and_help_are_sot_only",
        "path": "/Users/giapminh79/code/GitHub/sot-graph/tests/test_gs_surface_catalog.py",
        "kind": "function",
        "symbol": "test_sur03_sur04_entry_points_and_help_are_sot_only",
        "fqn": "tests.test_gs_surface_catalog.test_sur03_sur04_entry_points_and_help_are_sot_only",
        "label": "def test_sur03_sur04_entry_points_and_help_are_sot_only \u2014 tests/test_gs_surface_catalog.py:168",
        "line_start": 168,
        "depth": 2,
        "via_relation": "calls",
        "callee_id": "sym:a299afe5c13c:main",
        "callee_symbol": "main"
      },
      {
        "id": "file:0b899b2ef407",
        "path": "/Users/giapminh79/code/GitHub/sot-graph/tests/test_gs_surface_lifecycle.py",
        "kind": "file",
        "symbol": "test_gs_surface_lifecycle.py",
        "fqn": "tests.test_gs_surface_lifecycle",
        "label": "File: tests/test_gs_surface_lifecycle.py",
        "line_start": 1,
        "depth": 2,
        "via_relation": "imports",
        "callee_id": "sym:a299afe5c13c:main",
        "callee_symbol": "main"
      },
      {
        "id": "sym:0b899b2ef407:test_sur12_sot_only_upgrade_recovery_and_uninstall.command",
        "path": "/Users/giapminh79/code/GitHub/sot-graph/tests/test_gs_surface_lifecycle.py",
        "kind": "method",
        "symbol": "test_sur12_sot_only_upgrade_recovery_and_uninstall.command",
        "fqn": "tests.test_gs_surface_lifecycle.test_sur12_sot_only_upgrade_recovery_and_uninstall.command",
        "label": "def command \u2014 tests/test_gs_surface_lifecycle.py:46",
        "line_start": 46,
        "depth": 2,
        "via_relation": "calls",
        "callee_id": "sym:a299afe5c13c:main",
        "callee_symbol": "main"
      },
      {
        "id": "file:41fa6bfbed48",
        "path": "/Users/giapminh79/code/GitHub/sot-graph/tests/test_hardening_fixes.py",
        "kind": "file",
        "symbol": "test_hardening_fixes.py",
        "fqn": "tests.test_hardening_fixes",
        "label": "File: tests/test_hardening_fixes.py",
        "line_start": 1,
        "depth": 2,
        "via_relation": "imports",
        "callee_id": "sym:a299afe5c13c:main",
        "callee_symbol": "main"
      },
      {
        "id": "sym:41fa6bfbed48:HardeningFixesTests.test_cli_handles_lock_busy_and_runtime_error",
        "path": "/Users/giapminh79/code/GitHub/sot-graph/tests/test_hardening_fixes.py",
        "kind": "method",
        "symbol": "HardeningFixesTests.test_cli_handles_lock_busy_and_runtime_error",
        "fqn": "tests.test_hardening_fixes.HardeningFixesTests.test_cli_handles_lock_busy_and_runtime_error",
        "label": "def test_cli_handles_lock_busy_and_runtime_error \u2014 tests/test_hardening_fixes.py:248",
        "line_start": 248,
        "depth": 2,
        "via_relation": "calls",
        "callee_id": "sym:a299afe5c13c:main",
        "callee_symbol": "main"
      },
      {
        "id": "file:4afdaea1f910",
        "path": "/Users/giapminh79/code/GitHub/sot-graph/tests/test_impact_pipeline.py",
        "kind": "file",
        "symbol": "test_impact_pipeline.py",
        "fqn": "tests.test_impact_pipeline",
        "label": "File: tests/test_impact_pipeline.py",
        "line_start": 1,
        "depth": 2,
        "via_relation": "imports",
        "callee_id": "sym:a299afe5c13c:build_parser",
        "callee_symbol": "build_parser"
      },
      {
        "id": "sym:4afdaea1f910:TestSurfaceWiring._cli_json",
        "path": "/Users/giapminh79/code/GitHub/sot-graph/tests/test_impact_pipeline.py",
        "kind": "method",
        "symbol": "TestSurfaceWiring._cli_json",
        "fqn": "tests.test_impact_pipeline.TestSurfaceWiring._cli_json",
        "label": "def _cli_json \u2014 tests/test_impact_pipeline.py:424",
        "line_start": 424,
        "depth": 2,
        "via_relation": "calls",
        "callee_id": "sym:a299afe5c13c:build_parser",
        "callee_symbol": "build_parser"
      },
      {
        "id": "sym:4afdaea1f910:_cli_diff_json",
        "path": "/Users/giapminh79/code/GitHub/sot-graph/tests/test_impact_pipeline.py",
        "kind": "function",
        "symbol": "_cli_diff_json",
        "fqn": "tests.test_impact_pipeline._cli_diff_json",
        "label": "def _cli_diff_json \u2014 tests/test_impact_pipeline.py:553",
        "line_start": 553,
        "depth": 2,
        "via_relation": "calls",
        "callee_id": "sym:a299afe5c13c:build_parser",
        "callee_symbol": "build_parser"
      },
      {
        "id": "file:08055a8da3bb",
        "path": "/Users/giapminh79/code/GitHub/sot-graph/tests/test_optimizations.py",
        "kind": "file",
        "symbol": "test_optimizations.py",
        "fqn": "tests.test_optimizations",
        "label": "File: tests/test_optimizations.py",
        "line_start": 1,
        "depth": 2,
        "via_relation": "imports",
        "callee_id": "sym:a299afe5c13c:build_parser",
        "callee_symbol": "build_parser"
      },
      {
        "id": "sym:08055a8da3bb:TestOptimizations.test_batch_reconcile_and_repo_discovery",
        "path": "/Users/giapminh79/code/GitHub/sot-graph/tests/test_optimizations.py",
        "kind": "method",
        "symbol": "TestOptimizations.test_batch_reconcile_and_repo_discovery",
        "fqn": "tests.test_optimizations.TestOptimizations.test_batch_reconcile_and_repo_discovery",
        "label": "def test_batch_reconcile_and_repo_discovery \u2014 tests/test_optimizations.py:183",
        "line_start": 183,
        "depth": 2,
        "via_relation": "calls",
        "callee_id": "sym:a299afe5c13c:build_parser",
        "callee_symbol": "build_parser"
      },
      {
        "id": "file:398155064175",
        "path": "/Users/giapminh79/code/GitHub/sot-graph/tests/test_p2_orchestrator.py",
        "kind": "file",
        "symbol": "test_p2_orchestrator.py",
        "fqn": "tests.test_p2_orchestrator",
        "label": "File: tests/test_p2_orchestrator.py",
        "line_start": 1,
        "depth": 2,
        "via_relation": "imports",
        "callee_id": "file:a299afe5c13c",
        "callee_symbol": "cli.py"
      },
      {
        "id": "sym:398155064175:TestDeadProviderDegrades.test_require_blocked_by_config_exit_code_is_stable",
        "path": "/Users/giapminh79/code/GitHub/sot-graph/tests/test_p2_orchestrator.py",
        "kind": "method",
        "symbol": "TestDeadProviderDegrades.test_require_blocked_by_config_exit_code_is_stable",
        "fqn": "tests.test_p2_orchestrator.TestDeadProviderDegrades.test_require_blocked_by_config_exit_code_is_stable",
        "label": "def test_require_blocked_by_config_exit_code_is_stable \u2014 tests/test_p2_orchestrator.py:145",
        "line_start": 145,
        "depth": 2,
        "via_relation": "calls",
        "callee_id": "sym:a299afe5c13c:main",
        "callee_symbol": "main"
      },
      {
        "id": "file:7f511fdf0995",
        "path": "/Users/giapminh79/code/GitHub/sot-graph/tests/test_providers_cross_check.py",
        "kind": "file",
        "symbol": "test_providers_cross_check.py",
        "fqn": "tests.test_providers_cross_check",
        "label": "File: tests/test_providers_cross_check.py",
        "line_start": 1,
        "depth": 2,
        "via_relation": "imports",
        "callee_id": "sym:a299afe5c13c:build_parser",
        "callee_symbol": "build_parser"
      },
      {
        "id": "sym:7f511fdf0995:CrossCheckTests.test_cli_subcommand_wiring",
        "path": "/Users/giapminh79/code/GitHub/sot-graph/tests/test_providers_cross_check.py",
        "kind": "method",
        "symbol": "CrossCheckTests.test_cli_subcommand_wiring",
        "fqn": "tests.test_providers_cross_check.CrossCheckTests.test_cli_subcommand_wiring",
        "label": "def test_cli_subcommand_wiring \u2014 tests/test_providers_cross_check.py:326",
        "line_start": 326,
        "depth": 2,
        "via_relation": "calls",
        "callee_id": "sym:a299afe5c13c:build_parser",
        "callee_symbol": "build_parser"
      },
      {
        "id": "sym:7f511fdf0995:CrossCheckReceiptTests.test_cli_receipt_flag_wiring",
        "path": "/Users/giapminh79/code/GitHub/sot-graph/tests/test_providers_cross_check.py",
        "kind": "method",
        "symbol": "CrossCheckReceiptTests.test_cli_receipt_flag_wiring",
        "fqn": "tests.test_providers_cross_check.CrossCheckReceiptTests.test_cli_receipt_flag_wiring",
        "label": "def test_cli_receipt_flag_wiring \u2014 tests/test_providers_cross_check.py:432",
        "line_start": 432,
        "depth": 2,
        "via_relation": "calls",
        "callee_id": "sym:a299afe5c13c:build_parser",
        "callee_symbol": "build_parser"
      },
      {
        "id": "file:51828cb5b765",
        "path": "/Users/giapminh79/code/GitHub/sot-graph/tests/test_providers_registry.py",
        "kind": "file",
        "symbol": "test_providers_registry.py",
        "fqn": "tests.test_providers_registry",
        "label": "File: tests/test_providers_registry.py",
        "line_start": 1,
        "depth": 2,
        "via_relation": "imports",
        "callee_id": "sym:a299afe5c13c:main",
        "callee_symbol": "main"
      },
      {
        "id": "sym:51828cb5b765:TestCliProviders.test_detect_json_smoke",
        "path": "/Users/giapminh79/code/GitHub/sot-graph/tests/test_providers_registry.py",
        "kind": "method",
        "symbol": "TestCliProviders.test_detect_json_smoke",
        "fqn": "tests.test_providers_registry.TestCliProviders.test_detect_json_smoke",
        "label": "def test_detect_json_smoke \u2014 tests/test_providers_registry.py:164",
        "line_start": 164,
        "depth": 2,
        "via_relation": "calls",
        "callee_id": "sym:a299afe5c13c:main",
        "callee_symbol": "main"
      },
      {
        "id": "sym:51828cb5b765:TestCliProviders.test_doctor_exit_code_zero_when_optional_missing",
        "path": "/Users/giapminh79/code/GitHub/sot-graph/tests/test_providers_registry.py",
        "kind": "method",
        "symbol": "TestCliProviders.test_doctor_exit_code_zero_when_optional_missing",
        "fqn": "tests.test_providers_registry.TestCliProviders.test_doctor_exit_code_zero_when_optional_missing",
        "label": "def test_doctor_exit_code_zero_when_optional_missing \u2014 tests/test_providers_registry.py:175",
        "line_start": 175,
        "depth": 2,
        "via_relation": "calls",
        "callee_id": "sym:a299afe5c13c:main",
        "callee_symbol": "main"
      },
      {
        "id": "sym:51828cb5b765:TestCliProviders.test_doctor_exit_code_one_when_required_unhealthy",
        "path": "/Users/giapminh79/code/GitHub/sot-graph/tests/test_providers_registry.py",
        "kind": "method",
        "symbol": "TestCliProviders.test_doctor_exit_code_one_when_required_unhealthy",
        "fqn": "tests.test_providers_registry.TestCliProviders.test_doctor_exit_code_one_when_required_unhealthy",
        "label": "def test_doctor_exit_code_one_when_required_unhealthy \u2014 tests/test_providers_registry.py:198",
        "line_start": 198,
        "depth": 2,
        "via_relation": "calls",
        "callee_id": "sym:a299afe5c13c:main",
        "callee_symbol": "main"
      },
      {
        "id": "sym:51828cb5b765:TestCliProviders.test_resolve_json_returns_ranked_list",
        "path": "/Users/giapminh79/code/GitHub/sot-graph/tests/test_providers_registry.py",
        "kind": "method",
        "symbol": "TestCliProviders.test_resolve_json_returns_ranked_list",
        "fqn": "tests.test_providers_registry.TestCliProviders.test_resolve_json_returns_ranked_list",
        "label": "def test_resolve_json_returns_ranked_list \u2014 tests/test_providers_registry.py:211",
        "line_start": 211,
        "depth": 2,
        "via_relation": "calls",
        "callee_id": "sym:a299afe5c13c:main",
        "callee_symbol": "main"
      },
      {
        "id": "sym:51828cb5b765:TestCliProviders.test_list_json_lists_all_configured",
        "path": "/Users/giapminh79/code/GitHub/sot-graph/tests/test_providers_registry.py",
        "kind": "method",
        "symbol": "TestCliProviders.test_list_json_lists_all_configured",
        "fqn": "tests.test_providers_registry.TestCliProviders.test_list_json_lists_all_configured",
        "label": "def test_list_json_lists_all_configured \u2014 tests/test_providers_registry.py:219",
        "line_start": 219,
        "depth": 2,
        "via_relation": "calls",
        "callee_id": "sym:a299afe5c13c:main",
        "callee_symbol": "main"
      },
      {
        "id": "file:a0fd26ba8176",
        "path": "/Users/giapminh79/code/GitHub/sot-graph/tests/test_report_conformance.py",
        "kind": "file",
        "symbol": "test_report_conformance.py",
        "fqn": "tests.test_report_conformance",
        "label": "File: tests/test_report_conformance.py",
        "line_start": 1,
        "depth": 2,
        "via_relation": "imports",
        "callee_id": "sym:a299afe5c13c:build_parser",
        "callee_symbol": "build_parser"
      },
      {
        "id": "sym:a0fd26ba8176:TestShippedPathIntegration.test_cli_report_receives_real_denominators",
        "path": "/Users/giapminh79/code/GitHub/sot-graph/tests/test_report_conformance.py",
        "kind": "method",
        "symbol": "TestShippedPathIntegration.test_cli_report_receives_real_denominators",
        "fqn": "tests.test_report_conformance.TestShippedPathIntegration.test_cli_report_receives_real_denominators",
        "label": "def test_cli_report_receives_real_denominators \u2014 tests/test_report_conformance.py:418",
        "line_start": 418,
        "depth": 2,
        "via_relation": "calls",
        "callee_id": "sym:a299afe5c13c:build_parser",
        "callee_symbol": "build_parser"
      },
      {
        "id": "file:f058a7d050ab",
        "path": "/Users/giapminh79/code/GitHub/sot-graph/tests/test_sg107_stress.py",
        "kind": "file",
        "symbol": "test_sg107_stress.py",
        "fqn": "tests.test_sg107_stress",
        "label": "File: tests/test_sg107_stress.py",
        "line_start": 1,
        "depth": 2,
        "via_relation": "imports",
        "callee_id": "sym:a299afe5c13c:build_parser",
        "callee_symbol": "build_parser"
      },
      {
        "id": "sym:f058a7d050ab:_cli_diff_json",
        "path": "/Users/giapminh79/code/GitHub/sot-graph/tests/test_sg107_stress.py",
        "kind": "function",
        "symbol": "_cli_diff_json",
        "fqn": "tests.test_sg107_stress._cli_diff_json",
        "label": "def _cli_diff_json \u2014 tests/test_sg107_stress.py:354",
        "line_start": 354,
        "depth": 2,
        "via_relation": "calls",
        "callee_id": "sym:a299afe5c13c:build_parser",
        "callee_symbol": "build_parser"
      },
      {
        "id": "file:21c603c57c3d",
        "path": "/Users/giapminh79/code/GitHub/sot-graph/tests/test_storage_integrity.py",
        "kind": "file",
        "symbol": "test_storage_integrity.py",
        "fqn": "tests.test_storage_integrity",
        "label": "File: tests/test_storage_integrity.py",
        "line_start": 1,
        "depth": 2,
        "via_relation": "imports",
        "callee_id": "sym:a299afe5c13c:main",
        "callee_symbol": "main"
      },
      {
        "id": "sym:21c603c57c3d:test_doctor_cli_text_and_json",
        "path": "/Users/giapminh79/code/GitHub/sot-graph/tests/test_storage_integrity.py",
        "kind": "function",
        "symbol": "test_doctor_cli_text_and_json",
        "fqn": "tests.test_storage_integrity.test_doctor_cli_text_and_json",
        "label": "def test_doctor_cli_text_and_json \u2014 tests/test_storage_integrity.py:52",
        "line_start": 52,
        "depth": 2,
        "via_relation": "calls",
        "callee_id": "sym:a299afe5c13c:main",
        "callee_symbol": "main"
      }
    ],
    "test_impacts": [
      {
        "id": "test:tests/test_engine_trusted_config.py",
        "path": "tests/test_engine_trusted_config.py",
        "symbol": "",
        "kind": "file",
        "impact_reason": "direct_test_file",
        "target_symbol": null
      },
      {
        "id": "test:tests/test_managed_config_recovery.py",
        "path": "tests/test_managed_config_recovery.py",
        "symbol": "",
        "kind": "file",
        "impact_reason": "direct_test_file",
        "target_symbol": null
      },
      {
        "id": "test:tests/test_trusted_managed_config.py",
        "path": "tests/test_trusted_managed_config.py",
        "symbol": "",
        "kind": "file",
        "impact_reason": "direct_test_file",
        "target_symbol": null
      },
      {
        "id": "sym:1dbbec2c433c:test_missing_configuration_is_default_off_without_mkdir",
        "path": "/Users/giapminh79/code/GitHub/sot-graph/tests/test_trusted_managed_config.py",
        "symbol": "test_missing_configuration_is_default_off_without_mkdir",
        "kind": "function",
        "impact_reason": "calls_modified_node",
        "target_symbol": "managed_config_status"
      },
      {
        "id": "sym:1dbbec2c433c:test_disable_preserves_repository_evidence_and_does_not_resolve",
        "path": "/Users/giapminh79/code/GitHub/sot-graph/tests/test_trusted_managed_config.py",
        "symbol": "test_disable_preserves_repository_evidence_and_does_not_resolve",
        "kind": "function",
        "impact_reason": "calls_modified_node",
        "target_symbol": "managed_config_status"
      },
      {
        "id": "file:7d61a587199b",
        "path": "/Users/giapminh79/code/GitHub/sot-graph/tests/test_adapters.py",
        "symbol": "test_adapters.py",
        "kind": "file",
        "impact_reason": "calls_modified_node",
        "target_symbol": "build_parser"
      },
      {
        "id": "sym:7d61a587199b:TestHarnessAdapters.test_cli_setup_pi_alias",
        "path": "/Users/giapminh79/code/GitHub/sot-graph/tests/test_adapters.py",
        "symbol": "TestHarnessAdapters.test_cli_setup_pi_alias",
        "kind": "method",
        "impact_reason": "calls_modified_node",
        "target_symbol": "build_parser"
      },
      {
        "id": "sym:7d61a587199b:TestHarnessAdapters.test_cli_setup_command",
        "path": "/Users/giapminh79/code/GitHub/sot-graph/tests/test_adapters.py",
        "symbol": "TestHarnessAdapters.test_cli_setup_command",
        "kind": "method",
        "impact_reason": "calls_modified_node",
        "target_symbol": "build_parser"
      },
      {
        "id": "file:98baf308e487",
        "path": "/Users/giapminh79/code/GitHub/sot-graph/tests/test_analytics.py",
        "symbol": "test_analytics.py",
        "kind": "file",
        "impact_reason": "calls_modified_node",
        "target_symbol": "build_parser"
      },
      {
        "id": "sym:98baf308e487:AnalyticsTests.test_cli_report_and_cluster_commands",
        "path": "/Users/giapminh79/code/GitHub/sot-graph/tests/test_analytics.py",
        "symbol": "AnalyticsTests.test_cli_report_and_cluster_commands",
        "kind": "method",
        "impact_reason": "calls_modified_node",
        "target_symbol": "build_parser"
      },
      {
        "id": "file:d2961abaf2fd",
        "path": "/Users/giapminh79/code/GitHub/sot-graph/tests/test_bundle.py",
        "symbol": "test_bundle.py",
        "kind": "file",
        "impact_reason": "calls_modified_node",
        "target_symbol": "build_parser"
      },
      {
        "id": "sym:d2961abaf2fd:TestArchitectureBundler.test_cli_cmd_bundle",
        "path": "/Users/giapminh79/code/GitHub/sot-graph/tests/test_bundle.py",
        "symbol": "TestArchitectureBundler.test_cli_cmd_bundle",
        "kind": "method",
        "impact_reason": "calls_modified_node",
        "target_symbol": "build_parser"
      },
      {
        "id": "file:af09c15f617b",
        "path": "/Users/giapminh79/code/GitHub/sot-graph/tests/test_cli_provider_wiring.py",
        "symbol": "test_cli_provider_wiring.py",
        "kind": "file",
        "impact_reason": "calls_modified_node",
        "target_symbol": "main"
      },
      {
        "id": "sym:af09c15f617b:TestBuiltinDefault.test_default_builtin_never_spawns",
        "path": "/Users/giapminh79/code/GitHub/sot-graph/tests/test_cli_provider_wiring.py",
        "symbol": "TestBuiltinDefault.test_default_builtin_never_spawns",
        "kind": "method",
        "impact_reason": "calls_modified_node",
        "target_symbol": "main"
      },
      {
        "id": "sym:af09c15f617b:TestBuiltinDefault.test_explicit_builtin_flag_identical",
        "path": "/Users/giapminh79/code/GitHub/sot-graph/tests/test_cli_provider_wiring.py",
        "symbol": "TestBuiltinDefault.test_explicit_builtin_flag_identical",
        "kind": "method",
        "impact_reason": "calls_modified_node",
        "target_symbol": "main"
      },
      {
        "id": "sym:af09c15f617b:TestAllowExternalGate.test_blocked_prefer_warns_and_falls_back",
        "path": "/Users/giapminh79/code/GitHub/sot-graph/tests/test_cli_provider_wiring.py",
        "symbol": "TestAllowExternalGate.test_blocked_prefer_warns_and_falls_back",
        "kind": "method",
        "impact_reason": "calls_modified_node",
        "target_symbol": "main"
      },
      {
        "id": "sym:af09c15f617b:TestAllowExternalGate.test_blocked_require_fails_closed",
        "path": "/Users/giapminh79/code/GitHub/sot-graph/tests/test_cli_provider_wiring.py",
        "symbol": "TestAllowExternalGate.test_blocked_require_fails_closed",
        "kind": "method",
        "impact_reason": "calls_modified_node",
        "target_symbol": "main"
      },
      {
        "id": "sym:af09c15f617b:TestAllowExternalGate.test_invalid_spec_rejected",
        "path": "/Users/giapminh79/code/GitHub/sot-graph/tests/test_cli_provider_wiring.py",
        "symbol": "TestAllowExternalGate.test_invalid_spec_rejected",
        "kind": "method",
        "impact_reason": "calls_modified_node",
        "target_symbol": "main"
      },
      {
        "id": "sym:af09c15f617b:TestRequireFailsClosedUnhealthy.test_unhealthy_binary_require_exits_nonzero",
        "path": "/Users/giapminh79/code/GitHub/sot-graph/tests/test_cli_provider_wiring.py",
        "symbol": "TestRequireFailsClosedUnhealthy.test_unhealthy_binary_require_exits_nonzero",
        "kind": "method",
        "impact_reason": "calls_modified_node",
        "target_symbol": "main"
      },
      {
        "id": "sym:af09c15f617b:TestRequireFailsClosedUnhealthy.test_missing_binary_prefer_falls_back",
        "path": "/Users/giapminh79/code/GitHub/sot-graph/tests/test_cli_provider_wiring.py",
        "symbol": "TestRequireFailsClosedUnhealthy.test_missing_binary_prefer_falls_back",
        "kind": "method",
        "impact_reason": "calls_modified_node",
        "target_symbol": "main"
      },
      {
        "id": "sym:af09c15f617b:TestMergeOrderAndVerdict.test_candidates_after_builtin_with_ceiling_and_provider_tag",
        "path": "/Users/giapminh79/code/GitHub/sot-graph/tests/test_cli_provider_wiring.py",
        "symbol": "TestMergeOrderAndVerdict.test_candidates_after_builtin_with_ceiling_and_provider_tag",
        "kind": "method",
        "impact_reason": "calls_modified_node",
        "target_symbol": "main"
      },
      {
        "id": "sym:af09c15f617b:TestMergeOrderAndVerdict.test_target_mismatch_recorded_as_conflict",
        "path": "/Users/giapminh79/code/GitHub/sot-graph/tests/test_cli_provider_wiring.py",
        "symbol": "TestMergeOrderAndVerdict.test_target_mismatch_recorded_as_conflict",
        "kind": "method",
        "impact_reason": "calls_modified_node",
        "target_symbol": "main"
      },
      {
        "id": "sym:af09c15f617b:TestTruncationPropagation.test_has_more_sets_truncated_true",
        "path": "/Users/giapminh79/code/GitHub/sot-graph/tests/test_cli_provider_wiring.py",
        "symbol": "TestTruncationPropagation.test_has_more_sets_truncated_true",
        "kind": "method",
        "impact_reason": "calls_modified_node",
        "target_symbol": "main"
      },
      {
        "id": "sym:af09c15f617b:TestProvidersSync.test_sync_invokes_index_and_emits_receipt",
        "path": "/Users/giapminh79/code/GitHub/sot-graph/tests/test_cli_provider_wiring.py",
        "symbol": "TestProvidersSync.test_sync_invokes_index_and_emits_receipt",
        "kind": "method",
        "impact_reason": "calls_modified_node",
        "target_symbol": "main"
      },
      {
        "id": "sym:af09c15f617b:TestProvidersSync.test_sync_unknown_provider_fails_cleanly",
        "path": "/Users/giapminh79/code/GitHub/sot-graph/tests/test_cli_provider_wiring.py",
        "symbol": "TestProvidersSync.test_sync_unknown_provider_fails_cleanly",
        "kind": "method",
        "impact_reason": "calls_modified_node",
        "target_symbol": "main"
      },
      {
        "id": "file:5dab7ee8ccb5",
        "path": "/Users/giapminh79/code/GitHub/sot-graph/tests/test_collection_accounting.py",
        "symbol": "test_collection_accounting.py",
        "kind": "file",
        "impact_reason": "calls_modified_node",
        "target_symbol": "build_parser"
      },
      {
        "id": "sym:5dab7ee8ccb5:TestReconcileProvenance.test_cli_records_pipeline_provenance",
        "path": "/Users/giapminh79/code/GitHub/sot-graph/tests/test_collection_accounting.py",
        "symbol": "TestReconcileProvenance.test_cli_records_pipeline_provenance",
        "kind": "method",
        "impact_reason": "calls_modified_node",
        "target_symbol": "build_parser"
      },
      {
        "id": "file:d310c90c4013",
        "path": "/Users/giapminh79/code/GitHub/sot-graph/tests/test_diff_impact.py",
        "symbol": "test_diff_impact.py",
        "kind": "file",
        "impact_reason": "calls_modified_node",
        "target_symbol": "build_parser"
      },
      {
        "id": "sym:d310c90c4013:TestDiffImpactGate._run",
        "path": "/Users/giapminh79/code/GitHub/sot-graph/tests/test_diff_impact.py",
        "symbol": "TestDiffImpactGate._run",
        "kind": "method",
        "impact_reason": "calls_modified_node",
        "target_symbol": "build_parser"
      },
      {
        "id": "sym:d310c90c4013:TestDiffImpactGate.test_gate_flag_registered",
        "path": "/Users/giapminh79/code/GitHub/sot-graph/tests/test_diff_impact.py",
        "symbol": "TestDiffImpactGate.test_gate_flag_registered",
        "kind": "method",
        "impact_reason": "calls_modified_node",
        "target_symbol": "build_parser"
      },
      {
        "id": "file:4ddc2aaf087d",
        "path": "/Users/giapminh79/code/GitHub/sot-graph/tests/test_diff_impact_github.py",
        "symbol": "test_diff_impact_github.py",
        "kind": "file",
        "impact_reason": "calls_modified_node",
        "target_symbol": "build_parser"
      },
      {
        "id": "sym:4ddc2aaf087d:GithubRendererTests.test_cli_format_flag_choices_and_default_unchanged",
        "path": "/Users/giapminh79/code/GitHub/sot-graph/tests/test_diff_impact_github.py",
        "symbol": "GithubRendererTests.test_cli_format_flag_choices_and_default_unchanged",
        "kind": "method",
        "impact_reason": "calls_modified_node",
        "target_symbol": "build_parser"
      },
      {
        "id": "sym:4ddc2aaf087d:GithubRendererTests.test_cmd_diff_impact_github_end_to_end",
        "path": "/Users/giapminh79/code/GitHub/sot-graph/tests/test_diff_impact_github.py",
        "symbol": "GithubRendererTests.test_cmd_diff_impact_github_end_to_end",
        "kind": "method",
        "impact_reason": "calls_modified_node",
        "target_symbol": "build_parser"
      },
      {
        "id": "file:7c588472908f",
        "path": "/Users/giapminh79/code/GitHub/sot-graph/tests/test_engine_admin.py",
        "symbol": "test_engine_admin.py",
        "kind": "file",
        "impact_reason": "calls_modified_node",
        "target_symbol": "main"
      },
      {
        "id": "sym:7c588472908f:test_install_promote_rollback_and_status",
        "path": "/Users/giapminh79/code/GitHub/sot-graph/tests/test_engine_admin.py",
        "symbol": "test_install_promote_rollback_and_status",
        "kind": "function",
        "impact_reason": "calls_modified_node",
        "target_symbol": "main"
      },
      {
        "id": "sym:7c588472908f:test_wrong_digest_refused_and_unknown_data_preserved",
        "path": "/Users/giapminh79/code/GitHub/sot-graph/tests/test_engine_admin.py",
        "symbol": "test_wrong_digest_refused_and_unknown_data_preserved",
        "kind": "function",
        "impact_reason": "calls_modified_node",
        "target_symbol": "main"
      },
      {
        "id": "sym:7c588472908f:test_operational_exit_and_multi_artifact_registry",
        "path": "/Users/giapminh79/code/GitHub/sot-graph/tests/test_engine_admin.py",
        "symbol": "test_operational_exit_and_multi_artifact_registry",
        "kind": "function",
        "impact_reason": "calls_modified_node",
        "target_symbol": "main"
      },
      {
        "id": "sym:7c588472908f:test_administration_errors_are_bounded",
        "path": "/Users/giapminh79/code/GitHub/sot-graph/tests/test_engine_admin.py",
        "symbol": "test_administration_errors_are_bounded",
        "kind": "function",
        "impact_reason": "calls_modified_node",
        "target_symbol": "main"
      },
      {
        "id": "sym:7c588472908f:test_uninstall_missing_is_read_only",
        "path": "/Users/giapminh79/code/GitHub/sot-graph/tests/test_engine_admin.py",
        "symbol": "test_uninstall_missing_is_read_only",
        "kind": "function",
        "impact_reason": "calls_modified_node",
        "target_symbol": "main"
      },
      {
        "id": "sym:7c588472908f:test_no_raw_execution_surface",
        "path": "/Users/giapminh79/code/GitHub/sot-graph/tests/test_engine_admin.py",
        "symbol": "test_no_raw_execution_surface",
        "kind": "function",
        "impact_reason": "calls_modified_node",
        "target_symbol": "main"
      },
      {
        "id": "sym:42626f773bdb:test_cli_register_rejects_real_protocol_mismatch",
        "path": "/Users/giapminh79/code/GitHub/sot-graph/tests/test_engine_trusted_config.py",
        "symbol": "test_cli_register_rejects_real_protocol_mismatch",
        "kind": "function",
        "impact_reason": "calls_modified_node",
        "target_symbol": "main"
      },
      {
        "id": "sym:42626f773bdb:test_cli_cannot_select_trusted_config_path",
        "path": "/Users/giapminh79/code/GitHub/sot-graph/tests/test_engine_trusted_config.py",
        "symbol": "test_cli_cannot_select_trusted_config_path",
        "kind": "function",
        "impact_reason": "calls_modified_node",
        "target_symbol": "main"
      },
      {
        "id": "file:f1b04f59ef79",
        "path": "/Users/giapminh79/code/GitHub/sot-graph/tests/test_export.py",
        "symbol": "test_export.py",
        "kind": "file",
        "impact_reason": "calls_modified_node",
        "target_symbol": "build_parser"
      },
      {
        "id": "sym:f1b04f59ef79:ExportTests.test_cli_viz_and_export_commands",
        "path": "/Users/giapminh79/code/GitHub/sot-graph/tests/test_export.py",
        "symbol": "ExportTests.test_cli_viz_and_export_commands",
        "kind": "method",
        "impact_reason": "calls_modified_node",
        "target_symbol": "build_parser"
      },
      {
        "id": "file:eb1f53425d6d",
        "path": "/Users/giapminh79/code/GitHub/sot-graph/tests/test_gs_surface_catalog.py",
        "symbol": "test_gs_surface_catalog.py",
        "kind": "file",
        "impact_reason": "calls_modified_node",
        "target_symbol": "main"
      },
      {
        "id": "sym:eb1f53425d6d:test_sur03_sur04_entry_points_and_help_are_sot_only",
        "path": "/Users/giapminh79/code/GitHub/sot-graph/tests/test_gs_surface_catalog.py",
        "symbol": "test_sur03_sur04_entry_points_and_help_are_sot_only",
        "kind": "function",
        "impact_reason": "calls_modified_node",
        "target_symbol": "main"
      },
      {
        "id": "file:0b899b2ef407",
        "path": "/Users/giapminh79/code/GitHub/sot-graph/tests/test_gs_surface_lifecycle.py",
        "symbol": "test_gs_surface_lifecycle.py",
        "kind": "file",
        "impact_reason": "calls_modified_node",
        "target_symbol": "main"
      },
      {
        "id": "sym:0b899b2ef407:test_sur12_sot_only_upgrade_recovery_and_uninstall.command",
        "path": "/Users/giapminh79/code/GitHub/sot-graph/tests/test_gs_surface_lifecycle.py",
        "symbol": "test_sur12_sot_only_upgrade_recovery_and_uninstall.command",
        "kind": "method",
        "impact_reason": "calls_modified_node",
        "target_symbol": "main"
      },
      {
        "id": "file:41fa6bfbed48",
        "path": "/Users/giapminh79/code/GitHub/sot-graph/tests/test_hardening_fixes.py",
        "symbol": "test_hardening_fixes.py",
        "kind": "file",
        "impact_reason": "calls_modified_node",
        "target_symbol": "main"
      },
      {
        "id": "sym:41fa6bfbed48:HardeningFixesTests.test_cli_handles_lock_busy_and_runtime_error",
        "path": "/Users/giapminh79/code/GitHub/sot-graph/tests/test_hardening_fixes.py",
        "symbol": "HardeningFixesTests.test_cli_handles_lock_busy_and_runtime_error",
        "kind": "method",
        "impact_reason": "calls_modified_node",
        "target_symbol": "main"
      },
      {
        "id": "file:4afdaea1f910",
        "path": "/Users/giapminh79/code/GitHub/sot-graph/tests/test_impact_pipeline.py",
        "symbol": "test_impact_pipeline.py",
        "kind": "file",
        "impact_reason": "calls_modified_node",
        "target_symbol": "build_parser"
      },
      {
        "id": "sym:4afdaea1f910:TestSurfaceWiring._cli_json",
        "path": "/Users/giapminh79/code/GitHub/sot-graph/tests/test_impact_pipeline.py",
        "symbol": "TestSurfaceWiring._cli_json",
        "kind": "method",
        "impact_reason": "calls_modified_node",
        "target_symbol": "build_parser"
      },
      {
        "id": "sym:4afdaea1f910:_cli_diff_json",
        "path": "/Users/giapminh79/code/GitHub/sot-graph/tests/test_impact_pipeline.py",
        "symbol": "_cli_diff_json",
        "kind": "function",
        "impact_reason": "calls_modified_node",
        "target_symbol": "build_parser"
      },
      {
        "id": "file:08055a8da3bb",
        "path": "/Users/giapminh79/code/GitHub/sot-graph/tests/test_optimizations.py",
        "symbol": "test_optimizations.py",
        "kind": "file",
        "impact_reason": "calls_modified_node",
        "target_symbol": "build_parser"
      },
      {
        "id": "sym:08055a8da3bb:TestOptimizations.test_batch_reconcile_and_repo_discovery",
        "path": "/Users/giapminh79/code/GitHub/sot-graph/tests/test_optimizations.py",
        "symbol": "TestOptimizations.test_batch_reconcile_and_repo_discovery",
        "kind": "method",
        "impact_reason": "calls_modified_node",
        "target_symbol": "build_parser"
      },
      {
        "id": "file:398155064175",
        "path": "/Users/giapminh79/code/GitHub/sot-graph/tests/test_p2_orchestrator.py",
        "symbol": "test_p2_orchestrator.py",
        "kind": "file",
        "impact_reason": "calls_modified_node",
        "target_symbol": "cli.py"
      },
      {
        "id": "sym:398155064175:TestDeadProviderDegrades.test_require_blocked_by_config_exit_code_is_stable",
        "path": "/Users/giapminh79/code/GitHub/sot-graph/tests/test_p2_orchestrator.py",
        "symbol": "TestDeadProviderDegrades.test_require_blocked_by_config_exit_code_is_stable",
        "kind": "method",
        "impact_reason": "calls_modified_node",
        "target_symbol": "main"
      },
      {
        "id": "file:7f511fdf0995",
        "path": "/Users/giapminh79/code/GitHub/sot-graph/tests/test_providers_cross_check.py",
        "symbol": "test_providers_cross_check.py",
        "kind": "file",
        "impact_reason": "calls_modified_node",
        "target_symbol": "build_parser"
      },
      {
        "id": "sym:7f511fdf0995:CrossCheckTests.test_cli_subcommand_wiring",
        "path": "/Users/giapminh79/code/GitHub/sot-graph/tests/test_providers_cross_check.py",
        "symbol": "CrossCheckTests.test_cli_subcommand_wiring",
        "kind": "method",
        "impact_reason": "calls_modified_node",
        "target_symbol": "build_parser"
      },
      {
        "id": "sym:7f511fdf0995:CrossCheckReceiptTests.test_cli_receipt_flag_wiring",
        "path": "/Users/giapminh79/code/GitHub/sot-graph/tests/test_providers_cross_check.py",
        "symbol": "CrossCheckReceiptTests.test_cli_receipt_flag_wiring",
        "kind": "method",
        "impact_reason": "calls_modified_node",
        "target_symbol": "build_parser"
      },
      {
        "id": "file:51828cb5b765",
        "path": "/Users/giapminh79/code/GitHub/sot-graph/tests/test_providers_registry.py",
        "symbol": "test_providers_registry.py",
        "kind": "file",
        "impact_reason": "calls_modified_node",
        "target_symbol": "main"
      },
      {
        "id": "sym:51828cb5b765:TestCliProviders.test_detect_json_smoke",
        "path": "/Users/giapminh79/code/GitHub/sot-graph/tests/test_providers_registry.py",
        "symbol": "TestCliProviders.test_detect_json_smoke",
        "kind": "method",
        "impact_reason": "calls_modified_node",
        "target_symbol": "main"
      },
      {
        "id": "sym:51828cb5b765:TestCliProviders.test_doctor_exit_code_zero_when_optional_missing",
        "path": "/Users/giapminh79/code/GitHub/sot-graph/tests/test_providers_registry.py",
        "symbol": "TestCliProviders.test_doctor_exit_code_zero_when_optional_missing",
        "kind": "method",
        "impact_reason": "calls_modified_node",
        "target_symbol": "main"
      },
      {
        "id": "sym:51828cb5b765:TestCliProviders.test_doctor_exit_code_one_when_required_unhealthy",
        "path": "/Users/giapminh79/code/GitHub/sot-graph/tests/test_providers_registry.py",
        "symbol": "TestCliProviders.test_doctor_exit_code_one_when_required_unhealthy",
        "kind": "method",
        "impact_reason": "calls_modified_node",
        "target_symbol": "main"
      },
      {
        "id": "sym:51828cb5b765:TestCliProviders.test_resolve_json_returns_ranked_list",
        "path": "/Users/giapminh79/code/GitHub/sot-graph/tests/test_providers_registry.py",
        "symbol": "TestCliProviders.test_resolve_json_returns_ranked_list",
        "kind": "method",
        "impact_reason": "calls_modified_node",
        "target_symbol": "main"
      },
      {
        "id": "sym:51828cb5b765:TestCliProviders.test_list_json_lists_all_configured",
        "path": "/Users/giapminh79/code/GitHub/sot-graph/tests/test_providers_registry.py",
        "symbol": "TestCliProviders.test_list_json_lists_all_configured",
        "kind": "method",
        "impact_reason": "calls_modified_node",
        "target_symbol": "main"
      },
      {
        "id": "file:a0fd26ba8176",
        "path": "/Users/giapminh79/code/GitHub/sot-graph/tests/test_report_conformance.py",
        "symbol": "test_report_conformance.py",
        "kind": "file",
        "impact_reason": "calls_modified_node",
        "target_symbol": "build_parser"
      },
      {
        "id": "sym:a0fd26ba8176:TestShippedPathIntegration.test_cli_report_receives_real_denominators",
        "path": "/Users/giapminh79/code/GitHub/sot-graph/tests/test_report_conformance.py",
        "symbol": "TestShippedPathIntegration.test_cli_report_receives_real_denominators",
        "kind": "method",
        "impact_reason": "calls_modified_node",
        "target_symbol": "build_parser"
      },
      {
        "id": "file:f058a7d050ab",
        "path": "/Users/giapminh79/code/GitHub/sot-graph/tests/test_sg107_stress.py",
        "symbol": "test_sg107_stress.py",
        "kind": "file",
        "impact_reason": "calls_modified_node",
        "target_symbol": "build_parser"
      },
      {
        "id": "sym:f058a7d050ab:_cli_diff_json",
        "path": "/Users/giapminh79/code/GitHub/sot-graph/tests/test_sg107_stress.py",
        "symbol": "_cli_diff_json",
        "kind": "function",
        "impact_reason": "calls_modified_node",
        "target_symbol": "build_parser"
      },
      {
        "id": "file:21c603c57c3d",
        "path": "/Users/giapminh79/code/GitHub/sot-graph/tests/test_storage_integrity.py",
        "symbol": "test_storage_integrity.py",
        "kind": "file",
        "impact_reason": "calls_modified_node",
        "target_symbol": "main"
      },
      {
        "id": "sym:21c603c57c3d:test_doctor_cli_text_and_json",
        "path": "/Users/giapminh79/code/GitHub/sot-graph/tests/test_storage_integrity.py",
        "symbol": "test_doctor_cli_text_and_json",
        "kind": "function",
        "impact_reason": "calls_modified_node",
        "target_symbol": "main"
      },
      {
        "id": "sym:79099f3a4874:test_artifact_resolver_exceptions_are_sanitized",
        "path": "/Users/giapminh79/code/GitHub/sot-graph/tests/test_managed_config_recovery.py",
        "symbol": "test_artifact_resolver_exceptions_are_sanitized",
        "kind": "function",
        "impact_reason": "calls_modified_node",
        "target_symbol": "add_parser"
      },
      {
        "id": "sym:79099f3a4874:test_installation_and_profile_runtime_errors_are_sanitized",
        "path": "/Users/giapminh79/code/GitHub/sot-graph/tests/test_managed_config_recovery.py",
        "symbol": "test_installation_and_profile_runtime_errors_are_sanitized",
        "kind": "function",
        "impact_reason": "calls_modified_node",
        "target_symbol": "add_parser"
      },
      {
        "id": "sym:79099f3a4874:test_unsupported_platform_diagnostics_refuse_but_default_loader_stays_off",
        "path": "/Users/giapminh79/code/GitHub/sot-graph/tests/test_managed_config_recovery.py",
        "symbol": "test_unsupported_platform_diagnostics_refuse_but_default_loader_stays_off",
        "kind": "function",
        "impact_reason": "calls_modified_node",
        "target_symbol": "add_parser"
      },
      {
        "id": "sym:79099f3a4874:test_cli_diagnostics_are_store_optional_read_only_and_never_index",
        "path": "/Users/giapminh79/code/GitHub/sot-graph/tests/test_managed_config_recovery.py",
        "symbol": "test_cli_diagnostics_are_store_optional_read_only_and_never_index",
        "kind": "function",
        "impact_reason": "calls_modified_node",
        "target_symbol": "add_parser"
      },
      {
        "id": "sym:79099f3a4874:observe",
        "path": "/Users/giapminh79/code/GitHub/sot-graph/tests/test_managed_config_recovery.py",
        "symbol": "observe",
        "kind": "function",
        "impact_reason": "calls_modified_node",
        "target_symbol": "managed_config_status"
      },
      {
        "id": "sym:1dbbec2c433c:test_missing_configuration_is_default_off_without_mkdir",
        "path": "/Users/giapminh79/code/GitHub/sot-graph/tests/test_trusted_managed_config.py",
        "symbol": "test_missing_configuration_is_default_off_without_mkdir",
        "kind": "function",
        "impact_reason": "calls_modified_node",
        "target_symbol": "managed_config_status"
      },
      {
        "id": "sym:1dbbec2c433c:test_disable_preserves_repository_evidence_and_does_not_resolve",
        "path": "/Users/giapminh79/code/GitHub/sot-graph/tests/test_trusted_managed_config.py",
        "symbol": "test_disable_preserves_repository_evidence_and_does_not_resolve",
        "kind": "function",
        "impact_reason": "calls_modified_node",
        "target_symbol": "managed_config_status"
      },
      {
        "id": "sym:1dbbec2c433c:test_unsupported_platform_defaults_off_but_explicit_admin_refuses",
        "path": "/Users/giapminh79/code/GitHub/sot-graph/tests/test_trusted_managed_config.py",
        "symbol": "test_unsupported_platform_defaults_off_but_explicit_admin_refuses",
        "kind": "function",
        "impact_reason": "calls_modified_node",
        "target_symbol": "managed_config_status"
      },
      {
        "id": "sym:1dbbec2c433c:test_malformed_unrelated_project_blocks_load_and_disable_without_rewriting",
        "path": "/Users/giapminh79/code/GitHub/sot-graph/tests/test_trusted_managed_config.py",
        "symbol": "test_malformed_unrelated_project_blocks_load_and_disable_without_rewriting",
        "kind": "function",
        "impact_reason": "calls_modified_node",
        "target_symbol": "managed_config_status"
      },
      {
        "id": "file:42626f773bdb",
        "path": "/Users/giapminh79/code/GitHub/sot-graph/tests/test_engine_trusted_config.py",
        "symbol": "test_engine_trusted_config.py",
        "kind": "file",
        "impact_reason": "calls_modified_node",
        "target_symbol": "test_cli_register_status_disable_persist_without_native"
      },
      {
        "id": "file:79099f3a4874",
        "path": "/Users/giapminh79/code/GitHub/sot-graph/tests/test_managed_config_recovery.py",
        "symbol": "test_managed_config_recovery.py",
        "kind": "file",
        "impact_reason": "calls_modified_node",
        "target_symbol": "snapshot"
      },
      {
        "id": "sym:79099f3a4874:test_disable_preserves_notes_evidence_and_index_without_artifact_resolution",
        "path": "/Users/giapminh79/code/GitHub/sot-graph/tests/test_managed_config_recovery.py",
        "symbol": "test_disable_preserves_notes_evidence_and_index_without_artifact_resolution",
        "kind": "function",
        "impact_reason": "calls_modified_node",
        "target_symbol": "snapshot"
      },
      {
        "id": "sym:79099f3a4874:test_restart_loads_persisted_binding_without_runtime_preparation",
        "path": "/Users/giapminh79/code/GitHub/sot-graph/tests/test_managed_config_recovery.py",
        "symbol": "test_restart_loads_persisted_binding_without_runtime_preparation",
        "kind": "function",
        "impact_reason": "calls_modified_node",
        "target_symbol": "observe"
      },
      {
        "id": "sym:79099f3a4874:test_persisted_failures_have_fixed_safe_remediation",
        "path": "/Users/giapminh79/code/GitHub/sot-graph/tests/test_managed_config_recovery.py",
        "symbol": "test_persisted_failures_have_fixed_safe_remediation",
        "kind": "function",
        "impact_reason": "calls_modified_node",
        "target_symbol": "observe"
      },
      {
        "id": "sym:79099f3a4874:test_synthetic_foreign_profile_is_quarantined_without_native_schema_claim",
        "path": "/Users/giapminh79/code/GitHub/sot-graph/tests/test_managed_config_recovery.py",
        "symbol": "test_synthetic_foreign_profile_is_quarantined_without_native_schema_claim",
        "kind": "function",
        "impact_reason": "calls_modified_node",
        "target_symbol": "observe"
      },
      {
        "id": "sym:79099f3a4874:test_different_digest_refuses_then_verified_old_artifact_rollback_restores_binding",
        "path": "/Users/giapminh79/code/GitHub/sot-graph/tests/test_managed_config_recovery.py",
        "symbol": "test_different_digest_refuses_then_verified_old_artifact_rollback_restores_binding",
        "kind": "function",
        "impact_reason": "calls_modified_node",
        "target_symbol": "observe"
      },
      {
        "id": "file:1dbbec2c433c",
        "path": "/Users/giapminh79/code/GitHub/sot-graph/tests/test_trusted_managed_config.py",
        "symbol": "test_trusted_managed_config.py",
        "kind": "file",
        "impact_reason": "calls_modified_node",
        "target_symbol": "test_unsupported_platform_defaults_off_but_explicit_admin_refuses"
      }
    ],
    "api_impacts": [],
    "tests_to_run": [
      "/Users/giapminh79/code/GitHub/sot-graph/tests/test_adapters.py",
      "/Users/giapminh79/code/GitHub/sot-graph/tests/test_analytics.py",
      "/Users/giapminh79/code/GitHub/sot-graph/tests/test_bundle.py",
      "/Users/giapminh79/code/GitHub/sot-graph/tests/test_cli_provider_wiring.py",
      "/Users/giapminh79/code/GitHub/sot-graph/tests/test_collection_accounting.py",
      "/Users/giapminh79/code/GitHub/sot-graph/tests/test_diff_impact.py",
      "/Users/giapminh79/code/GitHub/sot-graph/tests/test_diff_impact_github.py",
      "/Users/giapminh79/code/GitHub/sot-graph/tests/test_engine_admin.py",
      "/Users/giapminh79/code/GitHub/sot-graph/tests/test_engine_trusted_config.py",
      "/Users/giapminh79/code/GitHub/sot-graph/tests/test_export.py",
      "/Users/giapminh79/code/GitHub/sot-graph/tests/test_gs_surface_catalog.py",
      "/Users/giapminh79/code/GitHub/sot-graph/tests/test_gs_surface_lifecycle.py",
      "/Users/giapminh79/code/GitHub/sot-graph/tests/test_hardening_fixes.py",
      "/Users/giapminh79/code/GitHub/sot-graph/tests/test_impact_pipeline.py",
      "/Users/giapminh79/code/GitHub/sot-graph/tests/test_managed_config_recovery.py",
      "/Users/giapminh79/code/GitHub/sot-graph/tests/test_optimizations.py",
      "/Users/giapminh79/code/GitHub/sot-graph/tests/test_p2_orchestrator.py",
      "/Users/giapminh79/code/GitHub/sot-graph/tests/test_providers_cross_check.py",
      "/Users/giapminh79/code/GitHub/sot-graph/tests/test_providers_registry.py",
      "/Users/giapminh79/code/GitHub/sot-graph/tests/test_report_conformance.py",
      "/Users/giapminh79/code/GitHub/sot-graph/tests/test_sg107_stress.py",
      "/Users/giapminh79/code/GitHub/sot-graph/tests/test_storage_integrity.py",
      "/Users/giapminh79/code/GitHub/sot-graph/tests/test_trusted_managed_config.py",
      "tests/test_engine_trusted_config.py",
      "tests/test_managed_config_recovery.py",
      "tests/test_trusted_managed_config.py"
    ],
    "invalidated_evidence": [],
    "invalidated_evidence_dead_count": 0,
    "collection_stats": {
      "changed_files": {
        "enumerated_count": 15,
        "returned_count": 15,
        "cap": 200,
        "truncated": false,
        "cursor_exhausted": true
      },
      "invalidated_evidence": {
        "enumerated_count": 0,
        "returned_count": 0,
        "cap": 50,
        "truncated": false,
        "cursor_exhausted": true
      },
      "ledger_runs": {
        "enumerated_count": 0,
        "returned_count": 0,
        "cap": 200,
        "truncated": false,
        "cursor_exhausted": true
      },
      "ledger_union": {
        "enumerated_count": 0,
        "returned_count": 0,
        "cap": 5000,
        "truncated": false,
        "cursor_exhausted": true
      }
    },
    "post_change_snapshot": {
      "snapshot_id": null,
      "descriptor_digest": "sha256:7a89ddba3c41233786dc0e93c1e8e081cf7584426bac8136bdff368c4019d2e6",
      "role": "post_change",
      "commit_sha": "3468796447a993a45f7ed9be3984a1fd16902596",
      "dirty": true,
      "dirty_fingerprint": "sha256:19ae62fef15e28f603c355bf4ffa45878fc9414d80e041c4f752ba71a15cdebd",
      "manifest_digest": null,
      "generation": null,
      "algo_version": "sha256-v2",
      "captured_at": 1788684923,
      "content_digests": {
        "plan/python-c-monorepo/evidence/completion-goals/M3c/20260906-recovery-v1/claims.log": "a123cb021ab9b0e4082989ec03817ad3898d5208c58de9f691cba9beba17acef",
        "plan/python-c-monorepo/evidence/completion-goals/M3c/20260906-recovery-v1/doctor.log": "63f914fcf1a332613d29bebe6ec79d27fd22f4c74334951965168730f934d784",
        "plan/python-c-monorepo/evidence/completion-goals/M3c/20260906-recovery-v1/full-pytest.log": "debd98ed450621233ed48cbe3da9a284dca19b612f1f474fcea00527af413f5d",
        "plan/python-c-monorepo/evidence/completion-goals/M3c/20260906-recovery-v1/impact.log": "e3b0c44298fc1c149afbf4c8996fb92427ae41e4649b934ca495991b7852b855",
        "plan/python-c-monorepo/evidence/completion-goals/M3c/20260906-recovery-v1/lint.log": "82b3e6a6c090a57601d22943bd23fca9218d1031dbe5a7b754092f9a156b4f18",
        "plan/python-c-monorepo/evidence/completion-goals/M3c/20260906-recovery-v1/quality.log": "fc4996a57dfb336d37d4ad427a198957eb082fd349bcdaa44daa34332caa0774",
        "plan/python-c-monorepo/evidence/completion-goals/M3c/20260906-recovery-v1/reconcile.log": "3d33852ab15ff94c605eeb19dde7aacc3b4b27c02fb26df80305362cfb53907f",
        "plan/python-c-monorepo/evidence/completion-goals/M3c/20260906-recovery-v1/types.log": "6d88a1b220adb7a3d62092b6e38431f0b3fe8babe9864fab90e5849766260332",
        "plan/python-c-monorepo/trusted-opt-in-runbook.md": "6852a239838357f6ff64c1ef35deecabe632b51afab1f12fb69f4045e7bd1960",
        "plan/remaining-work-phased-plan-2026-09-05.md": "4aa2465146977de511db70d4f66d2b6d2ae9259cf5b06e786346f216cab9eabc",
        "src/sot_graph/providers/admin.py": "b0a2c18c5c4753f772e353c173f4e7ab016b6c0c97a38f00cc3a96d66cca34e1",
        "src/sot_graph/providers/trusted_config.py": "20a769fedb2ebbdb4414aed41b20aee6c2ba8d5c6d7639dd05e44aad4fcad48e",
        "tests/test_engine_trusted_config.py": "50c7ef1eac2efde7ddaa714f3ff5c496cbbc3740bb937b88077719505129d0aa",
        "tests/test_managed_config_recovery.py": "aec7fc1c42a1805577eae47aa8c71f0400df1a1fa412bbfdb6fac89685271fb3",
        "tests/test_trusted_managed_config.py": "7cd3ffd459a4e4b3b35679d8e18fccba03419028fe6cd91e9e61fab37e2dc228"
      },
      "scope_digest": "sha256:630e0cf8810e16dca1fe52d0c5965cf5bc106a4c057c1494025fceda9f1be248"
    },
    "reconcile": {
      "required": true,
      "note": "run `sot reconcile` to bind the post-change snapshot to a fresh index generation"
    },
    "summary": {
      "total_changed_files": 15,
      "total_hunks": 27,
      "total_direct_nodes": 30,
      "total_callers": 79,
      "total_apis": 0,
      "total_tests": 89,
      "risk_score": 80,
      "risk_level": "HIGH",
      "execution_time_ms": 81.19
    },
    "pre_receipt_digest": null,
    "pre_change_snapshot": {
      "descriptor_digest": "sha256:0c8794901ae40248623058bfe20f59a1fafed1816cfbd5949b68da00e971330e",
      "role": "pre_change",
      "commit_sha": "3468796447a993a45f7ed9be3984a1fd16902596",
      "dirty": true,
      "dirty_fingerprint": "sha256:19ae62fef15e28f603c355bf4ffa45878fc9414d80e041c4f752ba71a15cdebd",
      "manifest_digest": null,
      "generation": null,
      "algo_version": "sha256-v2",
      "content_digests": {
        "plan/python-c-monorepo/trusted-opt-in-runbook.md": "6852a239838357f6ff64c1ef35deecabe632b51afab1f12fb69f4045e7bd1960",
        "src/sot_graph/providers/admin.py": "b0a2c18c5c4753f772e353c173f4e7ab016b6c0c97a38f00cc3a96d66cca34e1",
        "src/sot_graph/providers/trusted_config.py": "20a769fedb2ebbdb4414aed41b20aee6c2ba8d5c6d7639dd05e44aad4fcad48e",
        "tests/test_engine_trusted_config.py": "50c7ef1eac2efde7ddaa714f3ff5c496cbbc3740bb937b88077719505129d0aa",
        "tests/test_trusted_managed_config.py": "7cd3ffd459a4e4b3b35679d8e18fccba03419028fe6cd91e9e61fab37e2dc228",
        "plan/python-c-monorepo/evidence/completion-goals/M3c/20260906-recovery-v1/claims.log": "a123cb021ab9b0e4082989ec03817ad3898d5208c58de9f691cba9beba17acef",
        "plan/python-c-monorepo/evidence/completion-goals/M3c/20260906-recovery-v1/doctor.log": "63f914fcf1a332613d29bebe6ec79d27fd22f4c74334951965168730f934d784",
        "plan/python-c-monorepo/evidence/completion-goals/M3c/20260906-recovery-v1/full-pytest.log": "debd98ed450621233ed48cbe3da9a284dca19b612f1f474fcea00527af413f5d",
        "plan/python-c-monorepo/evidence/completion-goals/M3c/20260906-recovery-v1/impact.log": "e3b0c44298fc1c149afbf4c8996fb92427ae41e4649b934ca495991b7852b855",
        "plan/python-c-monorepo/evidence/completion-goals/M3c/20260906-recovery-v1/lint.log": "82b3e6a6c090a57601d22943bd23fca9218d1031dbe5a7b754092f9a156b4f18",
        "plan/python-c-monorepo/evidence/completion-goals/M3c/20260906-recovery-v1/quality.log": "fc4996a57dfb336d37d4ad427a198957eb082fd349bcdaa44daa34332caa0774",
        "plan/python-c-monorepo/evidence/completion-goals/M3c/20260906-recovery-v1/reconcile.log": "3d33852ab15ff94c605eeb19dde7aacc3b4b27c02fb26df80305362cfb53907f",
        "plan/python-c-monorepo/evidence/completion-goals/M3c/20260906-recovery-v1/types.log": "6d88a1b220adb7a3d62092b6e38431f0b3fe8babe9864fab90e5849766260332",
        "plan/remaining-work-phased-plan-2026-09-05.md": "4aa2465146977de511db70d4f66d2b6d2ae9259cf5b06e786346f216cab9eabc",
        "tests/test_managed_config_recovery.py": "aec7fc1c42a1805577eae47aa8c71f0400df1a1fa412bbfdb6fac89685271fb3"
      },
      "scope_digest": "sha256:630e0cf8810e16dca1fe52d0c5965cf5bc106a4c057c1494025fceda9f1be248"
    },
    "remaining_gaps": [],
    "warnings": [],
    "closure_decision": "open",
    "omp_confirmations_remaining": [],
    "assurance_facts": {
      "identity_status": "UNIQUE",
      "snapshot_bound": true,
      "collection_error": false,
      "stale_files": [
        "plan/python-c-monorepo/evidence/completion-goals/M3c/20260906-recovery-v1/claims.log",
        "plan/python-c-monorepo/evidence/completion-goals/M3c/20260906-recovery-v1/doctor.log",
        "plan/python-c-monorepo/evidence/completion-goals/M3c/20260906-recovery-v1/full-pytest.log",
        "plan/python-c-monorepo/evidence/completion-goals/M3c/20260906-recovery-v1/impact.log",
        "plan/python-c-monorepo/evidence/completion-goals/M3c/20260906-recovery-v1/lint.log",
        "plan/python-c-monorepo/evidence/completion-goals/M3c/20260906-recovery-v1/quality.log",
        "plan/python-c-monorepo/evidence/completion-goals/M3c/20260906-recovery-v1/reconcile.log",
        "plan/python-c-monorepo/evidence/completion-goals/M3c/20260906-recovery-v1/types.log"
      ],
      "coverage_measured": false,
      "coverage_fraction": null,
      "coverage_floor": 0.9,
      "parser_failures": 0,
      "unresolved_count": 0,
      "unresolved_budget": 0,
      "open_conflicts": 0,
      "truncated": false,
      "truncation_sources": [],
      "enumeration_complete": null,
      "parser_capability_complete": null,
      "partial_ast_present": false,
      "provider_capability_ok": true,
      "absence_claim": false,
      "gate_blocked": false,
      "dynamic_dispatch_unresolved": true,
      "claim_profile": "scoped"
    },
    "assurance": {
      "status": "STALE",
      "reason_codes": [
        "stale_sources",
        "dynamic_dispatch_unresolved"
      ],
      "decision": {
        "status": "STALE",
        "reason_codes": [
          "stale_sources",
          "dynamic_dispatch_unresolved"
        ]
      }
    },
    "digest": "788c3ffa14571e9e37975fbd28bb2e513cb546e57c10d730fb71e86971da9d07",
    "request": {
      "schema_version": "impact-request/1",
      "target": "HEAD",
      "staged": false,
      "working_tree": true,
      "depth": 2,
      "auto_reconcile": false,
      "reconcile_provenance": "pipeline"
    },
    "projection": {
      "collections": [
        {
          "key": "changed_files",
          "enumerated_count": 15,
          "returned_count": 15,
          "truncated": false,
          "cap": 200,
          "cursor_exhausted": true
        },
        {
          "key": "direct_nodes",
          "enumerated_count": 30,
          "returned_count": 30,
          "truncated": false
        },
        {
          "key": "caller_impacts",
          "enumerated_count": 79,
          "returned_count": 79,
          "truncated": false
        },
        {
          "key": "test_impacts",
          "enumerated_count": 89,
          "returned_count": 89,
          "truncated": false
        },
        {
          "key": "api_impacts",
          "enumerated_count": 0,
          "returned_count": 0,
          "truncated": false
        },
        {
          "key": "tests_to_run",
          "enumerated_count": 26,
          "returned_count": 26,
          "truncated": false
        }
      ],
      "next_cursor": null
    },
    "stale_files": []
  },
  "kind": "diff_impact",
  "proof_scope": "post_change",
  "diff_identity": {
    "target": "HEAD",
    "staged": false,
    "working_tree": true
  },
  "changed_files": [
    "plan/python-c-monorepo/evidence/completion-goals/M3c/20260906-recovery-v1/claims.log",
    "plan/python-c-monorepo/evidence/completion-goals/M3c/20260906-recovery-v1/doctor.log",
    "plan/python-c-monorepo/evidence/completion-goals/M3c/20260906-recovery-v1/full-pytest.log",
    "plan/python-c-monorepo/evidence/completion-goals/M3c/20260906-recovery-v1/impact.log",
    "plan/python-c-monorepo/evidence/completion-goals/M3c/20260906-recovery-v1/lint.log",
    "plan/python-c-monorepo/evidence/completion-goals/M3c/20260906-recovery-v1/quality.log",
    "plan/python-c-monorepo/evidence/completion-goals/M3c/20260906-recovery-v1/reconcile.log",
    "plan/python-c-monorepo/evidence/completion-goals/M3c/20260906-recovery-v1/types.log",
    "plan/python-c-monorepo/trusted-opt-in-runbook.md",
    "plan/remaining-work-phased-plan-2026-09-05.md",
    "src/sot_graph/providers/admin.py",
    "src/sot_graph/providers/trusted_config.py",
    "tests/test_engine_trusted_config.py",
    "tests/test_managed_config_recovery.py",
    "tests/test_trusted_managed_config.py"
  ],
  "changed_files_total": 15,
  "changed_files_truncated": false,
  "direct_nodes": [
    {
      "id": "file:051819ccb3cb",
      "path": "/Users/giapminh79/code/GitHub/sot-graph/plan/python-c-monorepo/trusted-opt-in-runbook.md",
      "kind": "file",
      "symbol": "trusted-opt-in-runbook.md",
      "fqn": "plan.python-c-monorepo.trusted-opt-in-runbook.md",
      "label": "File: plan/python-c-monorepo/trusted-opt-in-runbook.md",
      "line_start": 1,
      "line_end": 133,
      "change_type": "modified",
      "intersected_lines": [
        [
          5,
          5
        ],
        [
          31,
          31
        ],
        [
          35,
          35
        ],
        [
          91,
          116
        ],
        [
          121,
          121
        ],
        [
          132,
          132
        ]
      ]
    },
    {
      "id": "file:7b2e2b978702",
      "path": "/Users/giapminh79/code/GitHub/sot-graph/plan/remaining-work-phased-plan-2026-09-05.md",
      "kind": "file",
      "symbol": "remaining-work-phased-plan-2026-09-05.md",
      "fqn": "plan.remaining-work-phased-plan-2026-09-05.md",
      "label": "File: plan/remaining-work-phased-plan-2026-09-05.md",
      "line_start": 1,
      "line_end": 149,
      "change_type": "modified",
      "intersected_lines": [
        [
          1,
          148
        ]
      ]
    },
    {
      "id": "file:f2ac5e6c7a1c",
      "path": "/Users/giapminh79/code/GitHub/sot-graph/src/sot_graph/providers/admin.py",
      "kind": "file",
      "symbol": "admin.py",
      "fqn": "sot_graph.providers.admin",
      "label": "File: src/sot_graph/providers/admin.py",
      "line_start": 1,
      "line_end": 197,
      "change_type": "modified",
      "intersected_lines": [
        [
          17,
          17
        ],
        [
          29,
          30
        ],
        [
          72,
          72
        ],
        [
          94,
          97
        ]
      ]
    },
    {
      "id": "sym:f2ac5e6c7a1c:add_parser",
      "path": "/Users/giapminh79/code/GitHub/sot-graph/src/sot_graph/providers/admin.py",
      "kind": "function",
      "symbol": "add_parser",
      "fqn": "sot_graph.providers.admin.add_parser",
      "label": "def add_parser \u2014 src/sot_graph/providers/admin.py:15",
      "line_start": 15,
      "line_end": 39,
      "change_type": "modified",
      "intersected_lines": [
        [
          17,
          17
        ],
        [
          29,
          30
        ]
      ]
    },
    {
      "id": "sym:f2ac5e6c7a1c:run",
      "path": "/Users/giapminh79/code/GitHub/sot-graph/src/sot_graph/providers/admin.py",
      "kind": "function",
      "symbol": "run",
      "fqn": "sot_graph.providers.admin.run",
      "label": "def run \u2014 src/sot_graph/providers/admin.py:69",
      "line_start": 69,
      "line_end": 196,
      "change_type": "modified",
      "intersected_lines": [
        [
          72,
          72
        ],
        [
          94,
          97
        ]
      ]
    },
    {
      "id": "file:0b1fac0e53d6",
      "path": "/Users/giapminh79/code/GitHub/sot-graph/src/sot_graph/providers/trusted_config.py",
      "kind": "file",
      "symbol": "trusted_config.py",
      "fqn": "sot_graph.providers.trusted_config",
      "label": "File: src/sot_graph/providers/trusted_config.py",
      "line_start": 1,
      "line_end": 375,
      "change_type": "modified",
      "intersected_lines": [
        [
          297,
          374
        ]
      ]
    },
    {
      "id": "sym:0b1fac0e53d6:managed_config_status",
      "path": "/Users/giapminh79/code/GitHub/sot-graph/src/sot_graph/providers/trusted_config.py",
      "kind": "function",
      "symbol": "managed_config_status",
      "fqn": "sot_graph.providers.trusted_config.managed_config_status",
      "label": "def managed_config_status \u2014 src/sot_graph/providers/trusted_config.py:296",
      "line_start": 296,
      "line_end": 374,
      "change_type": "modified",
      "intersected_lines": [
        [
          297,
          374
        ]
      ]
    },
    {
      "id": "sym:0b1fac0e53d6:managed_config_status.refuse",
      "path": "/Users/giapminh79/code/GitHub/sot-graph/src/sot_graph/providers/trusted_config.py",
      "kind": "method",
      "symbol": "managed_config_status.refuse",
      "fqn": "sot_graph.providers.trusted_config.managed_config_status.refuse",
      "label": "def refuse \u2014 src/sot_graph/providers/trusted_config.py:313",
      "line_start": 313,
      "line_end": 316,
      "change_type": "modified",
      "intersected_lines": [
        [
          297,
          374
        ]
      ]
    },
    {
      "id": "file:42626f773bdb",
      "path": "/Users/giapminh79/code/GitHub/sot-graph/tests/test_engine_trusted_config.py",
      "kind": "file",
      "symbol": "test_engine_trusted_config.py",
      "fqn": "tests.test_engine_trusted_config",
      "label": "File: tests/test_engine_trusted_config.py",
      "line_start": 1,
      "line_end": 81,
      "change_type": "modified",
      "intersected_lines": [
        [
          21,
          31
        ],
        [
          38,
          38
        ],
        [
          42,
          49
        ],
        [
          51,
          61
        ]
      ]
    },
    {
      "id": "sym:42626f773bdb:test_cli_register_status_disable_persist_without_native",
      "path": "/Users/giapminh79/code/GitHub/sot-graph/tests/test_engine_trusted_config.py",
      "kind": "function",
      "symbol": "test_cli_register_status_disable_persist_without_native",
      "fqn": "tests.test_engine_trusted_config.test_cli_register_status_disable_persist_without_native",
      "label": "def test_cli_register_status_disable_persist_without_native \u2014 tests/test_engine_trusted_config.py:13",
      "line_start": 13,
      "line_end": 35,
      "change_type": "modified",
      "intersected_lines": [
        [
          21,
          31
        ]
      ]
    },
    {
      "id": "sym:42626f773bdb:test_cli_default_off_does_not_create_config",
      "path": "/Users/giapminh79/code/GitHub/sot-graph/tests/test_engine_trusted_config.py",
      "kind": "function",
      "symbol": "test_cli_default_off_does_not_create_config",
      "fqn": "tests.test_engine_trusted_config.test_cli_default_off_does_not_create_config",
      "label": "def test_cli_default_off_does_not_create_config \u2014 tests/test_engine_trusted_config.py:38",
      "line_start": 38,
      "line_end": 63,
      "change_type": "modified",
      "intersected_lines": [
        [
          38,
          38
        ],
        [
          42,
          49
        ],
        [
          51,
          61
        ]
      ]
    },
    {
      "id": "file:79099f3a4874",
      "path": "/Users/giapminh79/code/GitHub/sot-graph/tests/test_managed_config_recovery.py",
      "kind": "file",
      "symbol": "test_managed_config_recovery.py",
      "fqn": "tests.test_managed_config_recovery",
      "label": "File: tests/test_managed_config_recovery.py",
      "line_start": 1,
      "line_end": 268,
      "change_type": "modified",
      "intersected_lines": [
        [
          1,
          267
        ]
      ]
    },
    {
      "id": "sym:79099f3a4874:snapshot",
      "path": "/Users/giapminh79/code/GitHub/sot-graph/tests/test_managed_config_recovery.py",
      "kind": "function",
      "symbol": "snapshot",
      "fqn": "tests.test_managed_config_recovery.snapshot",
      "label": "def snapshot \u2014 tests/test_managed_config_recovery.py:20",
      "line_start": 20,
      "line_end": 22,
      "change_type": "modified",
      "intersected_lines": [
        [
          1,
          267
        ]
      ]
    },
    {
      "id": "sym:79099f3a4874:observe",
      "path": "/Users/giapminh79/code/GitHub/sot-graph/tests/test_managed_config_recovery.py",
      "kind": "function",
      "symbol": "observe",
      "fqn": "tests.test_managed_config_recovery.observe",
      "label": "def observe \u2014 tests/test_managed_config_recovery.py:25",
      "line_start": 25,
      "line_end": 35,
      "change_type": "modified",
      "intersected_lines": [
        [
          1,
          267
        ]
      ]
    },
    {
      "id": "sym:79099f3a4874:test_restart_loads_persisted_binding_without_runtime_preparation",
      "path": "/Users/giapminh79/code/GitHub/sot-graph/tests/test_managed_config_recovery.py",
      "kind": "function",
      "symbol": "test_restart_loads_persisted_binding_without_runtime_preparation",
      "fqn": "tests.test_managed_config_recovery.test_restart_loads_persisted_binding_without_runtime_preparation",
      "label": "def test_restart_loads_persisted_binding_without_runtime_preparation \u2014 tests/test_managed_config_recovery.py:38",
      "line_start": 38,
      "line_end": 61,
      "change_type": "modified",
      "intersected_lines": [
        [
          1,
          267
        ]
      ]
    },
    {
      "id": "sym:79099f3a4874:test_persisted_failures_have_fixed_safe_remediation",
      "path": "/Users/giapminh79/code/GitHub/sot-graph/tests/test_managed_config_recovery.py",
      "kind": "function",
      "symbol": "test_persisted_failures_have_fixed_safe_remediation",
      "fqn": "tests.test_managed_config_recovery.test_persisted_failures_have_fixed_safe_remediation",
      "label": "def test_persisted_failures_have_fixed_safe_remediation \u2014 tests/test_managed_config_recovery.py:71",
      "line_start": 71,
      "line_end": 97,
      "change_type": "modified",
      "intersected_lines": [
        [
          1,
          267
        ]
      ]
    },
    {
      "id": "sym:79099f3a4874:test_artifact_resolver_exceptions_are_sanitized",
      "path": "/Users/giapminh79/code/GitHub/sot-graph/tests/test_managed_config_recovery.py",
      "kind": "function",
      "symbol": "test_artifact_resolver_exceptions_are_sanitized",
      "fqn": "tests.test_managed_config_recovery.test_artifact_resolver_exceptions_are_sanitized",
      "label": "def test_artifact_resolver_exceptions_are_sanitized \u2014 tests/test_managed_config_recovery.py:101",
      "line_start": 101,
      "line_end": 119,
      "change_type": "modified",
      "intersected_lines": [
        [
          1,
          267
        ]
      ]
    },
    {
      "id": "sym:79099f3a4874:test_artifact_resolver_exceptions_are_sanitized.broken_resolve",
      "path": "/Users/giapminh79/code/GitHub/sot-graph/tests/test_managed_config_recovery.py",
      "kind": "method",
      "symbol": "test_artifact_resolver_exceptions_are_sanitized.broken_resolve",
      "fqn": "tests.test_managed_config_recovery.test_artifact_resolver_exceptions_are_sanitized.broken_resolve",
      "label": "def broken_resolve \u2014 tests/test_managed_config_recovery.py:105",
      "line_start": 105,
      "line_end": 106,
      "change_type": "modified",
      "intersected_lines": [
        [
          1,
          267
        ]
      ]
    },
    {
      "id": "sym:79099f3a4874:test_installation_and_profile_runtime_errors_are_sanitized",
      "path": "/Users/giapminh79/code/GitHub/sot-graph/tests/test_managed_config_recovery.py",
      "kind": "function",
      "symbol": "test_installation_and_profile_runtime_errors_are_sanitized",
      "fqn": "tests.test_managed_config_recovery.test_installation_and_profile_runtime_errors_are_sanitized",
      "label": "def test_installation_and_profile_runtime_errors_are_sanitized \u2014 tests/test_managed_config_recovery.py:126",
      "line_start": 126,
      "line_end": 151,
      "change_type": "modified",
      "intersected_lines": [
        [
          1,
          267
        ]
      ]
    },
    {
      "id": "sym:79099f3a4874:test_installation_and_profile_runtime_errors_are_sanitized.broken",
      "path": "/Users/giapminh79/code/GitHub/sot-graph/tests/test_managed_config_recovery.py",
      "kind": "method",
      "symbol": "test_installation_and_profile_runtime_errors_are_sanitized.broken",
      "fqn": "tests.test_managed_config_recovery.test_installation_and_profile_runtime_errors_are_sanitized.broken",
      "label": "def broken \u2014 tests/test_managed_config_recovery.py:130",
      "line_start": 130,
      "line_end": 131,
      "change_type": "modified",
      "intersected_lines": [
        [
          1,
          267
        ]
      ]
    },
    {
      "id": "sym:79099f3a4874:test_unsupported_platform_diagnostics_refuse_but_default_loader_stays_off",
      "path": "/Users/giapminh79/code/GitHub/sot-graph/tests/test_managed_config_recovery.py",
      "kind": "function",
      "symbol": "test_unsupported_platform_diagnostics_refuse_but_default_loader_stays_off",
      "fqn": "tests.test_managed_config_recovery.test_unsupported_platform_diagnostics_refuse_but_default_loader_stays_off",
      "label": "def test_unsupported_platform_diagnostics_refuse_but_default_loader_stays_off \u2014 tests/test_managed_config_recovery.py:154",
      "line_start": 154,
      "line_end": 172,
      "change_type": "modified",
      "intersected_lines": [
        [
          1,
          267
        ]
      ]
    },
    {
      "id": "sym:79099f3a4874:test_synthetic_foreign_profile_is_quarantined_without_native_schema_claim",
      "path": "/Users/giapminh79/code/GitHub/sot-graph/tests/test_managed_config_recovery.py",
      "kind": "function",
      "symbol": "test_synthetic_foreign_profile_is_quarantined_without_native_schema_claim",
      "fqn": "tests.test_managed_config_recovery.test_synthetic_foreign_profile_is_quarantined_without_native_schema_claim",
      "label": "def test_synthetic_foreign_profile_is_quarantined_without_native_schema_claim \u2014 tests/test_managed_config_recovery.py:175",
      "line_start": 175,
      "line_end": 194,
      "change_type": "modified",
      "intersected_lines": [
        [
          1,
          267
        ]
      ]
    },
    {
      "id": "sym:79099f3a4874:test_disable_preserves_notes_evidence_and_index_without_artifact_resolution",
      "path": "/Users/giapminh79/code/GitHub/sot-graph/tests/test_managed_config_recovery.py",
      "kind": "function",
      "symbol": "test_disable_preserves_notes_evidence_and_index_without_artifact_resolution",
      "fqn": "tests.test_managed_config_recovery.test_disable_preserves_notes_evidence_and_index_without_artifact_resolution",
      "label": "def test_disable_preserves_notes_evidence_and_index_without_artifact_resolution \u2014 tests/test_managed_config_recovery.py:197",
      "line_start": 197,
      "line_end": 213,
      "change_type": "modified",
      "intersected_lines": [
        [
          1,
          267
        ]
      ]
    },
    {
      "id": "sym:79099f3a4874:test_disable_preserves_notes_evidence_and_index_without_artifact_resolution.forbidden",
      "path": "/Users/giapminh79/code/GitHub/sot-graph/tests/test_managed_config_recovery.py",
      "kind": "method",
      "symbol": "test_disable_preserves_notes_evidence_and_index_without_artifact_resolution.forbidden",
      "fqn": "tests.test_managed_config_recovery.test_disable_preserves_notes_evidence_and_index_without_artifact_resolution.forbidden",
      "label": "def forbidden \u2014 tests/test_managed_config_recovery.py:205",
      "line_start": 205,
      "line_end": 206,
      "change_type": "modified",
      "intersected_lines": [
        [
          1,
          267
        ]
      ]
    },
    {
      "id": "sym:79099f3a4874:test_different_digest_refuses_then_verified_old_artifact_rollback_restores_binding",
      "path": "/Users/giapminh79/code/GitHub/sot-graph/tests/test_managed_config_recovery.py",
      "kind": "function",
      "symbol": "test_different_digest_refuses_then_verified_old_artifact_rollback_restores_binding",
      "fqn": "tests.test_managed_config_recovery.test_different_digest_refuses_then_verified_old_artifact_rollback_restores_binding",
      "label": "def test_different_digest_refuses_then_verified_old_artifact_rollback_restores_binding \u2014 tests/test_managed_config_recovery.py:216",
      "line_start": 216,
      "line_end": 242,
      "change_type": "modified",
      "intersected_lines": [
        [
          1,
          267
        ]
      ]
    },
    {
      "id": "sym:79099f3a4874:test_cli_diagnostics_are_store_optional_read_only_and_never_index",
      "path": "/Users/giapminh79/code/GitHub/sot-graph/tests/test_managed_config_recovery.py",
      "kind": "function",
      "symbol": "test_cli_diagnostics_are_store_optional_read_only_and_never_index",
      "fqn": "tests.test_managed_config_recovery.test_cli_diagnostics_are_store_optional_read_only_and_never_index",
      "label": "def test_cli_diagnostics_are_store_optional_read_only_and_never_index \u2014 tests/test_managed_config_recovery.py:247",
      "line_start": 247,
      "line_end": 267,
      "change_type": "modified",
      "intersected_lines": [
        [
          1,
          267
        ]
      ]
    },
    {
      "id": "sym:79099f3a4874:test_cli_diagnostics_are_store_optional_read_only_and_never_index.forbidden",
      "path": "/Users/giapminh79/code/GitHub/sot-graph/tests/test_managed_config_recovery.py",
      "kind": "method",
      "symbol": "test_cli_diagnostics_are_store_optional_read_only_and_never_index.forbidden",
      "fqn": "tests.test_managed_config_recovery.test_cli_diagnostics_are_store_optional_read_only_and_never_index.forbidden",
      "label": "def forbidden \u2014 tests/test_managed_config_recovery.py:255",
      "line_start": 255,
      "line_end": 256,
      "change_type": "modified",
      "intersected_lines": [
        [
          1,
          267
        ]
      ]
    },
    {
      "id": "file:1dbbec2c433c",
      "path": "/Users/giapminh79/code/GitHub/sot-graph/tests/test_trusted_managed_config.py",
      "kind": "file",
      "symbol": "test_trusted_managed_config.py",
      "fqn": "tests.test_trusted_managed_config",
      "label": "File: tests/test_trusted_managed_config.py",
      "line_start": 1,
      "line_end": 399,
      "change_type": "modified",
      "intersected_lines": [
        [
          269,
          276
        ],
        [
          379,
          385
        ]
      ]
    },
    {
      "id": "sym:1dbbec2c433c:test_unsupported_platform_defaults_off_but_explicit_admin_refuses",
      "path": "/Users/giapminh79/code/GitHub/sot-graph/tests/test_trusted_managed_config.py",
      "kind": "function",
      "symbol": "test_unsupported_platform_defaults_off_but_explicit_admin_refuses",
      "fqn": "tests.test_trusted_managed_config.test_unsupported_platform_defaults_off_but_explicit_admin_refuses",
      "label": "def test_unsupported_platform_defaults_off_but_explicit_admin_refuses \u2014 tests/test_trusted_managed_config.py:248",
      "line_start": 248,
      "line_end": 276,
      "change_type": "modified",
      "intersected_lines": [
        [
          269,
          276
        ]
      ]
    },
    {
      "id": "sym:1dbbec2c433c:test_malformed_unrelated_project_blocks_load_and_disable_without_rewriting",
      "path": "/Users/giapminh79/code/GitHub/sot-graph/tests/test_trusted_managed_config.py",
      "kind": "function",
      "symbol": "test_malformed_unrelated_project_blocks_load_and_disable_without_rewriting",
      "fqn": "tests.test_trusted_managed_config.test_malformed_unrelated_project_blocks_load_and_disable_without_rewriting",
      "label": "def test_malformed_unrelated_project_blocks_load_and_disable_without_rewriting \u2014 tests/test_trusted_managed_config.py:363",
      "line_start": 363,
      "line_end": 386,
      "change_type": "modified",
      "intersected_lines": [
        [
          379,
          385
        ]
      ]
    }
  ],
  "caller_impacts": [
    {
      "id": "sym:11e43dd9b5a3:main",
      "path": "/Users/giapminh79/code/GitHub/sot-graph/scripts/bench_sg201_sg202_exit_gates.py",
      "kind": "function",
      "symbol": "main",
      "fqn": "scripts.bench_sg201_sg202_exit_gates.main",
      "label": "def main \u2014 scripts/bench_sg201_sg202_exit_gates.py:237",
      "line_start": 237,
      "depth": 1,
      "via_relation": "calls",
      "callee_id": "sym:f2ac5e6c7a1c:add_parser",
      "callee_symbol": "add_parser"
    },
    {
      "id": "file:a299afe5c13c",
      "path": "/Users/giapminh79/code/GitHub/sot-graph/src/sot_graph/cli.py",
      "kind": "file",
      "symbol": "cli.py",
      "fqn": "sot_graph.cli",
      "label": "File: src/sot_graph/cli.py",
      "line_start": 1,
      "depth": 1,
      "via_relation": "imports",
      "callee_id": "sym:f2ac5e6c7a1c:add_parser",
      "callee_symbol": "add_parser"
    },
    {
      "id": "sym:a299afe5c13c:build_parser",
      "path": "/Users/giapminh79/code/GitHub/sot-graph/src/sot_graph/cli.py",
      "kind": "function",
      "symbol": "build_parser",
      "fqn": "sot_graph.cli.build_parser",
      "label": "def build_parser \u2014 src/sot_graph/cli.py:2170",
      "line_start": 2170,
      "depth": 1,
      "via_relation": "calls",
      "callee_id": "sym:f2ac5e6c7a1c:add_parser",
      "callee_symbol": "add_parser"
    },
    {
      "id": "sym:a299afe5c13c:main",
      "path": "/Users/giapminh79/code/GitHub/sot-graph/src/sot_graph/cli.py",
      "kind": "function",
      "symbol": "main",
      "fqn": "sot_graph.cli.main",
      "label": "def main \u2014 src/sot_graph/cli.py:2513",
      "line_start": 2513,
      "depth": 1,
      "via_relation": "calls",
      "callee_id": "sym:f2ac5e6c7a1c:run",
      "callee_symbol": "run"
    },
    {
      "id": "sym:6760c8ade414:run_stdio",
      "path": "/Users/giapminh79/code/GitHub/sot-graph/src/sot_graph/mcp_server.py",
      "kind": "function",
      "symbol": "run_stdio",
      "fqn": "sot_graph.mcp_server.run_stdio",
      "label": "async def run_stdio \u2014 src/sot_graph/mcp_server.py:758",
      "line_start": 758,
      "depth": 1,
      "via_relation": "calls",
      "callee_id": "sym:f2ac5e6c7a1c:run",
      "callee_symbol": "run"
    },
    {
      "id": "sym:1dbbec2c433c:test_missing_configuration_is_default_off_without_mkdir",
      "path": "/Users/giapminh79/code/GitHub/sot-graph/tests/test_trusted_managed_config.py",
      "kind": "function",
      "symbol": "test_missing_configuration_is_default_off_without_mkdir",
      "fqn": "tests.test_trusted_managed_config.test_missing_configuration_is_default_off_without_mkdir",
      "label": "def test_missing_configuration_is_default_off_without_mkdir \u2014 tests/test_trusted_managed_config.py:62",
      "line_start": 62,
      "depth": 1,
      "via_relation": "calls",
      "callee_id": "sym:0b1fac0e53d6:managed_config_status",
      "callee_symbol": "managed_config_status"
    },
    {
      "id": "sym:1dbbec2c433c:test_disable_preserves_repository_evidence_and_does_not_resolve",
      "path": "/Users/giapminh79/code/GitHub/sot-graph/tests/test_trusted_managed_config.py",
      "kind": "function",
      "symbol": "test_disable_preserves_repository_evidence_and_does_not_resolve",
      "fqn": "tests.test_trusted_managed_config.test_disable_preserves_repository_evidence_and_does_not_resolve",
      "label": "def test_disable_preserves_repository_evidence_and_does_not_resolve \u2014 tests/test_trusted_managed_config.py:175",
      "line_start": 175,
      "depth": 1,
      "via_relation": "calls",
      "callee_id": "sym:0b1fac0e53d6:managed_config_status",
      "callee_symbol": "managed_config_status"
    },
    {
      "id": "file:a19ed4a6c769",
      "path": "/Users/giapminh79/code/GitHub/sot-graph/scripts/adapter_docs_check.py",
      "kind": "file",
      "symbol": "adapter_docs_check.py",
      "fqn": "scripts.adapter_docs_check",
      "label": "File: scripts/adapter_docs_check.py",
      "line_start": 1,
      "depth": 2,
      "via_relation": "imports",
      "callee_id": "sym:a299afe5c13c:build_parser",
      "callee_symbol": "build_parser"
    },
    {
      "id": "sym:a19ed4a6c769:CliTruth.__init__",
      "path": "/Users/giapminh79/code/GitHub/sot-graph/scripts/adapter_docs_check.py",
      "kind": "method",
      "symbol": "CliTruth.__init__",
      "fqn": "scripts.adapter_docs_check.CliTruth.__init__",
      "label": "def __init__ \u2014 scripts/adapter_docs_check.py:146",
      "line_start": 146,
      "depth": 2,
      "via_relation": "calls",
      "callee_id": "sym:a299afe5c13c:build_parser",
      "callee_symbol": "build_parser"
    },
    {
      "id": "file:d96f963a2a22",
      "path": "/Users/giapminh79/code/GitHub/sot-graph/scripts/module_eval.py",
      "kind": "file",
      "symbol": "module_eval.py",
      "fqn": "scripts.module_eval",
      "label": "File: scripts/module_eval.py",
      "line_start": 1,
      "depth": 2,
      "via_relation": "imports",
      "callee_id": "sym:a299afe5c13c:build_parser",
      "callee_symbol": "build_parser"
    },
    {
      "id": "sym:d96f963a2a22:_probe_cli_hybrid_scope_ignored",
      "path": "/Users/giapminh79/code/GitHub/sot-graph/scripts/module_eval.py",
      "kind": "function",
      "symbol": "_probe_cli_hybrid_scope_ignored",
      "fqn": "scripts.module_eval._probe_cli_hybrid_scope_ignored",
      "label": "def _probe_cli_hybrid_scope_ignored \u2014 scripts/module_eval.py:271",
      "line_start": 271,
      "depth": 2,
      "via_relation": "calls",
      "callee_id": "sym:a299afe5c13c:build_parser",
      "callee_symbol": "build_parser"
    },
    {
      "id": "sym:6760c8ade414:main",
      "path": "/Users/giapminh79/code/GitHub/sot-graph/src/sot_graph/mcp_server.py",
      "kind": "function",
      "symbol": "main",
      "fqn": "sot_graph.mcp_server.main",
      "label": "def main \u2014 src/sot_graph/mcp_server.py:769",
      "line_start": 769,
      "depth": 2,
      "via_relation": "calls",
      "callee_id": "sym:6760c8ade414:run_stdio",
      "callee_symbol": "run_stdio"
    },
    {
      "id": "file:7d61a587199b",
      "path": "/Users/giapminh79/code/GitHub/sot-graph/tests/test_adapters.py",
      "kind": "file",
      "symbol": "test_adapters.py",
      "fqn": "tests.test_adapters",
      "label": "File: tests/test_adapters.py",
      "line_start": 1,
      "depth": 2,
      "via_relation": "imports",
      "callee_id": "sym:a299afe5c13c:build_parser",
      "callee_symbol": "build_parser"
    },
    {
      "id": "sym:7d61a587199b:TestHarnessAdapters.test_cli_setup_pi_alias",
      "path": "/Users/giapminh79/code/GitHub/sot-graph/tests/test_adapters.py",
      "kind": "method",
      "symbol": "TestHarnessAdapters.test_cli_setup_pi_alias",
      "fqn": "tests.test_adapters.TestHarnessAdapters.test_cli_setup_pi_alias",
      "label": "def test_cli_setup_pi_alias \u2014 tests/test_adapters.py:178",
      "line_start": 178,
      "depth": 2,
      "via_relation": "calls",
      "callee_id": "sym:a299afe5c13c:build_parser",
      "callee_symbol": "build_parser"
    },
    {
      "id": "sym:7d61a587199b:TestHarnessAdapters.test_cli_setup_command",
      "path": "/Users/giapminh79/code/GitHub/sot-graph/tests/test_adapters.py",
      "kind": "method",
      "symbol": "TestHarnessAdapters.test_cli_setup_command",
      "fqn": "tests.test_adapters.TestHarnessAdapters.test_cli_setup_command",
      "label": "def test_cli_setup_command \u2014 tests/test_adapters.py:187",
      "line_start": 187,
      "depth": 2,
      "via_relation": "calls",
      "callee_id": "sym:a299afe5c13c:build_parser",
      "callee_symbol": "build_parser"
    },
    {
      "id": "file:98baf308e487",
      "path": "/Users/giapminh79/code/GitHub/sot-graph/tests/test_analytics.py",
      "kind": "file",
      "symbol": "test_analytics.py",
      "fqn": "tests.test_analytics",
      "label": "File: tests/test_analytics.py",
      "line_start": 1,
      "depth": 2,
      "via_relation": "imports",
      "callee_id": "sym:a299afe5c13c:build_parser",
      "callee_symbol": "build_parser"
    },
    {
      "id": "sym:98baf308e487:AnalyticsTests.test_cli_report_and_cluster_commands",
      "path": "/Users/giapminh79/code/GitHub/sot-graph/tests/test_analytics.py",
      "kind": "method",
      "symbol": "AnalyticsTests.test_cli_report_and_cluster_commands",
      "fqn": "tests.test_analytics.AnalyticsTests.test_cli_report_and_cluster_commands",
      "label": "def test_cli_report_and_cluster_commands \u2014 tests/test_analytics.py:204",
      "line_start": 204,
      "depth": 2,
      "via_relation": "calls",
      "callee_id": "sym:a299afe5c13c:build_parser",
      "callee_symbol": "build_parser"
    },
    {
      "id": "file:d2961abaf2fd",
      "path": "/Users/giapminh79/code/GitHub/sot-graph/tests/test_bundle.py",
      "kind": "file",
      "symbol": "test_bundle.py",
      "fqn": "tests.test_bundle",
      "label": "File: tests/test_bundle.py",
      "line_start": 1,
      "depth": 2,
      "via_relation": "imports",
      "callee_id": "sym:a299afe5c13c:build_parser",
      "callee_symbol": "build_parser"
    },
    {
      "id": "sym:d2961abaf2fd:TestArchitectureBundler.test_cli_cmd_bundle",
      "path": "/Users/giapminh79/code/GitHub/sot-graph/tests/test_bundle.py",
      "kind": "method",
      "symbol": "TestArchitectureBundler.test_cli_cmd_bundle",
      "fqn": "tests.test_bundle.TestArchitectureBundler.test_cli_cmd_bundle",
      "label": "def test_cli_cmd_bundle \u2014 tests/test_bundle.py:98",
      "line_start": 98,
      "depth": 2,
      "via_relation": "calls",
      "callee_id": "sym:a299afe5c13c:build_parser",
      "callee_symbol": "build_parser"
    },
    {
      "id": "file:af09c15f617b",
      "path": "/Users/giapminh79/code/GitHub/sot-graph/tests/test_cli_provider_wiring.py",
      "kind": "file",
      "symbol": "test_cli_provider_wiring.py",
      "fqn": "tests.test_cli_provider_wiring",
      "label": "File: tests/test_cli_provider_wiring.py",
      "line_start": 1,
      "depth": 2,
      "via_relation": "imports",
      "callee_id": "sym:a299afe5c13c:main",
      "callee_symbol": "main"
    },
    {
      "id": "sym:af09c15f617b:TestBuiltinDefault.test_default_builtin_never_spawns",
      "path": "/Users/giapminh79/code/GitHub/sot-graph/tests/test_cli_provider_wiring.py",
      "kind": "method",
      "symbol": "TestBuiltinDefault.test_default_builtin_never_spawns",
      "fqn": "tests.test_cli_provider_wiring.TestBuiltinDefault.test_default_builtin_never_spawns",
      "label": "def test_default_builtin_never_spawns \u2014 tests/test_cli_provider_wiring.py:158",
      "line_start": 158,
      "depth": 2,
      "via_relation": "calls",
      "callee_id": "sym:a299afe5c13c:main",
      "callee_symbol": "main"
    },
    {
      "id": "sym:af09c15f617b:TestBuiltinDefault.test_explicit_builtin_flag_identical",
      "path": "/Users/giapminh79/code/GitHub/sot-graph/tests/test_cli_provider_wiring.py",
      "kind": "method",
      "symbol": "TestBuiltinDefault.test_explicit_builtin_flag_identical",
      "fqn": "tests.test_cli_provider_wiring.TestBuiltinDefault.test_explicit_builtin_flag_identical",
      "label": "def test_explicit_builtin_flag_identical \u2014 tests/test_cli_provider_wiring.py:168",
      "line_start": 168,
      "depth": 2,
      "via_relation": "calls",
      "callee_id": "sym:a299afe5c13c:main",
      "callee_symbol": "main"
    },
    {
      "id": "sym:af09c15f617b:TestAllowExternalGate.test_blocked_prefer_warns_and_falls_back",
      "path": "/Users/giapminh79/code/GitHub/sot-graph/tests/test_cli_provider_wiring.py",
      "kind": "method",
      "symbol": "TestAllowExternalGate.test_blocked_prefer_warns_and_falls_back",
      "fqn": "tests.test_cli_provider_wiring.TestAllowExternalGate.test_blocked_prefer_warns_and_falls_back",
      "label": "def test_blocked_prefer_warns_and_falls_back \u2014 tests/test_cli_provider_wiring.py:178",
      "line_start": 178,
      "depth": 2,
      "via_relation": "calls",
      "callee_id": "sym:a299afe5c13c:main",
      "callee_symbol": "main"
    },
    {
      "id": "sym:af09c15f617b:TestAllowExternalGate.test_blocked_require_fails_closed",
      "path": "/Users/giapminh79/code/GitHub/sot-graph/tests/test_cli_provider_wiring.py",
      "kind": "method",
      "symbol": "TestAllowExternalGate.test_blocked_require_fails_closed",
      "fqn": "tests.test_cli_provider_wiring.TestAllowExternalGate.test_blocked_require_fails_closed",
      "label": "def test_blocked_require_fails_closed \u2014 tests/test_cli_provider_wiring.py:193",
      "line_start": 193,
      "depth": 2,
      "via_relation": "calls",
      "callee_id": "sym:a299afe5c13c:main",
      "callee_symbol": "main"
    },
    {
      "id": "sym:af09c15f617b:TestAllowExternalGate.test_invalid_spec_rejected",
      "path": "/Users/giapminh79/code/GitHub/sot-graph/tests/test_cli_provider_wiring.py",
      "kind": "method",
      "symbol": "TestAllowExternalGate.test_invalid_spec_rejected",
      "fqn": "tests.test_cli_provider_wiring.TestAllowExternalGate.test_invalid_spec_rejected",
      "label": "def test_invalid_spec_rejected \u2014 tests/test_cli_provider_wiring.py:204",
      "line_start": 204,
      "depth": 2,
      "via_relation": "calls",
      "callee_id": "sym:a299afe5c13c:main",
      "callee_symbol": "main"
    },
    {
      "id": "sym:af09c15f617b:TestRequireFailsClosedUnhealthy.test_unhealthy_binary_require_exits_nonzero",
      "path": "/Users/giapminh79/code/GitHub/sot-graph/tests/test_cli_provider_wiring.py",
      "kind": "method",
      "symbol": "TestRequireFailsClosedUnhealthy.test_unhealthy_binary_require_exits_nonzero",
      "fqn": "tests.test_cli_provider_wiring.TestRequireFailsClosedUnhealthy.test_unhealthy_binary_require_exits_nonzero",
      "label": "def test_unhealthy_binary_require_exits_nonzero \u2014 tests/test_cli_provider_wiring.py:213",
      "line_start": 213,
      "depth": 2,
      "via_relation": "calls",
      "callee_id": "sym:a299afe5c13c:main",
      "callee_symbol": "main"
    },
    {
      "id": "sym:af09c15f617b:TestRequireFailsClosedUnhealthy.test_missing_binary_prefer_falls_back",
      "path": "/Users/giapminh79/code/GitHub/sot-graph/tests/test_cli_provider_wiring.py",
      "kind": "method",
      "symbol": "TestRequireFailsClosedUnhealthy.test_missing_binary_prefer_falls_back",
      "fqn": "tests.test_cli_provider_wiring.TestRequireFailsClosedUnhealthy.test_missing_binary_prefer_falls_back",
      "label": "def test_missing_binary_prefer_falls_back \u2014 tests/test_cli_provider_wiring.py:227",
      "line_start": 227,
      "depth": 2,
      "via_relation": "calls",
      "callee_id": "sym:a299afe5c13c:main",
      "callee_symbol": "main"
    },
    {
      "id": "sym:af09c15f617b:TestMergeOrderAndVerdict.test_candidates_after_builtin_with_ceiling_and_provider_tag",
      "path": "/Users/giapminh79/code/GitHub/sot-graph/tests/test_cli_provider_wiring.py",
      "kind": "method",
      "symbol": "TestMergeOrderAndVerdict.test_candidates_after_builtin_with_ceiling_and_provider_tag",
      "fqn": "tests.test_cli_provider_wiring.TestMergeOrderAndVerdict.test_candidates_after_builtin_with_ceiling_and_provider_tag",
      "label": "def test_candidates_after_builtin_with_ceiling_and_provider_tag \u2014 tests/test_cli_provider_wiring.py:256",
      "line_start": 256,
      "depth": 2,
      "via_relation": "calls",
      "callee_id": "sym:a299afe5c13c:main",
      "callee_symbol": "main"
    },
    {
      "id": "sym:af09c15f617b:TestMergeOrderAndVerdict.test_target_mismatch_recorded_as_conflict",
      "path": "/Users/giapminh79/code/GitHub/sot-graph/tests/test_cli_provider_wiring.py",
      "kind": "method",
      "symbol": "TestMergeOrderAndVerdict.test_target_mismatch_recorded_as_conflict",
      "fqn": "tests.test_cli_provider_wiring.TestMergeOrderAndVerdict.test_target_mismatch_recorded_as_conflict",
      "label": "def test_target_mismatch_recorded_as_conflict \u2014 tests/test_cli_provider_wiring.py:282",
      "line_start": 282,
      "depth": 2,
      "via_relation": "calls",
      "callee_id": "sym:a299afe5c13c:main",
      "callee_symbol": "main"
    },
    {
      "id": "sym:af09c15f617b:TestTruncationPropagation.test_has_more_sets_truncated_true",
      "path": "/Users/giapminh79/code/GitHub/sot-graph/tests/test_cli_provider_wiring.py",
      "kind": "method",
      "symbol": "TestTruncationPropagation.test_has_more_sets_truncated_true",
      "fqn": "tests.test_cli_provider_wiring.TestTruncationPropagation.test_has_more_sets_truncated_true",
      "label": "def test_has_more_sets_truncated_true \u2014 tests/test_cli_provider_wiring.py:323",
      "line_start": 323,
      "depth": 2,
      "via_relation": "calls",
      "callee_id": "sym:a299afe5c13c:main",
      "callee_symbol": "main"
    },
    {
      "id": "sym:af09c15f617b:TestProvidersSync.test_sync_invokes_index_and_emits_receipt",
      "path": "/Users/giapminh79/code/GitHub/sot-graph/tests/test_cli_provider_wiring.py",
      "kind": "method",
      "symbol": "TestProvidersSync.test_sync_invokes_index_and_emits_receipt",
      "fqn": "tests.test_cli_provider_wiring.TestProvidersSync.test_sync_invokes_index_and_emits_receipt",
      "label": "def test_sync_invokes_index_and_emits_receipt \u2014 tests/test_cli_provider_wiring.py:346",
      "line_start": 346,
      "depth": 2,
      "via_relation": "calls",
      "callee_id": "sym:a299afe5c13c:main",
      "callee_symbol": "main"
    },
    {
      "id": "sym:af09c15f617b:TestProvidersSync.test_sync_unknown_provider_fails_cleanly",
      "path": "/Users/giapminh79/code/GitHub/sot-graph/tests/test_cli_provider_wiring.py",
      "kind": "method",
      "symbol": "TestProvidersSync.test_sync_unknown_provider_fails_cleanly",
      "fqn": "tests.test_cli_provider_wiring.TestProvidersSync.test_sync_unknown_provider_fails_cleanly",
      "label": "def test_sync_unknown_provider_fails_cleanly \u2014 tests/test_cli_provider_wiring.py:373",
      "line_start": 373,
      "depth": 2,
      "via_relation": "calls",
      "callee_id": "sym:a299afe5c13c:main",
      "callee_symbol": "main"
    },
    {
      "id": "file:5dab7ee8ccb5",
      "path": "/Users/giapminh79/code/GitHub/sot-graph/tests/test_collection_accounting.py",
      "kind": "file",
      "symbol": "test_collection_accounting.py",
      "fqn": "tests.test_collection_accounting",
      "label": "File: tests/test_collection_accounting.py",
      "line_start": 1,
      "depth": 2,
      "via_relation": "imports",
      "callee_id": "sym:a299afe5c13c:build_parser",
      "callee_symbol": "build_parser"
    },
    {
      "id": "sym:5dab7ee8ccb5:TestReconcileProvenance.test_cli_records_pipeline_provenance",
      "path": "/Users/giapminh79/code/GitHub/sot-graph/tests/test_collection_accounting.py",
      "kind": "method",
      "symbol": "TestReconcileProvenance.test_cli_records_pipeline_provenance",
      "fqn": "tests.test_collection_accounting.TestReconcileProvenance.test_cli_records_pipeline_provenance",
      "label": "def test_cli_records_pipeline_provenance \u2014 tests/test_collection_accounting.py:311",
      "line_start": 311,
      "depth": 2,
      "via_relation": "calls",
      "callee_id": "sym:a299afe5c13c:build_parser",
      "callee_symbol": "build_parser"
    },
    {
      "id": "file:d310c90c4013",
      "path": "/Users/giapminh79/code/GitHub/sot-graph/tests/test_diff_impact.py",
      "kind": "file",
      "symbol": "test_diff_impact.py",
      "fqn": "tests.test_diff_impact",
      "label": "File: tests/test_diff_impact.py",
      "line_start": 1,
      "depth": 2,
      "via_relation": "imports",
      "callee_id": "sym:a299afe5c13c:build_parser",
      "callee_symbol": "build_parser"
    },
    {
      "id": "sym:d310c90c4013:TestDiffImpactGate._run",
      "path": "/Users/giapminh79/code/GitHub/sot-graph/tests/test_diff_impact.py",
      "kind": "method",
      "symbol": "TestDiffImpactGate._run",
      "fqn": "tests.test_diff_impact.TestDiffImpactGate._run",
      "label": "def _run \u2014 tests/test_diff_impact.py:1128",
      "line_start": 1128,
      "depth": 2,
      "via_relation": "calls",
      "callee_id": "sym:a299afe5c13c:build_parser",
      "callee_symbol": "build_parser"
    },
    {
      "id": "sym:d310c90c4013:TestDiffImpactGate.test_gate_flag_registered",
      "path": "/Users/giapminh79/code/GitHub/sot-graph/tests/test_diff_impact.py",
      "kind": "method",
      "symbol": "TestDiffImpactGate.test_gate_flag_registered",
      "fqn": "tests.test_diff_impact.TestDiffImpactGate.test_gate_flag_registered",
      "label": "def test_gate_flag_registered \u2014 tests/test_diff_impact.py:1152",
      "line_start": 1152,
      "depth": 2,
      "via_relation": "calls",
      "callee_id": "sym:a299afe5c13c:build_parser",
      "callee_symbol": "build_parser"
    },
    {
      "id": "file:4ddc2aaf087d",
      "path": "/Users/giapminh79/code/GitHub/sot-graph/tests/test_diff_impact_github.py",
      "kind": "file",
      "symbol": "test_diff_impact_github.py",
      "fqn": "tests.test_diff_impact_github",
      "label": "File: tests/test_diff_impact_github.py",
      "line_start": 1,
      "depth": 2,
      "via_relation": "imports",
      "callee_id": "sym:a299afe5c13c:build_parser",
      "callee_symbol": "build_parser"
    },
    {
      "id": "sym:4ddc2aaf087d:GithubRendererTests.test_cli_format_flag_choices_and_default_unchanged",
      "path": "/Users/giapminh79/code/GitHub/sot-graph/tests/test_diff_impact_github.py",
      "kind": "method",
      "symbol": "GithubRendererTests.test_cli_format_flag_choices_and_default_unchanged",
      "fqn": "tests.test_diff_impact_github.GithubRendererTests.test_cli_format_flag_choices_and_default_unchanged",
      "label": "def test_cli_format_flag_choices_and_default_unchanged \u2014 tests/test_diff_impact_github.py:104",
      "line_start": 104,
      "depth": 2,
      "via_relation": "calls",
      "callee_id": "sym:a299afe5c13c:build_parser",
      "callee_symbol": "build_parser"
    },
    {
      "id": "sym:4ddc2aaf087d:GithubRendererTests.test_cmd_diff_impact_github_end_to_end",
      "path": "/Users/giapminh79/code/GitHub/sot-graph/tests/test_diff_impact_github.py",
      "kind": "method",
      "symbol": "GithubRendererTests.test_cmd_diff_impact_github_end_to_end",
      "fqn": "tests.test_diff_impact_github.GithubRendererTests.test_cmd_diff_impact_github_end_to_end",
      "label": "def test_cmd_diff_impact_github_end_to_end \u2014 tests/test_diff_impact_github.py:114",
      "line_start": 114,
      "depth": 2,
      "via_relation": "calls",
      "callee_id": "sym:a299afe5c13c:build_parser",
      "callee_symbol": "build_parser"
    },
    {
      "id": "file:7c588472908f",
      "path": "/Users/giapminh79/code/GitHub/sot-graph/tests/test_engine_admin.py",
      "kind": "file",
      "symbol": "test_engine_admin.py",
      "fqn": "tests.test_engine_admin",
      "label": "File: tests/test_engine_admin.py",
      "line_start": 1,
      "depth": 2,
      "via_relation": "imports",
      "callee_id": "sym:a299afe5c13c:main",
      "callee_symbol": "main"
    },
    {
      "id": "sym:7c588472908f:test_install_promote_rollback_and_status",
      "path": "/Users/giapminh79/code/GitHub/sot-graph/tests/test_engine_admin.py",
      "kind": "function",
      "symbol": "test_install_promote_rollback_and_status",
      "fqn": "tests.test_engine_admin.test_install_promote_rollback_and_status",
      "label": "def test_install_promote_rollback_and_status \u2014 tests/test_engine_admin.py:32",
      "line_start": 32,
      "depth": 2,
      "via_relation": "calls",
      "callee_id": "sym:a299afe5c13c:main",
      "callee_symbol": "main"
    },
    {
      "id": "sym:7c588472908f:test_wrong_digest_refused_and_unknown_data_preserved",
      "path": "/Users/giapminh79/code/GitHub/sot-graph/tests/test_engine_admin.py",
      "kind": "function",
      "symbol": "test_wrong_digest_refused_and_unknown_data_preserved",
      "fqn": "tests.test_engine_admin.test_wrong_digest_refused_and_unknown_data_preserved",
      "label": "def test_wrong_digest_refused_and_unknown_data_preserved \u2014 tests/test_engine_admin.py:54",
      "line_start": 54,
      "depth": 2,
      "via_relation": "calls",
      "callee_id": "sym:a299afe5c13c:main",
      "callee_symbol": "main"
    },
    {
      "id": "sym:7c588472908f:test_operational_exit_and_multi_artifact_registry",
      "path": "/Users/giapminh79/code/GitHub/sot-graph/tests/test_engine_admin.py",
      "kind": "function",
      "symbol": "test_operational_exit_and_multi_artifact_registry",
      "fqn": "tests.test_engine_admin.test_operational_exit_and_multi_artifact_registry",
      "label": "def test_operational_exit_and_multi_artifact_registry \u2014 tests/test_engine_admin.py:82",
      "line_start": 82,
      "depth": 2,
      "via_relation": "calls",
      "callee_id": "sym:a299afe5c13c:main",
      "callee_symbol": "main"
    },
    {
      "id": "sym:7c588472908f:test_administration_errors_are_bounded",
      "path": "/Users/giapminh79/code/GitHub/sot-graph/tests/test_engine_admin.py",
      "kind": "function",
      "symbol": "test_administration_errors_are_bounded",
      "fqn": "tests.test_engine_admin.test_administration_errors_are_bounded",
      "label": "def test_administration_errors_are_bounded \u2014 tests/test_engine_admin.py:122",
      "line_start": 122,
      "depth": 2,
      "via_relation": "calls",
      "callee_id": "sym:a299afe5c13c:main",
      "callee_symbol": "main"
    },
    {
      "id": "sym:7c588472908f:test_uninstall_missing_is_read_only",
      "path": "/Users/giapminh79/code/GitHub/sot-graph/tests/test_engine_admin.py",
      "kind": "function",
      "symbol": "test_uninstall_missing_is_read_only",
      "fqn": "tests.test_engine_admin.test_uninstall_missing_is_read_only",
      "label": "def test_uninstall_missing_is_read_only \u2014 tests/test_engine_admin.py:136",
      "line_start": 136,
      "depth": 2,
      "via_relation": "calls",
      "callee_id": "sym:a299afe5c13c:main",
      "callee_symbol": "main"
    },
    {
      "id": "sym:7c588472908f:test_no_raw_execution_surface",
      "path": "/Users/giapminh79/code/GitHub/sot-graph/tests/test_engine_admin.py",
      "kind": "function",
      "symbol": "test_no_raw_execution_surface",
      "fqn": "tests.test_engine_admin.test_no_raw_execution_surface",
      "label": "def test_no_raw_execution_surface \u2014 tests/test_engine_admin.py:142",
      "line_start": 142,
      "depth": 2,
      "via_relation": "calls",
      "callee_id": "sym:a299afe5c13c:main",
      "callee_symbol": "main"
    },
    {
      "id": "sym:42626f773bdb:test_cli_register_rejects_real_protocol_mismatch",
      "path": "/Users/giapminh79/code/GitHub/sot-graph/tests/test_engine_trusted_config.py",
      "kind": "function",
      "symbol": "test_cli_register_rejects_real_protocol_mismatch",
      "fqn": "tests.test_engine_trusted_config.test_cli_register_rejects_real_protocol_mismatch",
      "label": "def test_cli_register_rejects_real_protocol_mismatch \u2014 tests/test_engine_trusted_config.py:66",
      "line_start": 66,
      "depth": 2,
      "via_relation": "calls",
      "callee_id": "sym:a299afe5c13c:main",
      "callee_symbol": "main"
    },
    {
      "id": "sym:42626f773bdb:test_cli_cannot_select_trusted_config_path",
      "path": "/Users/giapminh79/code/GitHub/sot-graph/tests/test_engine_trusted_config.py",
      "kind": "function",
      "symbol": "test_cli_cannot_select_trusted_config_path",
      "fqn": "tests.test_engine_trusted_config.test_cli_cannot_select_trusted_config_path",
      "label": "def test_cli_cannot_select_trusted_config_path \u2014 tests/test_engine_trusted_config.py:75",
      "line_start": 75,
      "depth": 2,
      "via_relation": "calls",
      "callee_id": "sym:a299afe5c13c:main",
      "callee_symbol": "main"
    },
    {
      "id": "file:f1b04f59ef79",
      "path": "/Users/giapminh79/code/GitHub/sot-graph/tests/test_export.py",
      "kind": "file",
      "symbol": "test_export.py",
      "fqn": "tests.test_export",
      "label": "File: tests/test_export.py",
      "line_start": 1,
      "depth": 2,
      "via_relation": "imports",
      "callee_id": "sym:a299afe5c13c:build_parser",
      "callee_symbol": "build_parser"
    },
    {
      "id": "sym:f1b04f59ef79:ExportTests.test_cli_viz_and_export_commands",
      "path": "/Users/giapminh79/code/GitHub/sot-graph/tests/test_export.py",
      "kind": "method",
      "symbol": "ExportTests.test_cli_viz_and_export_commands",
      "fqn": "tests.test_export.ExportTests.test_cli_viz_and_export_commands",
      "label": "def test_cli_viz_and_export_commands \u2014 tests/test_export.py:169",
      "line_start": 169,
      "depth": 2,
      "via_relation": "calls",
      "callee_id": "sym:a299afe5c13c:build_parser",
      "callee_symbol": "build_parser"
    },
    {
      "id": "file:eb1f53425d6d",
      "path": "/Users/giapminh79/code/GitHub/sot-graph/tests/test_gs_surface_catalog.py",
      "kind": "file",
      "symbol": "test_gs_surface_catalog.py",
      "fqn": "tests.test_gs_surface_catalog",
      "label": "File: tests/test_gs_surface_catalog.py",
      "line_start": 1,
      "depth": 2,
      "via_relation": "imports",
      "callee_id": "sym:a299afe5c13c:main",
      "callee_symbol": "main"
    },
    {
      "id": "sym:eb1f53425d6d:test_sur03_sur04_entry_points_and_help_are_sot_only",
      "path": "/Users/giapminh79/code/GitHub/sot-graph/tests/test_gs_surface_catalog.py",
      "kind": "function",
      "symbol": "test_sur03_sur04_entry_points_and_help_are_sot_only",
      "fqn": "tests.test_gs_surface_catalog.test_sur03_sur04_entry_points_and_help_are_sot_only",
      "label": "def test_sur03_sur04_entry_points_and_help_are_sot_only \u2014 tests/test_gs_surface_catalog.py:168",
      "line_start": 168,
      "depth": 2,
      "via_relation": "calls",
      "callee_id": "sym:a299afe5c13c:main",
      "callee_symbol": "main"
    },
    {
      "id": "file:0b899b2ef407",
      "path": "/Users/giapminh79/code/GitHub/sot-graph/tests/test_gs_surface_lifecycle.py",
      "kind": "file",
      "symbol": "test_gs_surface_lifecycle.py",
      "fqn": "tests.test_gs_surface_lifecycle",
      "label": "File: tests/test_gs_surface_lifecycle.py",
      "line_start": 1,
      "depth": 2,
      "via_relation": "imports",
      "callee_id": "sym:a299afe5c13c:main",
      "callee_symbol": "main"
    },
    {
      "id": "sym:0b899b2ef407:test_sur12_sot_only_upgrade_recovery_and_uninstall.command",
      "path": "/Users/giapminh79/code/GitHub/sot-graph/tests/test_gs_surface_lifecycle.py",
      "kind": "method",
      "symbol": "test_sur12_sot_only_upgrade_recovery_and_uninstall.command",
      "fqn": "tests.test_gs_surface_lifecycle.test_sur12_sot_only_upgrade_recovery_and_uninstall.command",
      "label": "def command \u2014 tests/test_gs_surface_lifecycle.py:46",
      "line_start": 46,
      "depth": 2,
      "via_relation": "calls",
      "callee_id": "sym:a299afe5c13c:main",
      "callee_symbol": "main"
    },
    {
      "id": "file:41fa6bfbed48",
      "path": "/Users/giapminh79/code/GitHub/sot-graph/tests/test_hardening_fixes.py",
      "kind": "file",
      "symbol": "test_hardening_fixes.py",
      "fqn": "tests.test_hardening_fixes",
      "label": "File: tests/test_hardening_fixes.py",
      "line_start": 1,
      "depth": 2,
      "via_relation": "imports",
      "callee_id": "sym:a299afe5c13c:main",
      "callee_symbol": "main"
    },
    {
      "id": "sym:41fa6bfbed48:HardeningFixesTests.test_cli_handles_lock_busy_and_runtime_error",
      "path": "/Users/giapminh79/code/GitHub/sot-graph/tests/test_hardening_fixes.py",
      "kind": "method",
      "symbol": "HardeningFixesTests.test_cli_handles_lock_busy_and_runtime_error",
      "fqn": "tests.test_hardening_fixes.HardeningFixesTests.test_cli_handles_lock_busy_and_runtime_error",
      "label": "def test_cli_handles_lock_busy_and_runtime_error \u2014 tests/test_hardening_fixes.py:248",
      "line_start": 248,
      "depth": 2,
      "via_relation": "calls",
      "callee_id": "sym:a299afe5c13c:main",
      "callee_symbol": "main"
    },
    {
      "id": "file:4afdaea1f910",
      "path": "/Users/giapminh79/code/GitHub/sot-graph/tests/test_impact_pipeline.py",
      "kind": "file",
      "symbol": "test_impact_pipeline.py",
      "fqn": "tests.test_impact_pipeline",
      "label": "File: tests/test_impact_pipeline.py",
      "line_start": 1,
      "depth": 2,
      "via_relation": "imports",
      "callee_id": "sym:a299afe5c13c:build_parser",
      "callee_symbol": "build_parser"
    },
    {
      "id": "sym:4afdaea1f910:TestSurfaceWiring._cli_json",
      "path": "/Users/giapminh79/code/GitHub/sot-graph/tests/test_impact_pipeline.py",
      "kind": "method",
      "symbol": "TestSurfaceWiring._cli_json",
      "fqn": "tests.test_impact_pipeline.TestSurfaceWiring._cli_json",
      "label": "def _cli_json \u2014 tests/test_impact_pipeline.py:424",
      "line_start": 424,
      "depth": 2,
      "via_relation": "calls",
      "callee_id": "sym:a299afe5c13c:build_parser",
      "callee_symbol": "build_parser"
    },
    {
      "id": "sym:4afdaea1f910:_cli_diff_json",
      "path": "/Users/giapminh79/code/GitHub/sot-graph/tests/test_impact_pipeline.py",
      "kind": "function",
      "symbol": "_cli_diff_json",
      "fqn": "tests.test_impact_pipeline._cli_diff_json",
      "label": "def _cli_diff_json \u2014 tests/test_impact_pipeline.py:553",
      "line_start": 553,
      "depth": 2,
      "via_relation": "calls",
      "callee_id": "sym:a299afe5c13c:build_parser",
      "callee_symbol": "build_parser"
    },
    {
      "id": "file:08055a8da3bb",
      "path": "/Users/giapminh79/code/GitHub/sot-graph/tests/test_optimizations.py",
      "kind": "file",
      "symbol": "test_optimizations.py",
      "fqn": "tests.test_optimizations",
      "label": "File: tests/test_optimizations.py",
      "line_start": 1,
      "depth": 2,
      "via_relation": "imports",
      "callee_id": "sym:a299afe5c13c:build_parser",
      "callee_symbol": "build_parser"
    },
    {
      "id": "sym:08055a8da3bb:TestOptimizations.test_batch_reconcile_and_repo_discovery",
      "path": "/Users/giapminh79/code/GitHub/sot-graph/tests/test_optimizations.py",
      "kind": "method",
      "symbol": "TestOptimizations.test_batch_reconcile_and_repo_discovery",
      "fqn": "tests.test_optimizations.TestOptimizations.test_batch_reconcile_and_repo_discovery",
      "label": "def test_batch_reconcile_and_repo_discovery \u2014 tests/test_optimizations.py:183",
      "line_start": 183,
      "depth": 2,
      "via_relation": "calls",
      "callee_id": "sym:a299afe5c13c:build_parser",
      "callee_symbol": "build_parser"
    },
    {
      "id": "file:398155064175",
      "path": "/Users/giapminh79/code/GitHub/sot-graph/tests/test_p2_orchestrator.py",
      "kind": "file",
      "symbol": "test_p2_orchestrator.py",
      "fqn": "tests.test_p2_orchestrator",
      "label": "File: tests/test_p2_orchestrator.py",
      "line_start": 1,
      "depth": 2,
      "via_relation": "imports",
      "callee_id": "file:a299afe5c13c",
      "callee_symbol": "cli.py"
    },
    {
      "id": "sym:398155064175:TestDeadProviderDegrades.test_require_blocked_by_config_exit_code_is_stable",
      "path": "/Users/giapminh79/code/GitHub/sot-graph/tests/test_p2_orchestrator.py",
      "kind": "method",
      "symbol": "TestDeadProviderDegrades.test_require_blocked_by_config_exit_code_is_stable",
      "fqn": "tests.test_p2_orchestrator.TestDeadProviderDegrades.test_require_blocked_by_config_exit_code_is_stable",
      "label": "def test_require_blocked_by_config_exit_code_is_stable \u2014 tests/test_p2_orchestrator.py:145",
      "line_start": 145,
      "depth": 2,
      "via_relation": "calls",
      "callee_id": "sym:a299afe5c13c:main",
      "callee_symbol": "main"
    },
    {
      "id": "file:7f511fdf0995",
      "path": "/Users/giapminh79/code/GitHub/sot-graph/tests/test_providers_cross_check.py",
      "kind": "file",
      "symbol": "test_providers_cross_check.py",
      "fqn": "tests.test_providers_cross_check",
      "label": "File: tests/test_providers_cross_check.py",
      "line_start": 1,
      "depth": 2,
      "via_relation": "imports",
      "callee_id": "sym:a299afe5c13c:build_parser",
      "callee_symbol": "build_parser"
    },
    {
      "id": "sym:7f511fdf0995:CrossCheckTests.test_cli_subcommand_wiring",
      "path": "/Users/giapminh79/code/GitHub/sot-graph/tests/test_providers_cross_check.py",
      "kind": "method",
      "symbol": "CrossCheckTests.test_cli_subcommand_wiring",
      "fqn": "tests.test_providers_cross_check.CrossCheckTests.test_cli_subcommand_wiring",
      "label": "def test_cli_subcommand_wiring \u2014 tests/test_providers_cross_check.py:326",
      "line_start": 326,
      "depth": 2,
      "via_relation": "calls",
      "callee_id": "sym:a299afe5c13c:build_parser",
      "callee_symbol": "build_parser"
    },
    {
      "id": "sym:7f511fdf0995:CrossCheckReceiptTests.test_cli_receipt_flag_wiring",
      "path": "/Users/giapminh79/code/GitHub/sot-graph/tests/test_providers_cross_check.py",
      "kind": "method",
      "symbol": "CrossCheckReceiptTests.test_cli_receipt_flag_wiring",
      "fqn": "tests.test_providers_cross_check.CrossCheckReceiptTests.test_cli_receipt_flag_wiring",
      "label": "def test_cli_receipt_flag_wiring \u2014 tests/test_providers_cross_check.py:432",
      "line_start": 432,
      "depth": 2,
      "via_relation": "calls",
      "callee_id": "sym:a299afe5c13c:build_parser",
      "callee_symbol": "build_parser"
    },
    {
      "id": "file:51828cb5b765",
      "path": "/Users/giapminh79/code/GitHub/sot-graph/tests/test_providers_registry.py",
      "kind": "file",
      "symbol": "test_providers_registry.py",
      "fqn": "tests.test_providers_registry",
      "label": "File: tests/test_providers_registry.py",
      "line_start": 1,
      "depth": 2,
      "via_relation": "imports",
      "callee_id": "sym:a299afe5c13c:main",
      "callee_symbol": "main"
    },
    {
      "id": "sym:51828cb5b765:TestCliProviders.test_detect_json_smoke",
      "path": "/Users/giapminh79/code/GitHub/sot-graph/tests/test_providers_registry.py",
      "kind": "method",
      "symbol": "TestCliProviders.test_detect_json_smoke",
      "fqn": "tests.test_providers_registry.TestCliProviders.test_detect_json_smoke",
      "label": "def test_detect_json_smoke \u2014 tests/test_providers_registry.py:164",
      "line_start": 164,
      "depth": 2,
      "via_relation": "calls",
      "callee_id": "sym:a299afe5c13c:main",
      "callee_symbol": "main"
    },
    {
      "id": "sym:51828cb5b765:TestCliProviders.test_doctor_exit_code_zero_when_optional_missing",
      "path": "/Users/giapminh79/code/GitHub/sot-graph/tests/test_providers_registry.py",
      "kind": "method",
      "symbol": "TestCliProviders.test_doctor_exit_code_zero_when_optional_missing",
      "fqn": "tests.test_providers_registry.TestCliProviders.test_doctor_exit_code_zero_when_optional_missing",
      "label": "def test_doctor_exit_code_zero_when_optional_missing \u2014 tests/test_providers_registry.py:175",
      "line_start": 175,
      "depth": 2,
      "via_relation": "calls",
      "callee_id": "sym:a299afe5c13c:main",
      "callee_symbol": "main"
    },
    {
      "id": "sym:51828cb5b765:TestCliProviders.test_doctor_exit_code_one_when_required_unhealthy",
      "path": "/Users/giapminh79/code/GitHub/sot-graph/tests/test_providers_registry.py",
      "kind": "method",
      "symbol": "TestCliProviders.test_doctor_exit_code_one_when_required_unhealthy",
      "fqn": "tests.test_providers_registry.TestCliProviders.test_doctor_exit_code_one_when_required_unhealthy",
      "label": "def test_doctor_exit_code_one_when_required_unhealthy \u2014 tests/test_providers_registry.py:198",
      "line_start": 198,
      "depth": 2,
      "via_relation": "calls",
      "callee_id": "sym:a299afe5c13c:main",
      "callee_symbol": "main"
    },
    {
      "id": "sym:51828cb5b765:TestCliProviders.test_resolve_json_returns_ranked_list",
      "path": "/Users/giapminh79/code/GitHub/sot-graph/tests/test_providers_registry.py",
      "kind": "method",
      "symbol": "TestCliProviders.test_resolve_json_returns_ranked_list",
      "fqn": "tests.test_providers_registry.TestCliProviders.test_resolve_json_returns_ranked_list",
      "label": "def test_resolve_json_returns_ranked_list \u2014 tests/test_providers_registry.py:211",
      "line_start": 211,
      "depth": 2,
      "via_relation": "calls",
      "callee_id": "sym:a299afe5c13c:main",
      "callee_symbol": "main"
    },
    {
      "id": "sym:51828cb5b765:TestCliProviders.test_list_json_lists_all_configured",
      "path": "/Users/giapminh79/code/GitHub/sot-graph/tests/test_providers_registry.py",
      "kind": "method",
      "symbol": "TestCliProviders.test_list_json_lists_all_configured",
      "fqn": "tests.test_providers_registry.TestCliProviders.test_list_json_lists_all_configured",
      "label": "def test_list_json_lists_all_configured \u2014 tests/test_providers_registry.py:219",
      "line_start": 219,
      "depth": 2,
      "via_relation": "calls",
      "callee_id": "sym:a299afe5c13c:main",
      "callee_symbol": "main"
    },
    {
      "id": "file:a0fd26ba8176",
      "path": "/Users/giapminh79/code/GitHub/sot-graph/tests/test_report_conformance.py",
      "kind": "file",
      "symbol": "test_report_conformance.py",
      "fqn": "tests.test_report_conformance",
      "label": "File: tests/test_report_conformance.py",
      "line_start": 1,
      "depth": 2,
      "via_relation": "imports",
      "callee_id": "sym:a299afe5c13c:build_parser",
      "callee_symbol": "build_parser"
    },
    {
      "id": "sym:a0fd26ba8176:TestShippedPathIntegration.test_cli_report_receives_real_denominators",
      "path": "/Users/giapminh79/code/GitHub/sot-graph/tests/test_report_conformance.py",
      "kind": "method",
      "symbol": "TestShippedPathIntegration.test_cli_report_receives_real_denominators",
      "fqn": "tests.test_report_conformance.TestShippedPathIntegration.test_cli_report_receives_real_denominators",
      "label": "def test_cli_report_receives_real_denominators \u2014 tests/test_report_conformance.py:418",
      "line_start": 418,
      "depth": 2,
      "via_relation": "calls",
      "callee_id": "sym:a299afe5c13c:build_parser",
      "callee_symbol": "build_parser"
    },
    {
      "id": "file:f058a7d050ab",
      "path": "/Users/giapminh79/code/GitHub/sot-graph/tests/test_sg107_stress.py",
      "kind": "file",
      "symbol": "test_sg107_stress.py",
      "fqn": "tests.test_sg107_stress",
      "label": "File: tests/test_sg107_stress.py",
      "line_start": 1,
      "depth": 2,
      "via_relation": "imports",
      "callee_id": "sym:a299afe5c13c:build_parser",
      "callee_symbol": "build_parser"
    },
    {
      "id": "sym:f058a7d050ab:_cli_diff_json",
      "path": "/Users/giapminh79/code/GitHub/sot-graph/tests/test_sg107_stress.py",
      "kind": "function",
      "symbol": "_cli_diff_json",
      "fqn": "tests.test_sg107_stress._cli_diff_json",
      "label": "def _cli_diff_json \u2014 tests/test_sg107_stress.py:354",
      "line_start": 354,
      "depth": 2,
      "via_relation": "calls",
      "callee_id": "sym:a299afe5c13c:build_parser",
      "callee_symbol": "build_parser"
    },
    {
      "id": "file:21c603c57c3d",
      "path": "/Users/giapminh79/code/GitHub/sot-graph/tests/test_storage_integrity.py",
      "kind": "file",
      "symbol": "test_storage_integrity.py",
      "fqn": "tests.test_storage_integrity",
      "label": "File: tests/test_storage_integrity.py",
      "line_start": 1,
      "depth": 2,
      "via_relation": "imports",
      "callee_id": "sym:a299afe5c13c:main",
      "callee_symbol": "main"
    },
    {
      "id": "sym:21c603c57c3d:test_doctor_cli_text_and_json",
      "path": "/Users/giapminh79/code/GitHub/sot-graph/tests/test_storage_integrity.py",
      "kind": "function",
      "symbol": "test_doctor_cli_text_and_json",
      "fqn": "tests.test_storage_integrity.test_doctor_cli_text_and_json",
      "label": "def test_doctor_cli_text_and_json \u2014 tests/test_storage_integrity.py:52",
      "line_start": 52,
      "depth": 2,
      "via_relation": "calls",
      "callee_id": "sym:a299afe5c13c:main",
      "callee_symbol": "main"
    }
  ],
  "test_impacts": [
    {
      "id": "test:tests/test_engine_trusted_config.py",
      "path": "tests/test_engine_trusted_config.py",
      "symbol": "",
      "kind": "file",
      "impact_reason": "direct_test_file",
      "target_symbol": null
    },
    {
      "id": "test:tests/test_managed_config_recovery.py",
      "path": "tests/test_managed_config_recovery.py",
      "symbol": "",
      "kind": "file",
      "impact_reason": "direct_test_file",
      "target_symbol": null
    },
    {
      "id": "test:tests/test_trusted_managed_config.py",
      "path": "tests/test_trusted_managed_config.py",
      "symbol": "",
      "kind": "file",
      "impact_reason": "direct_test_file",
      "target_symbol": null
    },
    {
      "id": "sym:1dbbec2c433c:test_missing_configuration_is_default_off_without_mkdir",
      "path": "/Users/giapminh79/code/GitHub/sot-graph/tests/test_trusted_managed_config.py",
      "symbol": "test_missing_configuration_is_default_off_without_mkdir",
      "kind": "function",
      "impact_reason": "calls_modified_node",
      "target_symbol": "managed_config_status"
    },
    {
      "id": "sym:1dbbec2c433c:test_disable_preserves_repository_evidence_and_does_not_resolve",
      "path": "/Users/giapminh79/code/GitHub/sot-graph/tests/test_trusted_managed_config.py",
      "symbol": "test_disable_preserves_repository_evidence_and_does_not_resolve",
      "kind": "function",
      "impact_reason": "calls_modified_node",
      "target_symbol": "managed_config_status"
    },
    {
      "id": "file:7d61a587199b",
      "path": "/Users/giapminh79/code/GitHub/sot-graph/tests/test_adapters.py",
      "symbol": "test_adapters.py",
      "kind": "file",
      "impact_reason": "calls_modified_node",
      "target_symbol": "build_parser"
    },
    {
      "id": "sym:7d61a587199b:TestHarnessAdapters.test_cli_setup_pi_alias",
      "path": "/Users/giapminh79/code/GitHub/sot-graph/tests/test_adapters.py",
      "symbol": "TestHarnessAdapters.test_cli_setup_pi_alias",
      "kind": "method",
      "impact_reason": "calls_modified_node",
      "target_symbol": "build_parser"
    },
    {
      "id": "sym:7d61a587199b:TestHarnessAdapters.test_cli_setup_command",
      "path": "/Users/giapminh79/code/GitHub/sot-graph/tests/test_adapters.py",
      "symbol": "TestHarnessAdapters.test_cli_setup_command",
      "kind": "method",
      "impact_reason": "calls_modified_node",
      "target_symbol": "build_parser"
    },
    {
      "id": "file:98baf308e487",
      "path": "/Users/giapminh79/code/GitHub/sot-graph/tests/test_analytics.py",
      "symbol": "test_analytics.py",
      "kind": "file",
      "impact_reason": "calls_modified_node",
      "target_symbol": "build_parser"
    },
    {
      "id": "sym:98baf308e487:AnalyticsTests.test_cli_report_and_cluster_commands",
      "path": "/Users/giapminh79/code/GitHub/sot-graph/tests/test_analytics.py",
      "symbol": "AnalyticsTests.test_cli_report_and_cluster_commands",
      "kind": "method",
      "impact_reason": "calls_modified_node",
      "target_symbol": "build_parser"
    },
    {
      "id": "file:d2961abaf2fd",
      "path": "/Users/giapminh79/code/GitHub/sot-graph/tests/test_bundle.py",
      "symbol": "test_bundle.py",
      "kind": "file",
      "impact_reason": "calls_modified_node",
      "target_symbol": "build_parser"
    },
    {
      "id": "sym:d2961abaf2fd:TestArchitectureBundler.test_cli_cmd_bundle",
      "path": "/Users/giapminh79/code/GitHub/sot-graph/tests/test_bundle.py",
      "symbol": "TestArchitectureBundler.test_cli_cmd_bundle",
      "kind": "method",
      "impact_reason": "calls_modified_node",
      "target_symbol": "build_parser"
    },
    {
      "id": "file:af09c15f617b",
      "path": "/Users/giapminh79/code/GitHub/sot-graph/tests/test_cli_provider_wiring.py",
      "symbol": "test_cli_provider_wiring.py",
      "kind": "file",
      "impact_reason": "calls_modified_node",
      "target_symbol": "main"
    },
    {
      "id": "sym:af09c15f617b:TestBuiltinDefault.test_default_builtin_never_spawns",
      "path": "/Users/giapminh79/code/GitHub/sot-graph/tests/test_cli_provider_wiring.py",
      "symbol": "TestBuiltinDefault.test_default_builtin_never_spawns",
      "kind": "method",
      "impact_reason": "calls_modified_node",
      "target_symbol": "main"
    },
    {
      "id": "sym:af09c15f617b:TestBuiltinDefault.test_explicit_builtin_flag_identical",
      "path": "/Users/giapminh79/code/GitHub/sot-graph/tests/test_cli_provider_wiring.py",
      "symbol": "TestBuiltinDefault.test_explicit_builtin_flag_identical",
      "kind": "method",
      "impact_reason": "calls_modified_node",
      "target_symbol": "main"
    },
    {
      "id": "sym:af09c15f617b:TestAllowExternalGate.test_blocked_prefer_warns_and_falls_back",
      "path": "/Users/giapminh79/code/GitHub/sot-graph/tests/test_cli_provider_wiring.py",
      "symbol": "TestAllowExternalGate.test_blocked_prefer_warns_and_falls_back",
      "kind": "method",
      "impact_reason": "calls_modified_node",
      "target_symbol": "main"
    },
    {
      "id": "sym:af09c15f617b:TestAllowExternalGate.test_blocked_require_fails_closed",
      "path": "/Users/giapminh79/code/GitHub/sot-graph/tests/test_cli_provider_wiring.py",
      "symbol": "TestAllowExternalGate.test_blocked_require_fails_closed",
      "kind": "method",
      "impact_reason": "calls_modified_node",
      "target_symbol": "main"
    },
    {
      "id": "sym:af09c15f617b:TestAllowExternalGate.test_invalid_spec_rejected",
      "path": "/Users/giapminh79/code/GitHub/sot-graph/tests/test_cli_provider_wiring.py",
      "symbol": "TestAllowExternalGate.test_invalid_spec_rejected",
      "kind": "method",
      "impact_reason": "calls_modified_node",
      "target_symbol": "main"
    },
    {
      "id": "sym:af09c15f617b:TestRequireFailsClosedUnhealthy.test_unhealthy_binary_require_exits_nonzero",
      "path": "/Users/giapminh79/code/GitHub/sot-graph/tests/test_cli_provider_wiring.py",
      "symbol": "TestRequireFailsClosedUnhealthy.test_unhealthy_binary_require_exits_nonzero",
      "kind": "method",
      "impact_reason": "calls_modified_node",
      "target_symbol": "main"
    },
    {
      "id": "sym:af09c15f617b:TestRequireFailsClosedUnhealthy.test_missing_binary_prefer_falls_back",
      "path": "/Users/giapminh79/code/GitHub/sot-graph/tests/test_cli_provider_wiring.py",
      "symbol": "TestRequireFailsClosedUnhealthy.test_missing_binary_prefer_falls_back",
      "kind": "method",
      "impact_reason": "calls_modified_node",
      "target_symbol": "main"
    },
    {
      "id": "sym:af09c15f617b:TestMergeOrderAndVerdict.test_candidates_after_builtin_with_ceiling_and_provider_tag",
      "path": "/Users/giapminh79/code/GitHub/sot-graph/tests/test_cli_provider_wiring.py",
      "symbol": "TestMergeOrderAndVerdict.test_candidates_after_builtin_with_ceiling_and_provider_tag",
      "kind": "method",
      "impact_reason": "calls_modified_node",
      "target_symbol": "main"
    },
    {
      "id": "sym:af09c15f617b:TestMergeOrderAndVerdict.test_target_mismatch_recorded_as_conflict",
      "path": "/Users/giapminh79/code/GitHub/sot-graph/tests/test_cli_provider_wiring.py",
      "symbol": "TestMergeOrderAndVerdict.test_target_mismatch_recorded_as_conflict",
      "kind": "method",
      "impact_reason": "calls_modified_node",
      "target_symbol": "main"
    },
    {
      "id": "sym:af09c15f617b:TestTruncationPropagation.test_has_more_sets_truncated_true",
      "path": "/Users/giapminh79/code/GitHub/sot-graph/tests/test_cli_provider_wiring.py",
      "symbol": "TestTruncationPropagation.test_has_more_sets_truncated_true",
      "kind": "method",
      "impact_reason": "calls_modified_node",
      "target_symbol": "main"
    },
    {
      "id": "sym:af09c15f617b:TestProvidersSync.test_sync_invokes_index_and_emits_receipt",
      "path": "/Users/giapminh79/code/GitHub/sot-graph/tests/test_cli_provider_wiring.py",
      "symbol": "TestProvidersSync.test_sync_invokes_index_and_emits_receipt",
      "kind": "method",
      "impact_reason": "calls_modified_node",
      "target_symbol": "main"
    },
    {
      "id": "sym:af09c15f617b:TestProvidersSync.test_sync_unknown_provider_fails_cleanly",
      "path": "/Users/giapminh79/code/GitHub/sot-graph/tests/test_cli_provider_wiring.py",
      "symbol": "TestProvidersSync.test_sync_unknown_provider_fails_cleanly",
      "kind": "method",
      "impact_reason": "calls_modified_node",
      "target_symbol": "main"
    },
    {
      "id": "file:5dab7ee8ccb5",
      "path": "/Users/giapminh79/code/GitHub/sot-graph/tests/test_collection_accounting.py",
      "symbol": "test_collection_accounting.py",
      "kind": "file",
      "impact_reason": "calls_modified_node",
      "target_symbol": "build_parser"
    },
    {
      "id": "sym:5dab7ee8ccb5:TestReconcileProvenance.test_cli_records_pipeline_provenance",
      "path": "/Users/giapminh79/code/GitHub/sot-graph/tests/test_collection_accounting.py",
      "symbol": "TestReconcileProvenance.test_cli_records_pipeline_provenance",
      "kind": "method",
      "impact_reason": "calls_modified_node",
      "target_symbol": "build_parser"
    },
    {
      "id": "file:d310c90c4013",
      "path": "/Users/giapminh79/code/GitHub/sot-graph/tests/test_diff_impact.py",
      "symbol": "test_diff_impact.py",
      "kind": "file",
      "impact_reason": "calls_modified_node",
      "target_symbol": "build_parser"
    },
    {
      "id": "sym:d310c90c4013:TestDiffImpactGate._run",
      "path": "/Users/giapminh79/code/GitHub/sot-graph/tests/test_diff_impact.py",
      "symbol": "TestDiffImpactGate._run",
      "kind": "method",
      "impact_reason": "calls_modified_node",
      "target_symbol": "build_parser"
    },
    {
      "id": "sym:d310c90c4013:TestDiffImpactGate.test_gate_flag_registered",
      "path": "/Users/giapminh79/code/GitHub/sot-graph/tests/test_diff_impact.py",
      "symbol": "TestDiffImpactGate.test_gate_flag_registered",
      "kind": "method",
      "impact_reason": "calls_modified_node",
      "target_symbol": "build_parser"
    },
    {
      "id": "file:4ddc2aaf087d",
      "path": "/Users/giapminh79/code/GitHub/sot-graph/tests/test_diff_impact_github.py",
      "symbol": "test_diff_impact_github.py",
      "kind": "file",
      "impact_reason": "calls_modified_node",
      "target_symbol": "build_parser"
    },
    {
      "id": "sym:4ddc2aaf087d:GithubRendererTests.test_cli_format_flag_choices_and_default_unchanged",
      "path": "/Users/giapminh79/code/GitHub/sot-graph/tests/test_diff_impact_github.py",
      "symbol": "GithubRendererTests.test_cli_format_flag_choices_and_default_unchanged",
      "kind": "method",
      "impact_reason": "calls_modified_node",
      "target_symbol": "build_parser"
    },
    {
      "id": "sym:4ddc2aaf087d:GithubRendererTests.test_cmd_diff_impact_github_end_to_end",
      "path": "/Users/giapminh79/code/GitHub/sot-graph/tests/test_diff_impact_github.py",
      "symbol": "GithubRendererTests.test_cmd_diff_impact_github_end_to_end",
      "kind": "method",
      "impact_reason": "calls_modified_node",
      "target_symbol": "build_parser"
    },
    {
      "id": "file:7c588472908f",
      "path": "/Users/giapminh79/code/GitHub/sot-graph/tests/test_engine_admin.py",
      "symbol": "test_engine_admin.py",
      "kind": "file",
      "impact_reason": "calls_modified_node",
      "target_symbol": "main"
    },
    {
      "id": "sym:7c588472908f:test_install_promote_rollback_and_status",
      "path": "/Users/giapminh79/code/GitHub/sot-graph/tests/test_engine_admin.py",
      "symbol": "test_install_promote_rollback_and_status",
      "kind": "function",
      "impact_reason": "calls_modified_node",
      "target_symbol": "main"
    },
    {
      "id": "sym:7c588472908f:test_wrong_digest_refused_and_unknown_data_preserved",
      "path": "/Users/giapminh79/code/GitHub/sot-graph/tests/test_engine_admin.py",
      "symbol": "test_wrong_digest_refused_and_unknown_data_preserved",
      "kind": "function",
      "impact_reason": "calls_modified_node",
      "target_symbol": "main"
    },
    {
      "id": "sym:7c588472908f:test_operational_exit_and_multi_artifact_registry",
      "path": "/Users/giapminh79/code/GitHub/sot-graph/tests/test_engine_admin.py",
      "symbol": "test_operational_exit_and_multi_artifact_registry",
      "kind": "function",
      "impact_reason": "calls_modified_node",
      "target_symbol": "main"
    },
    {
      "id": "sym:7c588472908f:test_administration_errors_are_bounded",
      "path": "/Users/giapminh79/code/GitHub/sot-graph/tests/test_engine_admin.py",
      "symbol": "test_administration_errors_are_bounded",
      "kind": "function",
      "impact_reason": "calls_modified_node",
      "target_symbol": "main"
    },
    {
      "id": "sym:7c588472908f:test_uninstall_missing_is_read_only",
      "path": "/Users/giapminh79/code/GitHub/sot-graph/tests/test_engine_admin.py",
      "symbol": "test_uninstall_missing_is_read_only",
      "kind": "function",
      "impact_reason": "calls_modified_node",
      "target_symbol": "main"
    },
    {
      "id": "sym:7c588472908f:test_no_raw_execution_surface",
      "path": "/Users/giapminh79/code/GitHub/sot-graph/tests/test_engine_admin.py",
      "symbol": "test_no_raw_execution_surface",
      "kind": "function",
      "impact_reason": "calls_modified_node",
      "target_symbol": "main"
    },
    {
      "id": "sym:42626f773bdb:test_cli_register_rejects_real_protocol_mismatch",
      "path": "/Users/giapminh79/code/GitHub/sot-graph/tests/test_engine_trusted_config.py",
      "symbol": "test_cli_register_rejects_real_protocol_mismatch",
      "kind": "function",
      "impact_reason": "calls_modified_node",
      "target_symbol": "main"
    },
    {
      "id": "sym:42626f773bdb:test_cli_cannot_select_trusted_config_path",
      "path": "/Users/giapminh79/code/GitHub/sot-graph/tests/test_engine_trusted_config.py",
      "symbol": "test_cli_cannot_select_trusted_config_path",
      "kind": "function",
      "impact_reason": "calls_modified_node",
      "target_symbol": "main"
    },
    {
      "id": "file:f1b04f59ef79",
      "path": "/Users/giapminh79/code/GitHub/sot-graph/tests/test_export.py",
      "symbol": "test_export.py",
      "kind": "file",
      "impact_reason": "calls_modified_node",
      "target_symbol": "build_parser"
    },
    {
      "id": "sym:f1b04f59ef79:ExportTests.test_cli_viz_and_export_commands",
      "path": "/Users/giapminh79/code/GitHub/sot-graph/tests/test_export.py",
      "symbol": "ExportTests.test_cli_viz_and_export_commands",
      "kind": "method",
      "impact_reason": "calls_modified_node",
      "target_symbol": "build_parser"
    },
    {
      "id": "file:eb1f53425d6d",
      "path": "/Users/giapminh79/code/GitHub/sot-graph/tests/test_gs_surface_catalog.py",
      "symbol": "test_gs_surface_catalog.py",
      "kind": "file",
      "impact_reason": "calls_modified_node",
      "target_symbol": "main"
    },
    {
      "id": "sym:eb1f53425d6d:test_sur03_sur04_entry_points_and_help_are_sot_only",
      "path": "/Users/giapminh79/code/GitHub/sot-graph/tests/test_gs_surface_catalog.py",
      "symbol": "test_sur03_sur04_entry_points_and_help_are_sot_only",
      "kind": "function",
      "impact_reason": "calls_modified_node",
      "target_symbol": "main"
    },
    {
      "id": "file:0b899b2ef407",
      "path": "/Users/giapminh79/code/GitHub/sot-graph/tests/test_gs_surface_lifecycle.py",
      "symbol": "test_gs_surface_lifecycle.py",
      "kind": "file",
      "impact_reason": "calls_modified_node",
      "target_symbol": "main"
    },
    {
      "id": "sym:0b899b2ef407:test_sur12_sot_only_upgrade_recovery_and_uninstall.command",
      "path": "/Users/giapminh79/code/GitHub/sot-graph/tests/test_gs_surface_lifecycle.py",
      "symbol": "test_sur12_sot_only_upgrade_recovery_and_uninstall.command",
      "kind": "method",
      "impact_reason": "calls_modified_node",
      "target_symbol": "main"
    },
    {
      "id": "file:41fa6bfbed48",
      "path": "/Users/giapminh79/code/GitHub/sot-graph/tests/test_hardening_fixes.py",
      "symbol": "test_hardening_fixes.py",
      "kind": "file",
      "impact_reason": "calls_modified_node",
      "target_symbol": "main"
    },
    {
      "id": "sym:41fa6bfbed48:HardeningFixesTests.test_cli_handles_lock_busy_and_runtime_error",
      "path": "/Users/giapminh79/code/GitHub/sot-graph/tests/test_hardening_fixes.py",
      "symbol": "HardeningFixesTests.test_cli_handles_lock_busy_and_runtime_error",
      "kind": "method",
      "impact_reason": "calls_modified_node",
      "target_symbol": "main"
    },
    {
      "id": "file:4afdaea1f910",
      "path": "/Users/giapminh79/code/GitHub/sot-graph/tests/test_impact_pipeline.py",
      "symbol": "test_impact_pipeline.py",
      "kind": "file",
      "impact_reason": "calls_modified_node",
      "target_symbol": "build_parser"
    },
    {
      "id": "sym:4afdaea1f910:TestSurfaceWiring._cli_json",
      "path": "/Users/giapminh79/code/GitHub/sot-graph/tests/test_impact_pipeline.py",
      "symbol": "TestSurfaceWiring._cli_json",
      "kind": "method",
      "impact_reason": "calls_modified_node",
      "target_symbol": "build_parser"
    },
    {
      "id": "sym:4afdaea1f910:_cli_diff_json",
      "path": "/Users/giapminh79/code/GitHub/sot-graph/tests/test_impact_pipeline.py",
      "symbol": "_cli_diff_json",
      "kind": "function",
      "impact_reason": "calls_modified_node",
      "target_symbol": "build_parser"
    },
    {
      "id": "file:08055a8da3bb",
      "path": "/Users/giapminh79/code/GitHub/sot-graph/tests/test_optimizations.py",
      "symbol": "test_optimizations.py",
      "kind": "file",
      "impact_reason": "calls_modified_node",
      "target_symbol": "build_parser"
    },
    {
      "id": "sym:08055a8da3bb:TestOptimizations.test_batch_reconcile_and_repo_discovery",
      "path": "/Users/giapminh79/code/GitHub/sot-graph/tests/test_optimizations.py",
      "symbol": "TestOptimizations.test_batch_reconcile_and_repo_discovery",
      "kind": "method",
      "impact_reason": "calls_modified_node",
      "target_symbol": "build_parser"
    },
    {
      "id": "file:398155064175",
      "path": "/Users/giapminh79/code/GitHub/sot-graph/tests/test_p2_orchestrator.py",
      "symbol": "test_p2_orchestrator.py",
      "kind": "file",
      "impact_reason": "calls_modified_node",
      "target_symbol": "cli.py"
    },
    {
      "id": "sym:398155064175:TestDeadProviderDegrades.test_require_blocked_by_config_exit_code_is_stable",
      "path": "/Users/giapminh79/code/GitHub/sot-graph/tests/test_p2_orchestrator.py",
      "symbol": "TestDeadProviderDegrades.test_require_blocked_by_config_exit_code_is_stable",
      "kind": "method",
      "impact_reason": "calls_modified_node",
      "target_symbol": "main"
    },
    {
      "id": "file:7f511fdf0995",
      "path": "/Users/giapminh79/code/GitHub/sot-graph/tests/test_providers_cross_check.py",
      "symbol": "test_providers_cross_check.py",
      "kind": "file",
      "impact_reason": "calls_modified_node",
      "target_symbol": "build_parser"
    },
    {
      "id": "sym:7f511fdf0995:CrossCheckTests.test_cli_subcommand_wiring",
      "path": "/Users/giapminh79/code/GitHub/sot-graph/tests/test_providers_cross_check.py",
      "symbol": "CrossCheckTests.test_cli_subcommand_wiring",
      "kind": "method",
      "impact_reason": "calls_modified_node",
      "target_symbol": "build_parser"
    },
    {
      "id": "sym:7f511fdf0995:CrossCheckReceiptTests.test_cli_receipt_flag_wiring",
      "path": "/Users/giapminh79/code/GitHub/sot-graph/tests/test_providers_cross_check.py",
      "symbol": "CrossCheckReceiptTests.test_cli_receipt_flag_wiring",
      "kind": "method",
      "impact_reason": "calls_modified_node",
      "target_symbol": "build_parser"
    },
    {
      "id": "file:51828cb5b765",
      "path": "/Users/giapminh79/code/GitHub/sot-graph/tests/test_providers_registry.py",
      "symbol": "test_providers_registry.py",
      "kind": "file",
      "impact_reason": "calls_modified_node",
      "target_symbol": "main"
    },
    {
      "id": "sym:51828cb5b765:TestCliProviders.test_detect_json_smoke",
      "path": "/Users/giapminh79/code/GitHub/sot-graph/tests/test_providers_registry.py",
      "symbol": "TestCliProviders.test_detect_json_smoke",
      "kind": "method",
      "impact_reason": "calls_modified_node",
      "target_symbol": "main"
    },
    {
      "id": "sym:51828cb5b765:TestCliProviders.test_doctor_exit_code_zero_when_optional_missing",
      "path": "/Users/giapminh79/code/GitHub/sot-graph/tests/test_providers_registry.py",
      "symbol": "TestCliProviders.test_doctor_exit_code_zero_when_optional_missing",
      "kind": "method",
      "impact_reason": "calls_modified_node",
      "target_symbol": "main"
    },
    {
      "id": "sym:51828cb5b765:TestCliProviders.test_doctor_exit_code_one_when_required_unhealthy",
      "path": "/Users/giapminh79/code/GitHub/sot-graph/tests/test_providers_registry.py",
      "symbol": "TestCliProviders.test_doctor_exit_code_one_when_required_unhealthy",
      "kind": "method",
      "impact_reason": "calls_modified_node",
      "target_symbol": "main"
    },
    {
      "id": "sym:51828cb5b765:TestCliProviders.test_resolve_json_returns_ranked_list",
      "path": "/Users/giapminh79/code/GitHub/sot-graph/tests/test_providers_registry.py",
      "symbol": "TestCliProviders.test_resolve_json_returns_ranked_list",
      "kind": "method",
      "impact_reason": "calls_modified_node",
      "target_symbol": "main"
    },
    {
      "id": "sym:51828cb5b765:TestCliProviders.test_list_json_lists_all_configured",
      "path": "/Users/giapminh79/code/GitHub/sot-graph/tests/test_providers_registry.py",
      "symbol": "TestCliProviders.test_list_json_lists_all_configured",
      "kind": "method",
      "impact_reason": "calls_modified_node",
      "target_symbol": "main"
    },
    {
      "id": "file:a0fd26ba8176",
      "path": "/Users/giapminh79/code/GitHub/sot-graph/tests/test_report_conformance.py",
      "symbol": "test_report_conformance.py",
      "kind": "file",
      "impact_reason": "calls_modified_node",
      "target_symbol": "build_parser"
    },
    {
      "id": "sym:a0fd26ba8176:TestShippedPathIntegration.test_cli_report_receives_real_denominators",
      "path": "/Users/giapminh79/code/GitHub/sot-graph/tests/test_report_conformance.py",
      "symbol": "TestShippedPathIntegration.test_cli_report_receives_real_denominators",
      "kind": "method",
      "impact_reason": "calls_modified_node",
      "target_symbol": "build_parser"
    },
    {
      "id": "file:f058a7d050ab",
      "path": "/Users/giapminh79/code/GitHub/sot-graph/tests/test_sg107_stress.py",
      "symbol": "test_sg107_stress.py",
      "kind": "file",
      "impact_reason": "calls_modified_node",
      "target_symbol": "build_parser"
    },
    {
      "id": "sym:f058a7d050ab:_cli_diff_json",
      "path": "/Users/giapminh79/code/GitHub/sot-graph/tests/test_sg107_stress.py",
      "symbol": "_cli_diff_json",
      "kind": "function",
      "impact_reason": "calls_modified_node",
      "target_symbol": "build_parser"
    },
    {
      "id": "file:21c603c57c3d",
      "path": "/Users/giapminh79/code/GitHub/sot-graph/tests/test_storage_integrity.py",
      "symbol": "test_storage_integrity.py",
      "kind": "file",
      "impact_reason": "calls_modified_node",
      "target_symbol": "main"
    },
    {
      "id": "sym:21c603c57c3d:test_doctor_cli_text_and_json",
      "path": "/Users/giapminh79/code/GitHub/sot-graph/tests/test_storage_integrity.py",
      "symbol": "test_doctor_cli_text_and_json",
      "kind": "function",
      "impact_reason": "calls_modified_node",
      "target_symbol": "main"
    },
    {
      "id": "sym:79099f3a4874:test_artifact_resolver_exceptions_are_sanitized",
      "path": "/Users/giapminh79/code/GitHub/sot-graph/tests/test_managed_config_recovery.py",
      "symbol": "test_artifact_resolver_exceptions_are_sanitized",
      "kind": "function",
      "impact_reason": "calls_modified_node",
      "target_symbol": "add_parser"
    },
    {
      "id": "sym:79099f3a4874:test_installation_and_profile_runtime_errors_are_sanitized",
      "path": "/Users/giapminh79/code/GitHub/sot-graph/tests/test_managed_config_recovery.py",
      "symbol": "test_installation_and_profile_runtime_errors_are_sanitized",
      "kind": "function",
      "impact_reason": "calls_modified_node",
      "target_symbol": "add_parser"
    },
    {
      "id": "sym:79099f3a4874:test_unsupported_platform_diagnostics_refuse_but_default_loader_stays_off",
      "path": "/Users/giapminh79/code/GitHub/sot-graph/tests/test_managed_config_recovery.py",
      "symbol": "test_unsupported_platform_diagnostics_refuse_but_default_loader_stays_off",
      "kind": "function",
      "impact_reason": "calls_modified_node",
      "target_symbol": "add_parser"
    },
    {
      "id": "sym:79099f3a4874:test_cli_diagnostics_are_store_optional_read_only_and_never_index",
      "path": "/Users/giapminh79/code/GitHub/sot-graph/tests/test_managed_config_recovery.py",
      "symbol": "test_cli_diagnostics_are_store_optional_read_only_and_never_index",
      "kind": "function",
      "impact_reason": "calls_modified_node",
      "target_symbol": "add_parser"
    },
    {
      "id": "sym:79099f3a4874:observe",
      "path": "/Users/giapminh79/code/GitHub/sot-graph/tests/test_managed_config_recovery.py",
      "symbol": "observe",
      "kind": "function",
      "impact_reason": "calls_modified_node",
      "target_symbol": "managed_config_status"
    },
    {
      "id": "sym:1dbbec2c433c:test_missing_configuration_is_default_off_without_mkdir",
      "path": "/Users/giapminh79/code/GitHub/sot-graph/tests/test_trusted_managed_config.py",
      "symbol": "test_missing_configuration_is_default_off_without_mkdir",
      "kind": "function",
      "impact_reason": "calls_modified_node",
      "target_symbol": "managed_config_status"
    },
    {
      "id": "sym:1dbbec2c433c:test_disable_preserves_repository_evidence_and_does_not_resolve",
      "path": "/Users/giapminh79/code/GitHub/sot-graph/tests/test_trusted_managed_config.py",
      "symbol": "test_disable_preserves_repository_evidence_and_does_not_resolve",
      "kind": "function",
      "impact_reason": "calls_modified_node",
      "target_symbol": "managed_config_status"
    },
    {
      "id": "sym:1dbbec2c433c:test_unsupported_platform_defaults_off_but_explicit_admin_refuses",
      "path": "/Users/giapminh79/code/GitHub/sot-graph/tests/test_trusted_managed_config.py",
      "symbol": "test_unsupported_platform_defaults_off_but_explicit_admin_refuses",
      "kind": "function",
      "impact_reason": "calls_modified_node",
      "target_symbol": "managed_config_status"
    },
    {
      "id": "sym:1dbbec2c433c:test_malformed_unrelated_project_blocks_load_and_disable_without_rewriting",
      "path": "/Users/giapminh79/code/GitHub/sot-graph/tests/test_trusted_managed_config.py",
      "symbol": "test_malformed_unrelated_project_blocks_load_and_disable_without_rewriting",
      "kind": "function",
      "impact_reason": "calls_modified_node",
      "target_symbol": "managed_config_status"
    },
    {
      "id": "file:42626f773bdb",
      "path": "/Users/giapminh79/code/GitHub/sot-graph/tests/test_engine_trusted_config.py",
      "symbol": "test_engine_trusted_config.py",
      "kind": "file",
      "impact_reason": "calls_modified_node",
      "target_symbol": "test_cli_register_status_disable_persist_without_native"
    },
    {
      "id": "file:79099f3a4874",
      "path": "/Users/giapminh79/code/GitHub/sot-graph/tests/test_managed_config_recovery.py",
      "symbol": "test_managed_config_recovery.py",
      "kind": "file",
      "impact_reason": "calls_modified_node",
      "target_symbol": "snapshot"
    },
    {
      "id": "sym:79099f3a4874:test_disable_preserves_notes_evidence_and_index_without_artifact_resolution",
      "path": "/Users/giapminh79/code/GitHub/sot-graph/tests/test_managed_config_recovery.py",
      "symbol": "test_disable_preserves_notes_evidence_and_index_without_artifact_resolution",
      "kind": "function",
      "impact_reason": "calls_modified_node",
      "target_symbol": "snapshot"
    },
    {
      "id": "sym:79099f3a4874:test_restart_loads_persisted_binding_without_runtime_preparation",
      "path": "/Users/giapminh79/code/GitHub/sot-graph/tests/test_managed_config_recovery.py",
      "symbol": "test_restart_loads_persisted_binding_without_runtime_preparation",
      "kind": "function",
      "impact_reason": "calls_modified_node",
      "target_symbol": "observe"
    },
    {
      "id": "sym:79099f3a4874:test_persisted_failures_have_fixed_safe_remediation",
      "path": "/Users/giapminh79/code/GitHub/sot-graph/tests/test_managed_config_recovery.py",
      "symbol": "test_persisted_failures_have_fixed_safe_remediation",
      "kind": "function",
      "impact_reason": "calls_modified_node",
      "target_symbol": "observe"
    },
    {
      "id": "sym:79099f3a4874:test_synthetic_foreign_profile_is_quarantined_without_native_schema_claim",
      "path": "/Users/giapminh79/code/GitHub/sot-graph/tests/test_managed_config_recovery.py",
      "symbol": "test_synthetic_foreign_profile_is_quarantined_without_native_schema_claim",
      "kind": "function",
      "impact_reason": "calls_modified_node",
      "target_symbol": "observe"
    },
    {
      "id": "sym:79099f3a4874:test_different_digest_refuses_then_verified_old_artifact_rollback_restores_binding",
      "path": "/Users/giapminh79/code/GitHub/sot-graph/tests/test_managed_config_recovery.py",
      "symbol": "test_different_digest_refuses_then_verified_old_artifact_rollback_restores_binding",
      "kind": "function",
      "impact_reason": "calls_modified_node",
      "target_symbol": "observe"
    },
    {
      "id": "file:1dbbec2c433c",
      "path": "/Users/giapminh79/code/GitHub/sot-graph/tests/test_trusted_managed_config.py",
      "symbol": "test_trusted_managed_config.py",
      "kind": "file",
      "impact_reason": "calls_modified_node",
      "target_symbol": "test_unsupported_platform_defaults_off_but_explicit_admin_refuses"
    }
  ],
  "api_impacts": [],
  "tests_to_run": [
    "/Users/giapminh79/code/GitHub/sot-graph/tests/test_adapters.py",
    "/Users/giapminh79/code/GitHub/sot-graph/tests/test_analytics.py",
    "/Users/giapminh79/code/GitHub/sot-graph/tests/test_bundle.py",
    "/Users/giapminh79/code/GitHub/sot-graph/tests/test_cli_provider_wiring.py",
    "/Users/giapminh79/code/GitHub/sot-graph/tests/test_collection_accounting.py",
    "/Users/giapminh79/code/GitHub/sot-graph/tests/test_diff_impact.py",
    "/Users/giapminh79/code/GitHub/sot-graph/tests/test_diff_impact_github.py",
    "/Users/giapminh79/code/GitHub/sot-graph/tests/test_engine_admin.py",
    "/Users/giapminh79/code/GitHub/sot-graph/tests/test_engine_trusted_config.py",
    "/Users/giapminh79/code/GitHub/sot-graph/tests/test_export.py",
    "/Users/giapminh79/code/GitHub/sot-graph/tests/test_gs_surface_catalog.py",
    "/Users/giapminh79/code/GitHub/sot-graph/tests/test_gs_surface_lifecycle.py",
    "/Users/giapminh79/code/GitHub/sot-graph/tests/test_hardening_fixes.py",
    "/Users/giapminh79/code/GitHub/sot-graph/tests/test_impact_pipeline.py",
    "/Users/giapminh79/code/GitHub/sot-graph/tests/test_managed_config_recovery.py",
    "/Users/giapminh79/code/GitHub/sot-graph/tests/test_optimizations.py",
    "/Users/giapminh79/code/GitHub/sot-graph/tests/test_p2_orchestrator.py",
    "/Users/giapminh79/code/GitHub/sot-graph/tests/test_providers_cross_check.py",
    "/Users/giapminh79/code/GitHub/sot-graph/tests/test_providers_registry.py",
    "/Users/giapminh79/code/GitHub/sot-graph/tests/test_report_conformance.py",
    "/Users/giapminh79/code/GitHub/sot-graph/tests/test_sg107_stress.py",
    "/Users/giapminh79/code/GitHub/sot-graph/tests/test_storage_integrity.py",
    "/Users/giapminh79/code/GitHub/sot-graph/tests/test_trusted_managed_config.py",
    "tests/test_engine_trusted_config.py",
    "tests/test_managed_config_recovery.py",
    "tests/test_trusted_managed_config.py"
  ],
  "invalidated_evidence": [],
  "invalidated_evidence_dead_count": 0,
  "collection_stats": {
    "changed_files": {
      "enumerated_count": 15,
      "returned_count": 15,
      "cap": 200,
      "truncated": false,
      "cursor_exhausted": true
    },
    "invalidated_evidence": {
      "enumerated_count": 0,
      "returned_count": 0,
      "cap": 50,
      "truncated": false,
      "cursor_exhausted": true
    },
    "ledger_runs": {
      "enumerated_count": 0,
      "returned_count": 0,
      "cap": 200,
      "truncated": false,
      "cursor_exhausted": true
    },
    "ledger_union": {
      "enumerated_count": 0,
      "returned_count": 0,
      "cap": 5000,
      "truncated": false,
      "cursor_exhausted": true
    }
  },
  "post_change_snapshot": {
    "snapshot_id": null,
    "descriptor_digest": "sha256:7a89ddba3c41233786dc0e93c1e8e081cf7584426bac8136bdff368c4019d2e6",
    "role": "post_change",
    "commit_sha": "3468796447a993a45f7ed9be3984a1fd16902596",
    "dirty": true,
    "dirty_fingerprint": "sha256:19ae62fef15e28f603c355bf4ffa45878fc9414d80e041c4f752ba71a15cdebd",
    "manifest_digest": null,
    "generation": null,
    "algo_version": "sha256-v2",
    "captured_at": 1788684923,
    "content_digests": {
      "plan/python-c-monorepo/evidence/completion-goals/M3c/20260906-recovery-v1/claims.log": "a123cb021ab9b0e4082989ec03817ad3898d5208c58de9f691cba9beba17acef",
      "plan/python-c-monorepo/evidence/completion-goals/M3c/20260906-recovery-v1/doctor.log": "63f914fcf1a332613d29bebe6ec79d27fd22f4c74334951965168730f934d784",
      "plan/python-c-monorepo/evidence/completion-goals/M3c/20260906-recovery-v1/full-pytest.log": "debd98ed450621233ed48cbe3da9a284dca19b612f1f474fcea00527af413f5d",
      "plan/python-c-monorepo/evidence/completion-goals/M3c/20260906-recovery-v1/impact.log": "e3b0c44298fc1c149afbf4c8996fb92427ae41e4649b934ca495991b7852b855",
      "plan/python-c-monorepo/evidence/completion-goals/M3c/20260906-recovery-v1/lint.log": "82b3e6a6c090a57601d22943bd23fca9218d1031dbe5a7b754092f9a156b4f18",
      "plan/python-c-monorepo/evidence/completion-goals/M3c/20260906-recovery-v1/quality.log": "fc4996a57dfb336d37d4ad427a198957eb082fd349bcdaa44daa34332caa0774",
      "plan/python-c-monorepo/evidence/completion-goals/M3c/20260906-recovery-v1/reconcile.log": "3d33852ab15ff94c605eeb19dde7aacc3b4b27c02fb26df80305362cfb53907f",
      "plan/python-c-monorepo/evidence/completion-goals/M3c/20260906-recovery-v1/types.log": "6d88a1b220adb7a3d62092b6e38431f0b3fe8babe9864fab90e5849766260332",
      "plan/python-c-monorepo/trusted-opt-in-runbook.md": "6852a239838357f6ff64c1ef35deecabe632b51afab1f12fb69f4045e7bd1960",
      "plan/remaining-work-phased-plan-2026-09-05.md": "4aa2465146977de511db70d4f66d2b6d2ae9259cf5b06e786346f216cab9eabc",
      "src/sot_graph/providers/admin.py": "b0a2c18c5c4753f772e353c173f4e7ab016b6c0c97a38f00cc3a96d66cca34e1",
      "src/sot_graph/providers/trusted_config.py": "20a769fedb2ebbdb4414aed41b20aee6c2ba8d5c6d7639dd05e44aad4fcad48e",
      "tests/test_engine_trusted_config.py": "50c7ef1eac2efde7ddaa714f3ff5c496cbbc3740bb937b88077719505129d0aa",
      "tests/test_managed_config_recovery.py": "aec7fc1c42a1805577eae47aa8c71f0400df1a1fa412bbfdb6fac89685271fb3",
      "tests/test_trusted_managed_config.py": "7cd3ffd459a4e4b3b35679d8e18fccba03419028fe6cd91e9e61fab37e2dc228"
    },
    "scope_digest": "sha256:630e0cf8810e16dca1fe52d0c5965cf5bc106a4c057c1494025fceda9f1be248"
  },
  "reconcile": {
    "required": true,
    "note": "run `sot reconcile` to bind the post-change snapshot to a fresh index generation"
  },
  "summary": {
    "total_changed_files": 15,
    "total_hunks": 27,
    "total_direct_nodes": 30,
    "total_callers": 79,
    "total_apis": 0,
    "total_tests": 89,
    "risk_score": 80,
    "risk_level": "HIGH",
    "execution_time_ms": 81.19
  },
  "pre_receipt_digest": null,
  "pre_change_snapshot": {
    "descriptor_digest": "sha256:0c8794901ae40248623058bfe20f59a1fafed1816cfbd5949b68da00e971330e",
    "role": "pre_change",
    "commit_sha": "3468796447a993a45f7ed9be3984a1fd16902596",
    "dirty": true,
    "dirty_fingerprint": "sha256:19ae62fef15e28f603c355bf4ffa45878fc9414d80e041c4f752ba71a15cdebd",
    "manifest_digest": null,
    "generation": null,
    "algo_version": "sha256-v2",
    "content_digests": {
      "plan/python-c-monorepo/trusted-opt-in-runbook.md": "6852a239838357f6ff64c1ef35deecabe632b51afab1f12fb69f4045e7bd1960",
      "src/sot_graph/providers/admin.py": "b0a2c18c5c4753f772e353c173f4e7ab016b6c0c97a38f00cc3a96d66cca34e1",
      "src/sot_graph/providers/trusted_config.py": "20a769fedb2ebbdb4414aed41b20aee6c2ba8d5c6d7639dd05e44aad4fcad48e",
      "tests/test_engine_trusted_config.py": "50c7ef1eac2efde7ddaa714f3ff5c496cbbc3740bb937b88077719505129d0aa",
      "tests/test_trusted_managed_config.py": "7cd3ffd459a4e4b3b35679d8e18fccba03419028fe6cd91e9e61fab37e2dc228",
      "plan/python-c-monorepo/evidence/completion-goals/M3c/20260906-recovery-v1/claims.log": "a123cb021ab9b0e4082989ec03817ad3898d5208c58de9f691cba9beba17acef",
      "plan/python-c-monorepo/evidence/completion-goals/M3c/20260906-recovery-v1/doctor.log": "63f914fcf1a332613d29bebe6ec79d27fd22f4c74334951965168730f934d784",
      "plan/python-c-monorepo/evidence/completion-goals/M3c/20260906-recovery-v1/full-pytest.log": "debd98ed450621233ed48cbe3da9a284dca19b612f1f474fcea00527af413f5d",
      "plan/python-c-monorepo/evidence/completion-goals/M3c/20260906-recovery-v1/impact.log": "e3b0c44298fc1c149afbf4c8996fb92427ae41e4649b934ca495991b7852b855",
      "plan/python-c-monorepo/evidence/completion-goals/M3c/20260906-recovery-v1/lint.log": "82b3e6a6c090a57601d22943bd23fca9218d1031dbe5a7b754092f9a156b4f18",
      "plan/python-c-monorepo/evidence/completion-goals/M3c/20260906-recovery-v1/quality.log": "fc4996a57dfb336d37d4ad427a198957eb082fd349bcdaa44daa34332caa0774",
      "plan/python-c-monorepo/evidence/completion-goals/M3c/20260906-recovery-v1/reconcile.log": "3d33852ab15ff94c605eeb19dde7aacc3b4b27c02fb26df80305362cfb53907f",
      "plan/python-c-monorepo/evidence/completion-goals/M3c/20260906-recovery-v1/types.log": "6d88a1b220adb7a3d62092b6e38431f0b3fe8babe9864fab90e5849766260332",
      "plan/remaining-work-phased-plan-2026-09-05.md": "4aa2465146977de511db70d4f66d2b6d2ae9259cf5b06e786346f216cab9eabc",
      "tests/test_managed_config_recovery.py": "aec7fc1c42a1805577eae47aa8c71f0400df1a1fa412bbfdb6fac89685271fb3"
    },
    "scope_digest": "sha256:630e0cf8810e16dca1fe52d0c5965cf5bc106a4c057c1494025fceda9f1be248"
  },
  "remaining_gaps": [],
  "warnings": [],
  "closure_decision": "open",
  "omp_confirmations_remaining": [],
  "assurance_facts": {
    "identity_status": "UNIQUE",
    "snapshot_bound": true,
    "collection_error": false,
    "stale_files": [
      "plan/python-c-monorepo/evidence/completion-goals/M3c/20260906-recovery-v1/claims.log",
      "plan/python-c-monorepo/evidence/completion-goals/M3c/20260906-recovery-v1/doctor.log",
      "plan/python-c-monorepo/evidence/completion-goals/M3c/20260906-recovery-v1/full-pytest.log",
      "plan/python-c-monorepo/evidence/completion-goals/M3c/20260906-recovery-v1/impact.log",
      "plan/python-c-monorepo/evidence/completion-goals/M3c/20260906-recovery-v1/lint.log",
      "plan/python-c-monorepo/evidence/completion-goals/M3c/20260906-recovery-v1/quality.log",
      "plan/python-c-monorepo/evidence/completion-goals/M3c/20260906-recovery-v1/reconcile.log",
      "plan/python-c-monorepo/evidence/completion-goals/M3c/20260906-recovery-v1/types.log"
    ],
    "coverage_measured": false,
    "coverage_fraction": null,
    "coverage_floor": 0.9,
    "parser_failures": 0,
    "unresolved_count": 0,
    "unresolved_budget": 0,
    "open_conflicts": 0,
    "truncated": false,
    "truncation_sources": [],
    "enumeration_complete": null,
    "parser_capability_complete": null,
    "partial_ast_present": false,
    "provider_capability_ok": true,
    "absence_claim": false,
    "gate_blocked": false,
    "dynamic_dispatch_unresolved": true,
    "claim_profile": "scoped"
  },
  "assurance": {
    "status": "STALE",
    "reason_codes": [
      "stale_sources",
      "dynamic_dispatch_unresolved"
    ],
    "decision": {
      "status": "STALE",
      "reason_codes": [
        "stale_sources",
        "dynamic_dispatch_unresolved"
      ]
    }
  },
  "digest": "788c3ffa14571e9e37975fbd28bb2e513cb546e57c10d730fb71e86971da9d07",
  "request": {
    "schema_version": "impact-request/1",
    "target": "HEAD",
    "staged": false,
    "working_tree": true,
    "depth": 2,
    "auto_reconcile": false,
    "reconcile_provenance": "pipeline"
  },
  "projection": {
    "collections": [
      {
        "key": "changed_files",
        "enumerated_count": 15,
        "returned_count": 15,
        "truncated": false,
        "cap": 200,
        "cursor_exhausted": true
      },
      {
        "key": "direct_nodes",
        "enumerated_count": 30,
        "returned_count": 30,
        "truncated": false
      },
      {
        "key": "caller_impacts",
        "enumerated_count": 79,
        "returned_count": 79,
        "truncated": false
      },
      {
        "key": "test_impacts",
        "enumerated_count": 89,
        "returned_count": 89,
        "truncated": false
      },
      {
        "key": "api_impacts",
        "enumerated_count": 0,
        "returned_count": 0,
        "truncated": false
      },
      {
        "key": "tests_to_run",
        "enumerated_count": 26,
        "returned_count": 26,
        "truncated": false
      }
    ],
    "next_cursor": null
  },
  "stale_files": []
}
