id,feature,feature_name,trigger,expected,status,probe,related_test_modules
F01-01,F01,Cài đặt cấu hình và tích hợp harness,Cài wheel trong môi trường sạch,CLI đúng version và package data đầy đủ,đã kiểm chứng bằng probe tương ứng,wheel-smoke.log,tests.test_adapter_docs_consistency.AdapterDocsConsistencyTests;tests.test_cli_smoke;tests.test_completion_surface_packaging;tests.test_config_loader.TestDefaultsWithoutFile;tests.test_config_loader.TestEnvOverrides;tests.test_config_loader.TestFileOverrides;tests.test_config_loader.TestForwardCompatibilityAndValidation;tests.test_config_loader.TestOverridesDict;tests.test_config_loader.TestPathHandling;tests.test_config_loader.TestTomllibFallback;tests.test_omp_integration.TestOMPIntegrationScenarios;tests.test_p3_adapters.TestBuiltinCapabilityHonesty;tests.test_p3_adapters.TestImpactScoping;tests.test_p3_adapters.TestSearchStructuredParse;tests.test_p3_adapters.TestTraceStructuredParse;tests.test_repository_identity
F01-02,F01,Cài đặt cấu hình và tích hợp harness,Cài sdist trong môi trường sạch,Build và import không cần source checkout,đã kiểm chứng bằng probe tương ứng,sdist-smoke.log,tests.test_adapter_docs_consistency.AdapterDocsConsistencyTests;tests.test_cli_smoke;tests.test_completion_surface_packaging;tests.test_config_loader.TestDefaultsWithoutFile;tests.test_config_loader.TestEnvOverrides;tests.test_config_loader.TestFileOverrides;tests.test_config_loader.TestForwardCompatibilityAndValidation;tests.test_config_loader.TestOverridesDict;tests.test_config_loader.TestPathHandling;tests.test_config_loader.TestTomllibFallback;tests.test_omp_integration.TestOMPIntegrationScenarios;tests.test_p3_adapters.TestBuiltinCapabilityHonesty;tests.test_p3_adapters.TestImpactScoping;tests.test_p3_adapters.TestSearchStructuredParse;tests.test_p3_adapters.TestTraceStructuredParse;tests.test_repository_identity
F01-03,F01,Cài đặt cấu hình và tích hợp harness,Python tối thiểu và tối đa được hỗ trợ,Cùng contract trên Python 3.10 tới 3.14,đã truy tìm nhánh và test liên quan chưa chứng minh toàn bộ tình huống,,tests.test_adapter_docs_consistency.AdapterDocsConsistencyTests;tests.test_cli_smoke;tests.test_completion_surface_packaging;tests.test_config_loader.TestDefaultsWithoutFile;tests.test_config_loader.TestEnvOverrides;tests.test_config_loader.TestFileOverrides;tests.test_config_loader.TestForwardCompatibilityAndValidation;tests.test_config_loader.TestOverridesDict;tests.test_config_loader.TestPathHandling;tests.test_config_loader.TestTomllibFallback;tests.test_omp_integration.TestOMPIntegrationScenarios;tests.test_p3_adapters.TestBuiltinCapabilityHonesty;tests.test_p3_adapters.TestImpactScoping;tests.test_p3_adapters.TestSearchStructuredParse;tests.test_p3_adapters.TestTraceStructuredParse;tests.test_repository_identity
F01-04,F01,Cài đặt cấu hình và tích hợp harness,Thiếu dependency tùy chọn,Lệnh core chạy và tính năng thiếu extra báo cách cài,đã truy tìm nhánh và test liên quan chưa chứng minh toàn bộ tình huống,,tests.test_adapter_docs_consistency.AdapterDocsConsistencyTests;tests.test_cli_smoke;tests.test_completion_surface_packaging;tests.test_config_loader.TestDefaultsWithoutFile;tests.test_config_loader.TestEnvOverrides;tests.test_config_loader.TestFileOverrides;tests.test_config_loader.TestForwardCompatibilityAndValidation;tests.test_config_loader.TestOverridesDict;tests.test_config_loader.TestPathHandling;tests.test_config_loader.TestTomllibFallback;tests.test_omp_integration.TestOMPIntegrationScenarios;tests.test_p3_adapters.TestBuiltinCapabilityHonesty;tests.test_p3_adapters.TestImpactScoping;tests.test_p3_adapters.TestSearchStructuredParse;tests.test_p3_adapters.TestTraceStructuredParse;tests.test_repository_identity
F01-05,F01,Cài đặt cấu hình và tích hợp harness,Root chứa khoảng trắng hoặc Unicode,Không lỗi quoting hay encoding,đã truy tìm nhánh và test liên quan chưa chứng minh toàn bộ tình huống,,tests.test_adapter_docs_consistency.AdapterDocsConsistencyTests;tests.test_cli_smoke;tests.test_completion_surface_packaging;tests.test_config_loader.TestDefaultsWithoutFile;tests.test_config_loader.TestEnvOverrides;tests.test_config_loader.TestFileOverrides;tests.test_config_loader.TestForwardCompatibilityAndValidation;tests.test_config_loader.TestOverridesDict;tests.test_config_loader.TestPathHandling;tests.test_config_loader.TestTomllibFallback;tests.test_omp_integration.TestOMPIntegrationScenarios;tests.test_p3_adapters.TestBuiltinCapabilityHonesty;tests.test_p3_adapters.TestImpactScoping;tests.test_p3_adapters.TestSearchStructuredParse;tests.test_p3_adapters.TestTraceStructuredParse;tests.test_repository_identity
F01-06,F01,Cài đặt cấu hình và tích hợp harness,TOML sai cú pháp,Lỗi có cấu trúc và exit khác 0 không traceback,lỗi hoặc contract cần cải thiện đã tái hiện,config-invalid-toml,tests.test_adapter_docs_consistency.AdapterDocsConsistencyTests;tests.test_cli_smoke;tests.test_completion_surface_packaging;tests.test_config_loader.TestDefaultsWithoutFile;tests.test_config_loader.TestEnvOverrides;tests.test_config_loader.TestFileOverrides;tests.test_config_loader.TestForwardCompatibilityAndValidation;tests.test_config_loader.TestOverridesDict;tests.test_config_loader.TestPathHandling;tests.test_config_loader.TestTomllibFallback;tests.test_omp_integration.TestOMPIntegrationScenarios;tests.test_p3_adapters.TestBuiltinCapabilityHonesty;tests.test_p3_adapters.TestImpactScoping;tests.test_p3_adapters.TestSearchStructuredParse;tests.test_p3_adapters.TestTraceStructuredParse;tests.test_repository_identity
F01-07,F01,Cài đặt cấu hình và tích hợp harness,TOML sai kiểu hoặc giá trị enum,Chỉ rõ key sai và không crash,lỗi hoặc contract cần cải thiện đã tái hiện,config-invalid-type,tests.test_adapter_docs_consistency.AdapterDocsConsistencyTests;tests.test_cli_smoke;tests.test_completion_surface_packaging;tests.test_config_loader.TestDefaultsWithoutFile;tests.test_config_loader.TestEnvOverrides;tests.test_config_loader.TestFileOverrides;tests.test_config_loader.TestForwardCompatibilityAndValidation;tests.test_config_loader.TestOverridesDict;tests.test_config_loader.TestPathHandling;tests.test_config_loader.TestTomllibFallback;tests.test_omp_integration.TestOMPIntegrationScenarios;tests.test_p3_adapters.TestBuiltinCapabilityHonesty;tests.test_p3_adapters.TestImpactScoping;tests.test_p3_adapters.TestSearchStructuredParse;tests.test_p3_adapters.TestTraceStructuredParse;tests.test_repository_identity
F01-08,F01,Cài đặt cấu hình và tích hợp harness,Env mâu thuẫn TOML,Thực hiện đúng precedence và không mở external ngoài ý muốn,đã truy tìm nhánh và test liên quan chưa chứng minh toàn bộ tình huống,,tests.test_adapter_docs_consistency.AdapterDocsConsistencyTests;tests.test_cli_smoke;tests.test_completion_surface_packaging;tests.test_config_loader.TestDefaultsWithoutFile;tests.test_config_loader.TestEnvOverrides;tests.test_config_loader.TestFileOverrides;tests.test_config_loader.TestForwardCompatibilityAndValidation;tests.test_config_loader.TestOverridesDict;tests.test_config_loader.TestPathHandling;tests.test_config_loader.TestTomllibFallback;tests.test_omp_integration.TestOMPIntegrationScenarios;tests.test_p3_adapters.TestBuiltinCapabilityHonesty;tests.test_p3_adapters.TestImpactScoping;tests.test_p3_adapters.TestSearchStructuredParse;tests.test_p3_adapters.TestTraceStructuredParse;tests.test_repository_identity
F01-09,F01,Cài đặt cấu hình và tích hợp harness,Setup hai lần cùng harness,Idempotent và bảo toàn custom text,đã kiểm chứng bằng probe tương ứng,setup-idempotent,tests.test_adapter_docs_consistency.AdapterDocsConsistencyTests;tests.test_cli_smoke;tests.test_completion_surface_packaging;tests.test_config_loader.TestDefaultsWithoutFile;tests.test_config_loader.TestEnvOverrides;tests.test_config_loader.TestFileOverrides;tests.test_config_loader.TestForwardCompatibilityAndValidation;tests.test_config_loader.TestOverridesDict;tests.test_config_loader.TestPathHandling;tests.test_config_loader.TestTomllibFallback;tests.test_omp_integration.TestOMPIntegrationScenarios;tests.test_p3_adapters.TestBuiltinCapabilityHonesty;tests.test_p3_adapters.TestImpactScoping;tests.test_p3_adapters.TestSearchStructuredParse;tests.test_p3_adapters.TestTraceStructuredParse;tests.test_repository_identity
F01-10,F01,Cài đặt cấu hình và tích hợp harness,Setup workspace only,Không ghi vào home hay workspace khác,đã kiểm chứng bằng probe tương ứng,setup-workspace-omp,tests.test_adapter_docs_consistency.AdapterDocsConsistencyTests;tests.test_cli_smoke;tests.test_completion_surface_packaging;tests.test_config_loader.TestDefaultsWithoutFile;tests.test_config_loader.TestEnvOverrides;tests.test_config_loader.TestFileOverrides;tests.test_config_loader.TestForwardCompatibilityAndValidation;tests.test_config_loader.TestOverridesDict;tests.test_config_loader.TestPathHandling;tests.test_config_loader.TestTomllibFallback;tests.test_omp_integration.TestOMPIntegrationScenarios;tests.test_p3_adapters.TestBuiltinCapabilityHonesty;tests.test_p3_adapters.TestImpactScoping;tests.test_p3_adapters.TestSearchStructuredParse;tests.test_p3_adapters.TestTraceStructuredParse;tests.test_repository_identity
F01-11,F01,Cài đặt cấu hình và tích hợp harness,Root hoặc file cấu hình là symlink,Canonical root và kiểm tra quyền nhất quán,đã truy tìm nhánh và test liên quan chưa chứng minh toàn bộ tình huống,,tests.test_adapter_docs_consistency.AdapterDocsConsistencyTests;tests.test_cli_smoke;tests.test_completion_surface_packaging;tests.test_config_loader.TestDefaultsWithoutFile;tests.test_config_loader.TestEnvOverrides;tests.test_config_loader.TestFileOverrides;tests.test_config_loader.TestForwardCompatibilityAndValidation;tests.test_config_loader.TestOverridesDict;tests.test_config_loader.TestPathHandling;tests.test_config_loader.TestTomllibFallback;tests.test_omp_integration.TestOMPIntegrationScenarios;tests.test_p3_adapters.TestBuiltinCapabilityHonesty;tests.test_p3_adapters.TestImpactScoping;tests.test_p3_adapters.TestSearchStructuredParse;tests.test_p3_adapters.TestTraceStructuredParse;tests.test_repository_identity
F01-12,F01,Cài đặt cấu hình và tích hợp harness,Launcher bin dùng Python khác venv,Chạy interpreter có đúng dependency hoặc báo rõ,đã truy tìm nhánh và test liên quan chưa chứng minh toàn bộ tình huống,,tests.test_adapter_docs_consistency.AdapterDocsConsistencyTests;tests.test_cli_smoke;tests.test_completion_surface_packaging;tests.test_config_loader.TestDefaultsWithoutFile;tests.test_config_loader.TestEnvOverrides;tests.test_config_loader.TestFileOverrides;tests.test_config_loader.TestForwardCompatibilityAndValidation;tests.test_config_loader.TestOverridesDict;tests.test_config_loader.TestPathHandling;tests.test_config_loader.TestTomllibFallback;tests.test_omp_integration.TestOMPIntegrationScenarios;tests.test_p3_adapters.TestBuiltinCapabilityHonesty;tests.test_p3_adapters.TestImpactScoping;tests.test_p3_adapters.TestSearchStructuredParse;tests.test_p3_adapters.TestTraceStructuredParse;tests.test_repository_identity
F02-01,F02,Trích xuất và lập chỉ mục đa ngôn ngữ,Repo rỗng không có file code,Reconcile thành công với zero counts,đã kiểm chứng bằng probe tương ứng,empty-reconcile,tests.test_c_cpp_extractor.TestCCppExtractor;tests.test_dart_extractor.TestDartExtractor;tests.test_force_reindex.ForceReindexTests;tests.test_group1_extractors.TestGroup1Extractors;tests.test_group2_extractors.TestGroup2Extractors;tests.test_java_extractor.JavaInheritanceEndToEndTests;tests.test_java_extractor.JavaRegexInheritanceTests;tests.test_lambda_comprehension_coverage.TestInlineScopeShadowing;tests.test_lambda_comprehension_coverage.TestNoRegressionOnPlainScopes;tests.test_lambda_comprehension_coverage.TestOwnershipAttribution;tests.test_multilang.TestMultiLanguageExtraction;tests.test_parallel_reconciler.ParallelReconcilerTests;tests.test_php_extractor.PhpEndToEndTests;tests.test_php_extractor.PhpExtractorUnitTests;tests.test_python_resolver;tests.test_python_scope_extended;tests.test_python_semantic_resolver.PythonSemanticResolverTests;tests.test_sot_graph.TestSotGraphReconciler;tests.test_treesitter.TreeSitterExtractionTests
F02-02,F02,Trích xuất và lập chỉ mục đa ngôn ngữ,File có syntax error hoặc parse partial,Công bố parse failure và không giả complete,đã truy tìm nhánh và test liên quan chưa chứng minh toàn bộ tình huống,,tests.test_c_cpp_extractor.TestCCppExtractor;tests.test_dart_extractor.TestDartExtractor;tests.test_force_reindex.ForceReindexTests;tests.test_group1_extractors.TestGroup1Extractors;tests.test_group2_extractors.TestGroup2Extractors;tests.test_java_extractor.JavaInheritanceEndToEndTests;tests.test_java_extractor.JavaRegexInheritanceTests;tests.test_lambda_comprehension_coverage.TestInlineScopeShadowing;tests.test_lambda_comprehension_coverage.TestNoRegressionOnPlainScopes;tests.test_lambda_comprehension_coverage.TestOwnershipAttribution;tests.test_multilang.TestMultiLanguageExtraction;tests.test_parallel_reconciler.ParallelReconcilerTests;tests.test_php_extractor.PhpEndToEndTests;tests.test_php_extractor.PhpExtractorUnitTests;tests.test_python_resolver;tests.test_python_scope_extended;tests.test_python_semantic_resolver.PythonSemanticResolverTests;tests.test_sot_graph.TestSotGraphReconciler;tests.test_treesitter.TreeSitterExtractionTests
F02-03,F02,Trích xuất và lập chỉ mục đa ngôn ngữ,File rất lớn hoặc hàng cực dài,Bộ nhớ có giới hạn và không treo,đã truy tìm nhánh và test liên quan chưa chứng minh toàn bộ tình huống,,tests.test_c_cpp_extractor.TestCCppExtractor;tests.test_dart_extractor.TestDartExtractor;tests.test_force_reindex.ForceReindexTests;tests.test_group1_extractors.TestGroup1Extractors;tests.test_group2_extractors.TestGroup2Extractors;tests.test_java_extractor.JavaInheritanceEndToEndTests;tests.test_java_extractor.JavaRegexInheritanceTests;tests.test_lambda_comprehension_coverage.TestInlineScopeShadowing;tests.test_lambda_comprehension_coverage.TestNoRegressionOnPlainScopes;tests.test_lambda_comprehension_coverage.TestOwnershipAttribution;tests.test_multilang.TestMultiLanguageExtraction;tests.test_parallel_reconciler.ParallelReconcilerTests;tests.test_php_extractor.PhpEndToEndTests;tests.test_php_extractor.PhpExtractorUnitTests;tests.test_python_resolver;tests.test_python_scope_extended;tests.test_python_semantic_resolver.PythonSemanticResolverTests;tests.test_sot_graph.TestSotGraphReconciler;tests.test_treesitter.TreeSitterExtractionTests
F02-04,F02,Trích xuất và lập chỉ mục đa ngôn ngữ,File encoding sai hoặc binary giả source,Báo phân loại lỗi và không crash toàn batch,đã truy tìm nhánh và test liên quan chưa chứng minh toàn bộ tình huống,,tests.test_c_cpp_extractor.TestCCppExtractor;tests.test_dart_extractor.TestDartExtractor;tests.test_force_reindex.ForceReindexTests;tests.test_group1_extractors.TestGroup1Extractors;tests.test_group2_extractors.TestGroup2Extractors;tests.test_java_extractor.JavaInheritanceEndToEndTests;tests.test_java_extractor.JavaRegexInheritanceTests;tests.test_lambda_comprehension_coverage.TestInlineScopeShadowing;tests.test_lambda_comprehension_coverage.TestNoRegressionOnPlainScopes;tests.test_lambda_comprehension_coverage.TestOwnershipAttribution;tests.test_multilang.TestMultiLanguageExtraction;tests.test_parallel_reconciler.ParallelReconcilerTests;tests.test_php_extractor.PhpEndToEndTests;tests.test_php_extractor.PhpExtractorUnitTests;tests.test_python_resolver;tests.test_python_scope_extended;tests.test_python_semantic_resolver.PythonSemanticResolverTests;tests.test_sot_graph.TestSotGraphReconciler;tests.test_treesitter.TreeSitterExtractionTests
F02-05,F02,Trích xuất và lập chỉ mục đa ngôn ngữ,Nested function hoặc closure TypeScript,Owner cạnh là scope đúng,lỗi hoặc contract cần cải thiện đã tái hiện,ts-closure-collision.json,tests.test_c_cpp_extractor.TestCCppExtractor;tests.test_dart_extractor.TestDartExtractor;tests.test_force_reindex.ForceReindexTests;tests.test_group1_extractors.TestGroup1Extractors;tests.test_group2_extractors.TestGroup2Extractors;tests.test_java_extractor.JavaInheritanceEndToEndTests;tests.test_java_extractor.JavaRegexInheritanceTests;tests.test_lambda_comprehension_coverage.TestInlineScopeShadowing;tests.test_lambda_comprehension_coverage.TestNoRegressionOnPlainScopes;tests.test_lambda_comprehension_coverage.TestOwnershipAttribution;tests.test_multilang.TestMultiLanguageExtraction;tests.test_parallel_reconciler.ParallelReconcilerTests;tests.test_php_extractor.PhpEndToEndTests;tests.test_php_extractor.PhpExtractorUnitTests;tests.test_python_resolver;tests.test_python_scope_extended;tests.test_python_semantic_resolver.PythonSemanticResolverTests;tests.test_sot_graph.TestSotGraphReconciler;tests.test_treesitter.TreeSitterExtractionTests
F02-06,F02,Trích xuất và lập chỉ mục đa ngôn ngữ,Import alias hoặc static import Java và Rust,Nối đúng identity hoặc để unresolved,lỗi hoặc contract cần cải thiện đã tái hiện,oracle.json:builtin.confusion,tests.test_c_cpp_extractor.TestCCppExtractor;tests.test_dart_extractor.TestDartExtractor;tests.test_force_reindex.ForceReindexTests;tests.test_group1_extractors.TestGroup1Extractors;tests.test_group2_extractors.TestGroup2Extractors;tests.test_java_extractor.JavaInheritanceEndToEndTests;tests.test_java_extractor.JavaRegexInheritanceTests;tests.test_lambda_comprehension_coverage.TestInlineScopeShadowing;tests.test_lambda_comprehension_coverage.TestNoRegressionOnPlainScopes;tests.test_lambda_comprehension_coverage.TestOwnershipAttribution;tests.test_multilang.TestMultiLanguageExtraction;tests.test_parallel_reconciler.ParallelReconcilerTests;tests.test_php_extractor.PhpEndToEndTests;tests.test_php_extractor.PhpExtractorUnitTests;tests.test_python_resolver;tests.test_python_scope_extended;tests.test_python_semantic_resolver.PythonSemanticResolverTests;tests.test_sot_graph.TestSotGraphReconciler;tests.test_treesitter.TreeSitterExtractionTests
F02-07,F02,Trích xuất và lập chỉ mục đa ngôn ngữ,Self receiver và trait method Rust,Không bỏ sót cạnh có thể chứng minh,lỗi hoặc contract cần cải thiện đã tái hiện,oracle.json:builtin.confusion,tests.test_c_cpp_extractor.TestCCppExtractor;tests.test_dart_extractor.TestDartExtractor;tests.test_force_reindex.ForceReindexTests;tests.test_group1_extractors.TestGroup1Extractors;tests.test_group2_extractors.TestGroup2Extractors;tests.test_java_extractor.JavaInheritanceEndToEndTests;tests.test_java_extractor.JavaRegexInheritanceTests;tests.test_lambda_comprehension_coverage.TestInlineScopeShadowing;tests.test_lambda_comprehension_coverage.TestNoRegressionOnPlainScopes;tests.test_lambda_comprehension_coverage.TestOwnershipAttribution;tests.test_multilang.TestMultiLanguageExtraction;tests.test_parallel_reconciler.ParallelReconcilerTests;tests.test_php_extractor.PhpEndToEndTests;tests.test_php_extractor.PhpExtractorUnitTests;tests.test_python_resolver;tests.test_python_scope_extended;tests.test_python_semantic_resolver.PythonSemanticResolverTests;tests.test_sot_graph.TestSotGraphReconciler;tests.test_treesitter.TreeSitterExtractionTests
F02-08,F02,Trích xuất và lập chỉ mục đa ngôn ngữ,Python lambda comprehension và shadowing,Binding không rò sang scope khác,đã truy tìm nhánh và test liên quan chưa chứng minh toàn bộ tình huống,,tests.test_c_cpp_extractor.TestCCppExtractor;tests.test_dart_extractor.TestDartExtractor;tests.test_force_reindex.ForceReindexTests;tests.test_group1_extractors.TestGroup1Extractors;tests.test_group2_extractors.TestGroup2Extractors;tests.test_java_extractor.JavaInheritanceEndToEndTests;tests.test_java_extractor.JavaRegexInheritanceTests;tests.test_lambda_comprehension_coverage.TestInlineScopeShadowing;tests.test_lambda_comprehension_coverage.TestNoRegressionOnPlainScopes;tests.test_lambda_comprehension_coverage.TestOwnershipAttribution;tests.test_multilang.TestMultiLanguageExtraction;tests.test_parallel_reconciler.ParallelReconcilerTests;tests.test_php_extractor.PhpEndToEndTests;tests.test_php_extractor.PhpExtractorUnitTests;tests.test_python_resolver;tests.test_python_scope_extended;tests.test_python_semantic_resolver.PythonSemanticResolverTests;tests.test_sot_graph.TestSotGraphReconciler;tests.test_treesitter.TreeSitterExtractionTests
F02-09,F02,Trích xuất và lập chỉ mục đa ngôn ngữ,Virtual dispatch reflection hoặc function pointer,Abstain khi không chứng minh được receiver,lỗi hoặc contract cần cải thiện đã tái hiện,oracle-inspection.json:python,tests.test_c_cpp_extractor.TestCCppExtractor;tests.test_dart_extractor.TestDartExtractor;tests.test_force_reindex.ForceReindexTests;tests.test_group1_extractors.TestGroup1Extractors;tests.test_group2_extractors.TestGroup2Extractors;tests.test_java_extractor.JavaInheritanceEndToEndTests;tests.test_java_extractor.JavaRegexInheritanceTests;tests.test_lambda_comprehension_coverage.TestInlineScopeShadowing;tests.test_lambda_comprehension_coverage.TestNoRegressionOnPlainScopes;tests.test_lambda_comprehension_coverage.TestOwnershipAttribution;tests.test_multilang.TestMultiLanguageExtraction;tests.test_parallel_reconciler.ParallelReconcilerTests;tests.test_php_extractor.PhpEndToEndTests;tests.test_php_extractor.PhpExtractorUnitTests;tests.test_python_resolver;tests.test_python_scope_extended;tests.test_python_semantic_resolver.PythonSemanticResolverTests;tests.test_sot_graph.TestSotGraphReconciler;tests.test_treesitter.TreeSitterExtractionTests
F02-10,F02,Trích xuất và lập chỉ mục đa ngôn ngữ,Thêm sửa xóa và đổi tên file,Không ghost node hoặc orphan edge,đã truy tìm nhánh và test liên quan chưa chứng minh toàn bộ tình huống,,tests.test_c_cpp_extractor.TestCCppExtractor;tests.test_dart_extractor.TestDartExtractor;tests.test_force_reindex.ForceReindexTests;tests.test_group1_extractors.TestGroup1Extractors;tests.test_group2_extractors.TestGroup2Extractors;tests.test_java_extractor.JavaInheritanceEndToEndTests;tests.test_java_extractor.JavaRegexInheritanceTests;tests.test_lambda_comprehension_coverage.TestInlineScopeShadowing;tests.test_lambda_comprehension_coverage.TestNoRegressionOnPlainScopes;tests.test_lambda_comprehension_coverage.TestOwnershipAttribution;tests.test_multilang.TestMultiLanguageExtraction;tests.test_parallel_reconciler.ParallelReconcilerTests;tests.test_php_extractor.PhpEndToEndTests;tests.test_php_extractor.PhpExtractorUnitTests;tests.test_python_resolver;tests.test_python_scope_extended;tests.test_python_semantic_resolver.PythonSemanticResolverTests;tests.test_sot_graph.TestSotGraphReconciler;tests.test_treesitter.TreeSitterExtractionTests
F02-11,F02,Trích xuất và lập chỉ mục đa ngôn ngữ,File đổi khi worker đang parse,CAS ngăn publication snapshot cũ,đã truy tìm nhánh và test liên quan chưa chứng minh toàn bộ tình huống,,tests.test_c_cpp_extractor.TestCCppExtractor;tests.test_dart_extractor.TestDartExtractor;tests.test_force_reindex.ForceReindexTests;tests.test_group1_extractors.TestGroup1Extractors;tests.test_group2_extractors.TestGroup2Extractors;tests.test_java_extractor.JavaInheritanceEndToEndTests;tests.test_java_extractor.JavaRegexInheritanceTests;tests.test_lambda_comprehension_coverage.TestInlineScopeShadowing;tests.test_lambda_comprehension_coverage.TestNoRegressionOnPlainScopes;tests.test_lambda_comprehension_coverage.TestOwnershipAttribution;tests.test_multilang.TestMultiLanguageExtraction;tests.test_parallel_reconciler.ParallelReconcilerTests;tests.test_php_extractor.PhpEndToEndTests;tests.test_php_extractor.PhpExtractorUnitTests;tests.test_python_resolver;tests.test_python_scope_extended;tests.test_python_semantic_resolver.PythonSemanticResolverTests;tests.test_sot_graph.TestSotGraphReconciler;tests.test_treesitter.TreeSitterExtractionTests
F02-12,F02,Trích xuất và lập chỉ mục đa ngôn ngữ,Workers chạy nối tiếp và song song,Cùng graph và metadata accounting,đã truy tìm nhánh và test liên quan chưa chứng minh toàn bộ tình huống,,tests.test_c_cpp_extractor.TestCCppExtractor;tests.test_dart_extractor.TestDartExtractor;tests.test_force_reindex.ForceReindexTests;tests.test_group1_extractors.TestGroup1Extractors;tests.test_group2_extractors.TestGroup2Extractors;tests.test_java_extractor.JavaInheritanceEndToEndTests;tests.test_java_extractor.JavaRegexInheritanceTests;tests.test_lambda_comprehension_coverage.TestInlineScopeShadowing;tests.test_lambda_comprehension_coverage.TestNoRegressionOnPlainScopes;tests.test_lambda_comprehension_coverage.TestOwnershipAttribution;tests.test_multilang.TestMultiLanguageExtraction;tests.test_parallel_reconciler.ParallelReconcilerTests;tests.test_php_extractor.PhpEndToEndTests;tests.test_php_extractor.PhpExtractorUnitTests;tests.test_python_resolver;tests.test_python_scope_extended;tests.test_python_semantic_resolver.PythonSemanticResolverTests;tests.test_sot_graph.TestSotGraphReconciler;tests.test_treesitter.TreeSitterExtractionTests
F03-01,F03,Tìm kiếm xếp hạng và trust axes,Query trống hoặc toàn whitespace,Trả danh sách rỗng nhất quán,đã kiểm chứng bằng probe tương ứng,functional-probes.json:search-robust whitespace,tests.test_p4_ranking.TestIdentityGrade;tests.test_p4_ranking.TestSearchProvenance;tests.test_p4_ranking.TestSortKeyContract;tests.test_p4_search_safety.TestFtsInjection;tests.test_p4_search_safety.TestScopeWildcardAmbiguity;tests.test_precision_and_metamorphic;tests.test_search_bare_name_ranking.AmbiguousBareNameGuard;tests.test_search_bare_name_ranking.BareFunctionNotInSameNamedClass;tests.test_search_bare_name_ranking.BareNameMatchesQualifiedSymbol;tests.test_search_bare_name_ranking.ExactVsPrefixDistinction;tests.test_search_bare_name_ranking.IdentifierComponentAnalysis;tests.test_search_bare_name_ranking.TokenizerMigration;tests.test_trust_axes.TestAxisIndependence;tests.test_trust_axes.TestCliSearchAxes;tests.test_trust_axes.TestIdentityAxis;tests.test_trust_axes.TestIdentityNameCounts;tests.test_trust_axes.TestMcpSearchAxes;tests.test_trust_axes.TestQueryNamesIdentity;tests.test_trust_axes.TestQueryRelevanceAxis;tests.test_trust_axes.TestRemovedAnchor;tests.test_trust_axes.TestScopeCompletenessAxis;tests.test_trust_axes.TestSemanticsContract;tests.test_trust_v2_evidence;tests.test_truthfulness;tests.test_vector.HashEmbedderTests;tests.test_vector.HybridSearchTests;tests.test_vector.IncrementalEmbedTests;tests.test_vector.RRFFusionTests;tests.test_verifier.RehomeCacheTests;tests.test_verifier.RehomeTests
F03-02,F03,Tìm kiếm xếp hạng và trust axes,Query chứa quote NEAR dấu sao hoặc SQL text,Không lỗi FTS và không SQL injection,đã kiểm chứng bằng probe tương ứng,functional-probes.json:search-robust SQL text,tests.test_p4_ranking.TestIdentityGrade;tests.test_p4_ranking.TestSearchProvenance;tests.test_p4_ranking.TestSortKeyContract;tests.test_p4_search_safety.TestFtsInjection;tests.test_p4_search_safety.TestScopeWildcardAmbiguity;tests.test_precision_and_metamorphic;tests.test_search_bare_name_ranking.AmbiguousBareNameGuard;tests.test_search_bare_name_ranking.BareFunctionNotInSameNamedClass;tests.test_search_bare_name_ranking.BareNameMatchesQualifiedSymbol;tests.test_search_bare_name_ranking.ExactVsPrefixDistinction;tests.test_search_bare_name_ranking.IdentifierComponentAnalysis;tests.test_search_bare_name_ranking.TokenizerMigration;tests.test_trust_axes.TestAxisIndependence;tests.test_trust_axes.TestCliSearchAxes;tests.test_trust_axes.TestIdentityAxis;tests.test_trust_axes.TestIdentityNameCounts;tests.test_trust_axes.TestMcpSearchAxes;tests.test_trust_axes.TestQueryNamesIdentity;tests.test_trust_axes.TestQueryRelevanceAxis;tests.test_trust_axes.TestRemovedAnchor;tests.test_trust_axes.TestScopeCompletenessAxis;tests.test_trust_axes.TestSemanticsContract;tests.test_trust_v2_evidence;tests.test_truthfulness;tests.test_vector.HashEmbedderTests;tests.test_vector.HybridSearchTests;tests.test_vector.IncrementalEmbedTests;tests.test_vector.RRFFusionTests;tests.test_verifier.RehomeCacheTests;tests.test_verifier.RehomeTests
F03-03,F03,Tìm kiếm xếp hạng và trust axes,Symbol và đường dẫn tiếng Việt,Tìm đúng và giữ Unicode,đã kiểm chứng bằng probe tương ứng,search-unicode,tests.test_p4_ranking.TestIdentityGrade;tests.test_p4_ranking.TestSearchProvenance;tests.test_p4_ranking.TestSortKeyContract;tests.test_p4_search_safety.TestFtsInjection;tests.test_p4_search_safety.TestScopeWildcardAmbiguity;tests.test_precision_and_metamorphic;tests.test_search_bare_name_ranking.AmbiguousBareNameGuard;tests.test_search_bare_name_ranking.BareFunctionNotInSameNamedClass;tests.test_search_bare_name_ranking.BareNameMatchesQualifiedSymbol;tests.test_search_bare_name_ranking.ExactVsPrefixDistinction;tests.test_search_bare_name_ranking.IdentifierComponentAnalysis;tests.test_search_bare_name_ranking.TokenizerMigration;tests.test_trust_axes.TestAxisIndependence;tests.test_trust_axes.TestCliSearchAxes;tests.test_trust_axes.TestIdentityAxis;tests.test_trust_axes.TestIdentityNameCounts;tests.test_trust_axes.TestMcpSearchAxes;tests.test_trust_axes.TestQueryNamesIdentity;tests.test_trust_axes.TestQueryRelevanceAxis;tests.test_trust_axes.TestRemovedAnchor;tests.test_trust_axes.TestScopeCompletenessAxis;tests.test_trust_axes.TestSemanticsContract;tests.test_trust_v2_evidence;tests.test_truthfulness;tests.test_vector.HashEmbedderTests;tests.test_vector.HybridSearchTests;tests.test_vector.IncrementalEmbedTests;tests.test_vector.RRFFusionTests;tests.test_verifier.RehomeCacheTests;tests.test_verifier.RehomeTests
F03-04,F03,Tìm kiếm xếp hạng và trust axes,Bare name trùng nhiều module,Axis identity ambiguous không giả compiler exact,đã kiểm chứng bằng probe tương ứng,search-ambiguous-axes,tests.test_p4_ranking.TestIdentityGrade;tests.test_p4_ranking.TestSearchProvenance;tests.test_p4_ranking.TestSortKeyContract;tests.test_p4_search_safety.TestFtsInjection;tests.test_p4_search_safety.TestScopeWildcardAmbiguity;tests.test_precision_and_metamorphic;tests.test_search_bare_name_ranking.AmbiguousBareNameGuard;tests.test_search_bare_name_ranking.BareFunctionNotInSameNamedClass;tests.test_search_bare_name_ranking.BareNameMatchesQualifiedSymbol;tests.test_search_bare_name_ranking.ExactVsPrefixDistinction;tests.test_search_bare_name_ranking.IdentifierComponentAnalysis;tests.test_search_bare_name_ranking.TokenizerMigration;tests.test_trust_axes.TestAxisIndependence;tests.test_trust_axes.TestCliSearchAxes;tests.test_trust_axes.TestIdentityAxis;tests.test_trust_axes.TestIdentityNameCounts;tests.test_trust_axes.TestMcpSearchAxes;tests.test_trust_axes.TestQueryNamesIdentity;tests.test_trust_axes.TestQueryRelevanceAxis;tests.test_trust_axes.TestRemovedAnchor;tests.test_trust_axes.TestScopeCompletenessAxis;tests.test_trust_axes.TestSemanticsContract;tests.test_trust_v2_evidence;tests.test_truthfulness;tests.test_vector.HashEmbedderTests;tests.test_vector.HybridSearchTests;tests.test_vector.IncrementalEmbedTests;tests.test_vector.RRFFusionTests;tests.test_verifier.RehomeCacheTests;tests.test_verifier.RehomeTests
F03-05,F03,Tìm kiếm xếp hạng và trust axes,Path qualified hoặc semantic query,Xếp đúng target theo corpus kiểm chứng,đã truy tìm nhánh và test liên quan chưa chứng minh toàn bộ tình huống,,tests.test_p4_ranking.TestIdentityGrade;tests.test_p4_ranking.TestSearchProvenance;tests.test_p4_ranking.TestSortKeyContract;tests.test_p4_search_safety.TestFtsInjection;tests.test_p4_search_safety.TestScopeWildcardAmbiguity;tests.test_precision_and_metamorphic;tests.test_search_bare_name_ranking.AmbiguousBareNameGuard;tests.test_search_bare_name_ranking.BareFunctionNotInSameNamedClass;tests.test_search_bare_name_ranking.BareNameMatchesQualifiedSymbol;tests.test_search_bare_name_ranking.ExactVsPrefixDistinction;tests.test_search_bare_name_ranking.IdentifierComponentAnalysis;tests.test_search_bare_name_ranking.TokenizerMigration;tests.test_trust_axes.TestAxisIndependence;tests.test_trust_axes.TestCliSearchAxes;tests.test_trust_axes.TestIdentityAxis;tests.test_trust_axes.TestIdentityNameCounts;tests.test_trust_axes.TestMcpSearchAxes;tests.test_trust_axes.TestQueryNamesIdentity;tests.test_trust_axes.TestQueryRelevanceAxis;tests.test_trust_axes.TestRemovedAnchor;tests.test_trust_axes.TestScopeCompletenessAxis;tests.test_trust_axes.TestSemanticsContract;tests.test_trust_v2_evidence;tests.test_truthfulness;tests.test_vector.HashEmbedderTests;tests.test_vector.HybridSearchTests;tests.test_vector.IncrementalEmbedTests;tests.test_vector.RRFFusionTests;tests.test_verifier.RehomeCacheTests;tests.test_verifier.RehomeTests
F03-06,F03,Tìm kiếm xếp hạng và trust axes,Scope chứa phần trăm underscore hoặc backslash,Match literal không mở rộng wildcard,đã truy tìm nhánh và test liên quan chưa chứng minh toàn bộ tình huống,,tests.test_p4_ranking.TestIdentityGrade;tests.test_p4_ranking.TestSearchProvenance;tests.test_p4_ranking.TestSortKeyContract;tests.test_p4_search_safety.TestFtsInjection;tests.test_p4_search_safety.TestScopeWildcardAmbiguity;tests.test_precision_and_metamorphic;tests.test_search_bare_name_ranking.AmbiguousBareNameGuard;tests.test_search_bare_name_ranking.BareFunctionNotInSameNamedClass;tests.test_search_bare_name_ranking.BareNameMatchesQualifiedSymbol;tests.test_search_bare_name_ranking.ExactVsPrefixDistinction;tests.test_search_bare_name_ranking.IdentifierComponentAnalysis;tests.test_search_bare_name_ranking.TokenizerMigration;tests.test_trust_axes.TestAxisIndependence;tests.test_trust_axes.TestCliSearchAxes;tests.test_trust_axes.TestIdentityAxis;tests.test_trust_axes.TestIdentityNameCounts;tests.test_trust_axes.TestMcpSearchAxes;tests.test_trust_axes.TestQueryNamesIdentity;tests.test_trust_axes.TestQueryRelevanceAxis;tests.test_trust_axes.TestRemovedAnchor;tests.test_trust_axes.TestScopeCompletenessAxis;tests.test_trust_axes.TestSemanticsContract;tests.test_trust_v2_evidence;tests.test_truthfulness;tests.test_vector.HashEmbedderTests;tests.test_vector.HybridSearchTests;tests.test_vector.IncrementalEmbedTests;tests.test_vector.RRFFusionTests;tests.test_verifier.RehomeCacheTests;tests.test_verifier.RehomeTests
F03-07,F03,Tìm kiếm xếp hạng và trust axes,Scope path giống từ trong body,Công bố scope là substring hay directory rõ ràng,đã truy tìm nhánh và test liên quan chưa chứng minh toàn bộ tình huống,,tests.test_p4_ranking.TestIdentityGrade;tests.test_p4_ranking.TestSearchProvenance;tests.test_p4_ranking.TestSortKeyContract;tests.test_p4_search_safety.TestFtsInjection;tests.test_p4_search_safety.TestScopeWildcardAmbiguity;tests.test_precision_and_metamorphic;tests.test_search_bare_name_ranking.AmbiguousBareNameGuard;tests.test_search_bare_name_ranking.BareFunctionNotInSameNamedClass;tests.test_search_bare_name_ranking.BareNameMatchesQualifiedSymbol;tests.test_search_bare_name_ranking.ExactVsPrefixDistinction;tests.test_search_bare_name_ranking.IdentifierComponentAnalysis;tests.test_search_bare_name_ranking.TokenizerMigration;tests.test_trust_axes.TestAxisIndependence;tests.test_trust_axes.TestCliSearchAxes;tests.test_trust_axes.TestIdentityAxis;tests.test_trust_axes.TestIdentityNameCounts;tests.test_trust_axes.TestMcpSearchAxes;tests.test_trust_axes.TestQueryNamesIdentity;tests.test_trust_axes.TestQueryRelevanceAxis;tests.test_trust_axes.TestRemovedAnchor;tests.test_trust_axes.TestScopeCompletenessAxis;tests.test_trust_axes.TestSemanticsContract;tests.test_trust_v2_evidence;tests.test_truthfulness;tests.test_vector.HashEmbedderTests;tests.test_vector.HybridSearchTests;tests.test_vector.IncrementalEmbedTests;tests.test_vector.RRFFusionTests;tests.test_verifier.RehomeCacheTests;tests.test_verifier.RehomeTests
F03-08,F03,Tìm kiếm xếp hạng và trust axes,Limit bằng 0 âm hoặc quá lớn,Validate hoặc clamp theo contract công khai,lỗi hoặc contract cần cải thiện đã tái hiện,search-invalid-limit--1,tests.test_p4_ranking.TestIdentityGrade;tests.test_p4_ranking.TestSearchProvenance;tests.test_p4_ranking.TestSortKeyContract;tests.test_p4_search_safety.TestFtsInjection;tests.test_p4_search_safety.TestScopeWildcardAmbiguity;tests.test_precision_and_metamorphic;tests.test_search_bare_name_ranking.AmbiguousBareNameGuard;tests.test_search_bare_name_ranking.BareFunctionNotInSameNamedClass;tests.test_search_bare_name_ranking.BareNameMatchesQualifiedSymbol;tests.test_search_bare_name_ranking.ExactVsPrefixDistinction;tests.test_search_bare_name_ranking.IdentifierComponentAnalysis;tests.test_search_bare_name_ranking.TokenizerMigration;tests.test_trust_axes.TestAxisIndependence;tests.test_trust_axes.TestCliSearchAxes;tests.test_trust_axes.TestIdentityAxis;tests.test_trust_axes.TestIdentityNameCounts;tests.test_trust_axes.TestMcpSearchAxes;tests.test_trust_axes.TestQueryNamesIdentity;tests.test_trust_axes.TestQueryRelevanceAxis;tests.test_trust_axes.TestRemovedAnchor;tests.test_trust_axes.TestScopeCompletenessAxis;tests.test_trust_axes.TestSemanticsContract;tests.test_trust_v2_evidence;tests.test_truthfulness;tests.test_vector.HashEmbedderTests;tests.test_vector.HybridSearchTests;tests.test_vector.IncrementalEmbedTests;tests.test_vector.RRFFusionTests;tests.test_verifier.RehomeCacheTests;tests.test_verifier.RehomeTests
F03-09,F03,Tìm kiếm xếp hạng và trust axes,Threshold NaN Infinity hoặc ngoài khoảng,Từ chối finite domain không trả thành công âm thầm,lỗi hoặc contract cần cải thiện đã tái hiện,search-invalid-threshold-nan,tests.test_p4_ranking.TestIdentityGrade;tests.test_p4_ranking.TestSearchProvenance;tests.test_p4_ranking.TestSortKeyContract;tests.test_p4_search_safety.TestFtsInjection;tests.test_p4_search_safety.TestScopeWildcardAmbiguity;tests.test_precision_and_metamorphic;tests.test_search_bare_name_ranking.AmbiguousBareNameGuard;tests.test_search_bare_name_ranking.BareFunctionNotInSameNamedClass;tests.test_search_bare_name_ranking.BareNameMatchesQualifiedSymbol;tests.test_search_bare_name_ranking.ExactVsPrefixDistinction;tests.test_search_bare_name_ranking.IdentifierComponentAnalysis;tests.test_search_bare_name_ranking.TokenizerMigration;tests.test_trust_axes.TestAxisIndependence;tests.test_trust_axes.TestCliSearchAxes;tests.test_trust_axes.TestIdentityAxis;tests.test_trust_axes.TestIdentityNameCounts;tests.test_trust_axes.TestMcpSearchAxes;tests.test_trust_axes.TestQueryNamesIdentity;tests.test_trust_axes.TestQueryRelevanceAxis;tests.test_trust_axes.TestRemovedAnchor;tests.test_trust_axes.TestScopeCompletenessAxis;tests.test_trust_axes.TestSemanticsContract;tests.test_trust_v2_evidence;tests.test_truthfulness;tests.test_vector.HashEmbedderTests;tests.test_vector.HybridSearchTests;tests.test_vector.IncrementalEmbedTests;tests.test_vector.RRFFusionTests;tests.test_verifier.RehomeCacheTests;tests.test_verifier.RehomeTests
F03-10,F03,Tìm kiếm xếp hạng và trust axes,Anchor đã xóa hoặc chuyển vị trí,Removed không được viện dẫn rebuilt dùng path mới,đã truy tìm nhánh và test liên quan chưa chứng minh toàn bộ tình huống,,tests.test_p4_ranking.TestIdentityGrade;tests.test_p4_ranking.TestSearchProvenance;tests.test_p4_ranking.TestSortKeyContract;tests.test_p4_search_safety.TestFtsInjection;tests.test_p4_search_safety.TestScopeWildcardAmbiguity;tests.test_precision_and_metamorphic;tests.test_search_bare_name_ranking.AmbiguousBareNameGuard;tests.test_search_bare_name_ranking.BareFunctionNotInSameNamedClass;tests.test_search_bare_name_ranking.BareNameMatchesQualifiedSymbol;tests.test_search_bare_name_ranking.ExactVsPrefixDistinction;tests.test_search_bare_name_ranking.IdentifierComponentAnalysis;tests.test_search_bare_name_ranking.TokenizerMigration;tests.test_trust_axes.TestAxisIndependence;tests.test_trust_axes.TestCliSearchAxes;tests.test_trust_axes.TestIdentityAxis;tests.test_trust_axes.TestIdentityNameCounts;tests.test_trust_axes.TestMcpSearchAxes;tests.test_trust_axes.TestQueryNamesIdentity;tests.test_trust_axes.TestQueryRelevanceAxis;tests.test_trust_axes.TestRemovedAnchor;tests.test_trust_axes.TestScopeCompletenessAxis;tests.test_trust_axes.TestSemanticsContract;tests.test_trust_v2_evidence;tests.test_truthfulness;tests.test_vector.HashEmbedderTests;tests.test_vector.HybridSearchTests;tests.test_vector.IncrementalEmbedTests;tests.test_vector.RRFFusionTests;tests.test_verifier.RehomeCacheTests;tests.test_verifier.RehomeTests
F03-11,F03,Tìm kiếm xếp hạng và trust axes,Hybrid vector chưa embed hoặc thiếu extra,Fallback có cấu trúc và JSON vẫn parse được,đã truy tìm nhánh và test liên quan chưa chứng minh toàn bộ tình huống,,tests.test_p4_ranking.TestIdentityGrade;tests.test_p4_ranking.TestSearchProvenance;tests.test_p4_ranking.TestSortKeyContract;tests.test_p4_search_safety.TestFtsInjection;tests.test_p4_search_safety.TestScopeWildcardAmbiguity;tests.test_precision_and_metamorphic;tests.test_search_bare_name_ranking.AmbiguousBareNameGuard;tests.test_search_bare_name_ranking.BareFunctionNotInSameNamedClass;tests.test_search_bare_name_ranking.BareNameMatchesQualifiedSymbol;tests.test_search_bare_name_ranking.ExactVsPrefixDistinction;tests.test_search_bare_name_ranking.IdentifierComponentAnalysis;tests.test_search_bare_name_ranking.TokenizerMigration;tests.test_trust_axes.TestAxisIndependence;tests.test_trust_axes.TestCliSearchAxes;tests.test_trust_axes.TestIdentityAxis;tests.test_trust_axes.TestIdentityNameCounts;tests.test_trust_axes.TestMcpSearchAxes;tests.test_trust_axes.TestQueryNamesIdentity;tests.test_trust_axes.TestQueryRelevanceAxis;tests.test_trust_axes.TestRemovedAnchor;tests.test_trust_axes.TestScopeCompletenessAxis;tests.test_trust_axes.TestSemanticsContract;tests.test_trust_v2_evidence;tests.test_truthfulness;tests.test_vector.HashEmbedderTests;tests.test_vector.HybridSearchTests;tests.test_vector.IncrementalEmbedTests;tests.test_vector.RRFFusionTests;tests.test_verifier.RehomeCacheTests;tests.test_verifier.RehomeTests
F03-12,F03,Tìm kiếm xếp hạng và trust axes,Top k cắt candidate đúng target,Công bố bounded retrieval và không khẳng định absence toàn repo,đã truy tìm nhánh và test liên quan chưa chứng minh toàn bộ tình huống,,tests.test_p4_ranking.TestIdentityGrade;tests.test_p4_ranking.TestSearchProvenance;tests.test_p4_ranking.TestSortKeyContract;tests.test_p4_search_safety.TestFtsInjection;tests.test_p4_search_safety.TestScopeWildcardAmbiguity;tests.test_precision_and_metamorphic;tests.test_search_bare_name_ranking.AmbiguousBareNameGuard;tests.test_search_bare_name_ranking.BareFunctionNotInSameNamedClass;tests.test_search_bare_name_ranking.BareNameMatchesQualifiedSymbol;tests.test_search_bare_name_ranking.ExactVsPrefixDistinction;tests.test_search_bare_name_ranking.IdentifierComponentAnalysis;tests.test_search_bare_name_ranking.TokenizerMigration;tests.test_trust_axes.TestAxisIndependence;tests.test_trust_axes.TestCliSearchAxes;tests.test_trust_axes.TestIdentityAxis;tests.test_trust_axes.TestIdentityNameCounts;tests.test_trust_axes.TestMcpSearchAxes;tests.test_trust_axes.TestQueryNamesIdentity;tests.test_trust_axes.TestQueryRelevanceAxis;tests.test_trust_axes.TestRemovedAnchor;tests.test_trust_axes.TestScopeCompletenessAxis;tests.test_trust_axes.TestSemanticsContract;tests.test_trust_v2_evidence;tests.test_truthfulness;tests.test_vector.HashEmbedderTests;tests.test_vector.HybridSearchTests;tests.test_vector.IncrementalEmbedTests;tests.test_vector.RRFFusionTests;tests.test_verifier.RehomeCacheTests;tests.test_verifier.RehomeTests
F04-01,F04,JIT freshness và tự phục hồi,Index fresh,Không reconcile hoặc spawn không cần thiết,đã truy tìm nhánh và test liên quan chưa chứng minh toàn bộ tình huống,,tests.test_jit_freshness.AsyncJitTests;tests.test_jit_freshness.BackgroundSpawnTests;tests.test_jit_freshness.EnsureFreshTests;tests.test_jit_freshness.FreshnessProbeTests;tests.test_jit_freshness.McpServiceGateTests;tests.test_jit_reconcile;tests.test_p0_freshness_semantics;tests.test_reconcile_audit_receipts.TestReconcileAndAuditReceipts;tests.test_snapshot_content_binding.TestAtomicProviderOutcome;tests.test_snapshot_content_binding.TestFailClosedUnion;tests.test_snapshot_content_binding.TestScopeDigestContentBinding
F04-02,F04,JIT freshness và tự phục hồi,Sửa file giữa hai query,Anchor mới xuất hiện với freshness đúng,đã kiểm chứng bằng probe tương ứng,jit-freshness-recovery,tests.test_jit_freshness.AsyncJitTests;tests.test_jit_freshness.BackgroundSpawnTests;tests.test_jit_freshness.EnsureFreshTests;tests.test_jit_freshness.FreshnessProbeTests;tests.test_jit_freshness.McpServiceGateTests;tests.test_jit_reconcile;tests.test_p0_freshness_semantics;tests.test_reconcile_audit_receipts.TestReconcileAndAuditReceipts;tests.test_snapshot_content_binding.TestAtomicProviderOutcome;tests.test_snapshot_content_binding.TestFailClosedUnion;tests.test_snapshot_content_binding.TestScopeDigestContentBinding
F04-03,F04,JIT freshness và tự phục hồi,Thêm file chưa journal,Scan walk phát hiện và index,đã kiểm chứng bằng probe tương ứng,jit-new-file,tests.test_jit_freshness.AsyncJitTests;tests.test_jit_freshness.BackgroundSpawnTests;tests.test_jit_freshness.EnsureFreshTests;tests.test_jit_freshness.FreshnessProbeTests;tests.test_jit_freshness.McpServiceGateTests;tests.test_jit_reconcile;tests.test_p0_freshness_semantics;tests.test_reconcile_audit_receipts.TestReconcileAndAuditReceipts;tests.test_snapshot_content_binding.TestAtomicProviderOutcome;tests.test_snapshot_content_binding.TestFailClosedUnion;tests.test_snapshot_content_binding.TestScopeDigestContentBinding
F04-04,F04,JIT freshness và tự phục hồi,Xóa file đã index,Không phục vụ engine ghost như fresh,đã kiểm chứng bằng probe tương ứng,jit-deleted-file,tests.test_jit_freshness.AsyncJitTests;tests.test_jit_freshness.BackgroundSpawnTests;tests.test_jit_freshness.EnsureFreshTests;tests.test_jit_freshness.FreshnessProbeTests;tests.test_jit_freshness.McpServiceGateTests;tests.test_jit_reconcile;tests.test_p0_freshness_semantics;tests.test_reconcile_audit_receipts.TestReconcileAndAuditReceipts;tests.test_snapshot_content_binding.TestAtomicProviderOutcome;tests.test_snapshot_content_binding.TestFailClosedUnion;tests.test_snapshot_content_binding.TestScopeDigestContentBinding
F04-05,F04,JIT freshness và tự phục hồi,Mode off,Không heal và công bố stale khi cần,đã truy tìm nhánh và test liên quan chưa chứng minh toàn bộ tình huống,,tests.test_jit_freshness.AsyncJitTests;tests.test_jit_freshness.BackgroundSpawnTests;tests.test_jit_freshness.EnsureFreshTests;tests.test_jit_freshness.FreshnessProbeTests;tests.test_jit_freshness.McpServiceGateTests;tests.test_jit_reconcile;tests.test_p0_freshness_semantics;tests.test_reconcile_audit_receipts.TestReconcileAndAuditReceipts;tests.test_snapshot_content_binding.TestAtomicProviderOutcome;tests.test_snapshot_content_binding.TestFailClosedUnion;tests.test_snapshot_content_binding.TestScopeDigestContentBinding
F04-06,F04,JIT freshness và tự phục hồi,Mode force,Reconcile blocking kể cả index fresh,đã kiểm chứng bằng probe tương ứng,jit-freshness-recovery,tests.test_jit_freshness.AsyncJitTests;tests.test_jit_freshness.BackgroundSpawnTests;tests.test_jit_freshness.EnsureFreshTests;tests.test_jit_freshness.FreshnessProbeTests;tests.test_jit_freshness.McpServiceGateTests;tests.test_jit_reconcile;tests.test_p0_freshness_semantics;tests.test_reconcile_audit_receipts.TestReconcileAndAuditReceipts;tests.test_snapshot_content_binding.TestAtomicProviderOutcome;tests.test_snapshot_content_binding.TestFailClosedUnion;tests.test_snapshot_content_binding.TestScopeDigestContentBinding
F04-07,F04,JIT freshness và tự phục hồi,Mode auto async,Fast tier và deep tier công bố serving state,đã truy tìm nhánh và test liên quan chưa chứng minh toàn bộ tình huống,,tests.test_jit_freshness.AsyncJitTests;tests.test_jit_freshness.BackgroundSpawnTests;tests.test_jit_freshness.EnsureFreshTests;tests.test_jit_freshness.FreshnessProbeTests;tests.test_jit_freshness.McpServiceGateTests;tests.test_jit_reconcile;tests.test_p0_freshness_semantics;tests.test_reconcile_audit_receipts.TestReconcileAndAuditReceipts;tests.test_snapshot_content_binding.TestAtomicProviderOutcome;tests.test_snapshot_content_binding.TestFailClosedUnion;tests.test_snapshot_content_binding.TestScopeDigestContentBinding
F04-08,F04,JIT freshness và tự phục hồi,DB bị lock hoặc parse failure khi heal,Công bố failed và stale không giả fresh,đã truy tìm nhánh và test liên quan chưa chứng minh toàn bộ tình huống,,tests.test_jit_freshness.AsyncJitTests;tests.test_jit_freshness.BackgroundSpawnTests;tests.test_jit_freshness.EnsureFreshTests;tests.test_jit_freshness.FreshnessProbeTests;tests.test_jit_freshness.McpServiceGateTests;tests.test_jit_reconcile;tests.test_p0_freshness_semantics;tests.test_reconcile_audit_receipts.TestReconcileAndAuditReceipts;tests.test_snapshot_content_binding.TestAtomicProviderOutcome;tests.test_snapshot_content_binding.TestFailClosedUnion;tests.test_snapshot_content_binding.TestScopeDigestContentBinding
F04-09,F04,JIT freshness và tự phục hồi,Background spawn thất bại,Query vẫn trả lời với lý do thiếu refresh,đã truy tìm nhánh và test liên quan chưa chứng minh toàn bộ tình huống,,tests.test_jit_freshness.AsyncJitTests;tests.test_jit_freshness.BackgroundSpawnTests;tests.test_jit_freshness.EnsureFreshTests;tests.test_jit_freshness.FreshnessProbeTests;tests.test_jit_freshness.McpServiceGateTests;tests.test_jit_reconcile;tests.test_p0_freshness_semantics;tests.test_reconcile_audit_receipts.TestReconcileAndAuditReceipts;tests.test_snapshot_content_binding.TestAtomicProviderOutcome;tests.test_snapshot_content_binding.TestFailClosedUnion;tests.test_snapshot_content_binding.TestScopeDigestContentBinding
F04-10,F04,JIT freshness và tự phục hồi,PID chết hoặc lock stale,Dọn lock đúng owner không đè process sống,đã truy tìm nhánh và test liên quan chưa chứng minh toàn bộ tình huống,,tests.test_jit_freshness.AsyncJitTests;tests.test_jit_freshness.BackgroundSpawnTests;tests.test_jit_freshness.EnsureFreshTests;tests.test_jit_freshness.FreshnessProbeTests;tests.test_jit_freshness.McpServiceGateTests;tests.test_jit_reconcile;tests.test_p0_freshness_semantics;tests.test_reconcile_audit_receipts.TestReconcileAndAuditReceipts;tests.test_snapshot_content_binding.TestAtomicProviderOutcome;tests.test_snapshot_content_binding.TestFailClosedUnion;tests.test_snapshot_content_binding.TestScopeDigestContentBinding
F04-11,F04,JIT freshness và tự phục hồi,Sửa cùng size trong cùng millisecond,Hash assurance bắt drift hoặc yêu cầu explicit reconcile,đã truy tìm nhánh và test liên quan chưa chứng minh toàn bộ tình huống,,tests.test_jit_freshness.AsyncJitTests;tests.test_jit_freshness.BackgroundSpawnTests;tests.test_jit_freshness.EnsureFreshTests;tests.test_jit_freshness.FreshnessProbeTests;tests.test_jit_freshness.McpServiceGateTests;tests.test_jit_reconcile;tests.test_p0_freshness_semantics;tests.test_reconcile_audit_receipts.TestReconcileAndAuditReceipts;tests.test_snapshot_content_binding.TestAtomicProviderOutcome;tests.test_snapshot_content_binding.TestFailClosedUnion;tests.test_snapshot_content_binding.TestScopeDigestContentBinding
F04-12,F04,JIT freshness và tự phục hồi,Đổi branch hoặc delta vượt fast tier cap,Deep reconcile và snapshot invalidation đúng,đã truy tìm nhánh và test liên quan chưa chứng minh toàn bộ tình huống,,tests.test_jit_freshness.AsyncJitTests;tests.test_jit_freshness.BackgroundSpawnTests;tests.test_jit_freshness.EnsureFreshTests;tests.test_jit_freshness.FreshnessProbeTests;tests.test_jit_freshness.McpServiceGateTests;tests.test_jit_reconcile;tests.test_p0_freshness_semantics;tests.test_reconcile_audit_receipts.TestReconcileAndAuditReceipts;tests.test_snapshot_content_binding.TestAtomicProviderOutcome;tests.test_snapshot_content_binding.TestFailClosedUnion;tests.test_snapshot_content_binding.TestScopeDigestContentBinding
F05-01,F05,Truy vết usages và kế thừa,Đồ thị có cycle tự gọi hoặc recursion,BFS hữu hạn không duplicate mất kiểm soát,đã truy tìm nhánh và test liên quan chưa chứng minh toàn bộ tình huống,,tests.test_edge_lifecycle.EdgeLifecycleTests;tests.test_import_resolution.RelativeImportResolutionTests;tests.test_import_resolution.ResolveRelativeUnitTests;tests.test_navigation.McpNavigationTests;tests.test_navigation.NavigationTests;tests.test_p3_builtin_recall.TestGoReceiverTyping;tests.test_p3_builtin_recall.TestModuleFormOfImport;tests.test_p3_builtin_recall.TestRustImplIdentity;tests.test_p3_builtin_recall.TestTsReceiverTyping;tests.test_p4_identity.TestAdapters;tests.test_p4_identity.TestDedup;tests.test_p4_identity.TestIdentityKey;tests.test_p4_identity.TestPublicApi;tests.test_scoped_identity.BuildBundleScopedTests;tests.test_scoped_identity.EngineScopedDecisionTests;tests.test_scoped_identity.PackScopedPrecedenceTests;tests.test_wrong_edge_corpus.TestWrongEdgeCorpus
F05-02,F05,Truy vết usages và kế thừa,Depth bằng 0 âm hoặc rất lớn,Validate resource budget,đã truy tìm nhánh và test liên quan chưa chứng minh toàn bộ tình huống,,tests.test_edge_lifecycle.EdgeLifecycleTests;tests.test_import_resolution.RelativeImportResolutionTests;tests.test_import_resolution.ResolveRelativeUnitTests;tests.test_navigation.McpNavigationTests;tests.test_navigation.NavigationTests;tests.test_p3_builtin_recall.TestGoReceiverTyping;tests.test_p3_builtin_recall.TestModuleFormOfImport;tests.test_p3_builtin_recall.TestRustImplIdentity;tests.test_p3_builtin_recall.TestTsReceiverTyping;tests.test_p4_identity.TestAdapters;tests.test_p4_identity.TestDedup;tests.test_p4_identity.TestIdentityKey;tests.test_p4_identity.TestPublicApi;tests.test_scoped_identity.BuildBundleScopedTests;tests.test_scoped_identity.EngineScopedDecisionTests;tests.test_scoped_identity.PackScopedPrecedenceTests;tests.test_wrong_edge_corpus.TestWrongEdgeCorpus
F05-03,F05,Truy vết usages và kế thừa,Symbol không tồn tại,Lỗi hoặc absence bounded rõ ràng,đã kiểm chứng bằng probe tương ứng,missing-target-explore,tests.test_edge_lifecycle.EdgeLifecycleTests;tests.test_import_resolution.RelativeImportResolutionTests;tests.test_import_resolution.ResolveRelativeUnitTests;tests.test_navigation.McpNavigationTests;tests.test_navigation.NavigationTests;tests.test_p3_builtin_recall.TestGoReceiverTyping;tests.test_p3_builtin_recall.TestModuleFormOfImport;tests.test_p3_builtin_recall.TestRustImplIdentity;tests.test_p3_builtin_recall.TestTsReceiverTyping;tests.test_p4_identity.TestAdapters;tests.test_p4_identity.TestDedup;tests.test_p4_identity.TestIdentityKey;tests.test_p4_identity.TestPublicApi;tests.test_scoped_identity.BuildBundleScopedTests;tests.test_scoped_identity.EngineScopedDecisionTests;tests.test_scoped_identity.PackScopedPrecedenceTests;tests.test_wrong_edge_corpus.TestWrongEdgeCorpus
F05-04,F05,Truy vết usages và kế thừa,Bare name ambiguous,Không chọn candidate đầu tiên âm thầm,đã truy tìm nhánh và test liên quan chưa chứng minh toàn bộ tình huống,,tests.test_edge_lifecycle.EdgeLifecycleTests;tests.test_import_resolution.RelativeImportResolutionTests;tests.test_import_resolution.ResolveRelativeUnitTests;tests.test_navigation.McpNavigationTests;tests.test_navigation.NavigationTests;tests.test_p3_builtin_recall.TestGoReceiverTyping;tests.test_p3_builtin_recall.TestModuleFormOfImport;tests.test_p3_builtin_recall.TestRustImplIdentity;tests.test_p3_builtin_recall.TestTsReceiverTyping;tests.test_p4_identity.TestAdapters;tests.test_p4_identity.TestDedup;tests.test_p4_identity.TestIdentityKey;tests.test_p4_identity.TestPublicApi;tests.test_scoped_identity.BuildBundleScopedTests;tests.test_scoped_identity.EngineScopedDecisionTests;tests.test_scoped_identity.PackScopedPrecedenceTests;tests.test_wrong_edge_corpus.TestWrongEdgeCorpus
F05-05,F05,Truy vết usages và kế thừa,Call ở nhiều dòng cùng caller,Công bố chính xác nếu graph collapse call sites,đã truy tìm nhánh và test liên quan chưa chứng minh toàn bộ tình huống,,tests.test_edge_lifecycle.EdgeLifecycleTests;tests.test_import_resolution.RelativeImportResolutionTests;tests.test_import_resolution.ResolveRelativeUnitTests;tests.test_navigation.McpNavigationTests;tests.test_navigation.NavigationTests;tests.test_p3_builtin_recall.TestGoReceiverTyping;tests.test_p3_builtin_recall.TestModuleFormOfImport;tests.test_p3_builtin_recall.TestRustImplIdentity;tests.test_p3_builtin_recall.TestTsReceiverTyping;tests.test_p4_identity.TestAdapters;tests.test_p4_identity.TestDedup;tests.test_p4_identity.TestIdentityKey;tests.test_p4_identity.TestPublicApi;tests.test_scoped_identity.BuildBundleScopedTests;tests.test_scoped_identity.EngineScopedDecisionTests;tests.test_scoped_identity.PackScopedPrecedenceTests;tests.test_wrong_edge_corpus.TestWrongEdgeCorpus
F05-06,F05,Truy vết usages và kế thừa,Import và re export xuyên module,Identity và relation đúng,đã truy tìm nhánh và test liên quan chưa chứng minh toàn bộ tình huống,,tests.test_edge_lifecycle.EdgeLifecycleTests;tests.test_import_resolution.RelativeImportResolutionTests;tests.test_import_resolution.ResolveRelativeUnitTests;tests.test_navigation.McpNavigationTests;tests.test_navigation.NavigationTests;tests.test_p3_builtin_recall.TestGoReceiverTyping;tests.test_p3_builtin_recall.TestModuleFormOfImport;tests.test_p3_builtin_recall.TestRustImplIdentity;tests.test_p3_builtin_recall.TestTsReceiverTyping;tests.test_p4_identity.TestAdapters;tests.test_p4_identity.TestDedup;tests.test_p4_identity.TestIdentityKey;tests.test_p4_identity.TestPublicApi;tests.test_scoped_identity.BuildBundleScopedTests;tests.test_scoped_identity.EngineScopedDecisionTests;tests.test_scoped_identity.PackScopedPrecedenceTests;tests.test_wrong_edge_corpus.TestWrongEdgeCorpus
F05-07,F05,Truy vết usages và kế thừa,Kế thừa nhiều lớp interface abstract,Trả base và derived đúng direction,đã kiểm chứng bằng probe tương ứng,implementations-inheritance,tests.test_edge_lifecycle.EdgeLifecycleTests;tests.test_import_resolution.RelativeImportResolutionTests;tests.test_import_resolution.ResolveRelativeUnitTests;tests.test_navigation.McpNavigationTests;tests.test_navigation.NavigationTests;tests.test_p3_builtin_recall.TestGoReceiverTyping;tests.test_p3_builtin_recall.TestModuleFormOfImport;tests.test_p3_builtin_recall.TestRustImplIdentity;tests.test_p3_builtin_recall.TestTsReceiverTyping;tests.test_p4_identity.TestAdapters;tests.test_p4_identity.TestDedup;tests.test_p4_identity.TestIdentityKey;tests.test_p4_identity.TestPublicApi;tests.test_scoped_identity.BuildBundleScopedTests;tests.test_scoped_identity.EngineScopedDecisionTests;tests.test_scoped_identity.PackScopedPrecedenceTests;tests.test_wrong_edge_corpus.TestWrongEdgeCorpus
F05-08,F05,Truy vết usages và kế thừa,Caller vừa là test vừa là production name,Phân loại theo path và không suy từ bare name,đã truy tìm nhánh và test liên quan chưa chứng minh toàn bộ tình huống,,tests.test_edge_lifecycle.EdgeLifecycleTests;tests.test_import_resolution.RelativeImportResolutionTests;tests.test_import_resolution.ResolveRelativeUnitTests;tests.test_navigation.McpNavigationTests;tests.test_navigation.NavigationTests;tests.test_p3_builtin_recall.TestGoReceiverTyping;tests.test_p3_builtin_recall.TestModuleFormOfImport;tests.test_p3_builtin_recall.TestRustImplIdentity;tests.test_p3_builtin_recall.TestTsReceiverTyping;tests.test_p4_identity.TestAdapters;tests.test_p4_identity.TestDedup;tests.test_p4_identity.TestIdentityKey;tests.test_p4_identity.TestPublicApi;tests.test_scoped_identity.BuildBundleScopedTests;tests.test_scoped_identity.EngineScopedDecisionTests;tests.test_scoped_identity.PackScopedPrecedenceTests;tests.test_wrong_edge_corpus.TestWrongEdgeCorpus
F05-09,F05,Truy vết usages và kế thừa,File rename làm đổi FQN,Định vị anchor mới và không ghost usages,đã truy tìm nhánh và test liên quan chưa chứng minh toàn bộ tình huống,,tests.test_edge_lifecycle.EdgeLifecycleTests;tests.test_import_resolution.RelativeImportResolutionTests;tests.test_import_resolution.ResolveRelativeUnitTests;tests.test_navigation.McpNavigationTests;tests.test_navigation.NavigationTests;tests.test_p3_builtin_recall.TestGoReceiverTyping;tests.test_p3_builtin_recall.TestModuleFormOfImport;tests.test_p3_builtin_recall.TestRustImplIdentity;tests.test_p3_builtin_recall.TestTsReceiverTyping;tests.test_p4_identity.TestAdapters;tests.test_p4_identity.TestDedup;tests.test_p4_identity.TestIdentityKey;tests.test_p4_identity.TestPublicApi;tests.test_scoped_identity.BuildBundleScopedTests;tests.test_scoped_identity.EngineScopedDecisionTests;tests.test_scoped_identity.PackScopedPrecedenceTests;tests.test_wrong_edge_corpus.TestWrongEdgeCorpus
F05-10,F05,Truy vết usages và kế thừa,Edge pending unresolved hoặc ambiguous,Tách khỏi confirmed callers,đã truy tìm nhánh và test liên quan chưa chứng minh toàn bộ tình huống,,tests.test_edge_lifecycle.EdgeLifecycleTests;tests.test_import_resolution.RelativeImportResolutionTests;tests.test_import_resolution.ResolveRelativeUnitTests;tests.test_navigation.McpNavigationTests;tests.test_navigation.NavigationTests;tests.test_p3_builtin_recall.TestGoReceiverTyping;tests.test_p3_builtin_recall.TestModuleFormOfImport;tests.test_p3_builtin_recall.TestRustImplIdentity;tests.test_p3_builtin_recall.TestTsReceiverTyping;tests.test_p4_identity.TestAdapters;tests.test_p4_identity.TestDedup;tests.test_p4_identity.TestIdentityKey;tests.test_p4_identity.TestPublicApi;tests.test_scoped_identity.BuildBundleScopedTests;tests.test_scoped_identity.EngineScopedDecisionTests;tests.test_scoped_identity.PackScopedPrecedenceTests;tests.test_wrong_edge_corpus.TestWrongEdgeCorpus
F05-11,F05,Truy vết usages và kế thừa,Rename plan,Không ghi code và definition trỏ đúng line,đã kiểm chứng bằng probe tương ứng,rename-report,tests.test_edge_lifecycle.EdgeLifecycleTests;tests.test_import_resolution.RelativeImportResolutionTests;tests.test_import_resolution.ResolveRelativeUnitTests;tests.test_navigation.McpNavigationTests;tests.test_navigation.NavigationTests;tests.test_p3_builtin_recall.TestGoReceiverTyping;tests.test_p3_builtin_recall.TestModuleFormOfImport;tests.test_p3_builtin_recall.TestRustImplIdentity;tests.test_p3_builtin_recall.TestTsReceiverTyping;tests.test_p4_identity.TestAdapters;tests.test_p4_identity.TestDedup;tests.test_p4_identity.TestIdentityKey;tests.test_p4_identity.TestPublicApi;tests.test_scoped_identity.BuildBundleScopedTests;tests.test_scoped_identity.EngineScopedDecisionTests;tests.test_scoped_identity.PackScopedPrecedenceTests;tests.test_wrong_edge_corpus.TestWrongEdgeCorpus
F05-12,F05,Truy vết usages và kế thừa,Cạnh compiler và heuristic mâu thuẫn,Giữ provenance và công bố conflict,đã truy tìm nhánh và test liên quan chưa chứng minh toàn bộ tình huống,,tests.test_edge_lifecycle.EdgeLifecycleTests;tests.test_import_resolution.RelativeImportResolutionTests;tests.test_import_resolution.ResolveRelativeUnitTests;tests.test_navigation.McpNavigationTests;tests.test_navigation.NavigationTests;tests.test_p3_builtin_recall.TestGoReceiverTyping;tests.test_p3_builtin_recall.TestModuleFormOfImport;tests.test_p3_builtin_recall.TestRustImplIdentity;tests.test_p3_builtin_recall.TestTsReceiverTyping;tests.test_p4_identity.TestAdapters;tests.test_p4_identity.TestDedup;tests.test_p4_identity.TestIdentityKey;tests.test_p4_identity.TestPublicApi;tests.test_scoped_identity.BuildBundleScopedTests;tests.test_scoped_identity.EngineScopedDecisionTests;tests.test_scoped_identity.PackScopedPrecedenceTests;tests.test_wrong_edge_corpus.TestWrongEdgeCorpus
F06-01,F06,Context pack và giới hạn tài nguyên,Target unique và budget rộng,Complete chỉ trong capability đã đo,đã kiểm chứng bằng probe tương ứng,pack-normal,tests.test_pack_sg202_priority.SG202PackPriorityTests;tests.test_pack_target_recovery.BuildBundleRecoveryTests;tests.test_pack_target_recovery.FindTargetRecoveryTests;tests.test_pack_target_recovery.ParseTargetTests;tests.test_sg202_pack_completeness.SG202PackCompletenessTests;tests.test_sprint4_compass_and_pack.ExploreNodeLevelBatchTests;tests.test_sprint4_compass_and_pack.Sprint4CompassAndPackTests
F06-02,F06,Context pack và giới hạn tài nguyên,Target không tồn tại hoặc path line sai,Lỗi có candidates và JSON parse được,đã truy tìm nhánh và test liên quan chưa chứng minh toàn bộ tình huống,,tests.test_pack_sg202_priority.SG202PackPriorityTests;tests.test_pack_target_recovery.BuildBundleRecoveryTests;tests.test_pack_target_recovery.FindTargetRecoveryTests;tests.test_pack_target_recovery.ParseTargetTests;tests.test_sg202_pack_completeness.SG202PackCompletenessTests;tests.test_sprint4_compass_and_pack.ExploreNodeLevelBatchTests;tests.test_sprint4_compass_and_pack.Sprint4CompassAndPackTests
F06-03,F06,Context pack và giới hạn tài nguyên,Bare name ambiguous hòa điểm,Fail closed hoặc công bố dominant selection,đã truy tìm nhánh và test liên quan chưa chứng minh toàn bộ tình huống,,tests.test_pack_sg202_priority.SG202PackPriorityTests;tests.test_pack_target_recovery.BuildBundleRecoveryTests;tests.test_pack_target_recovery.FindTargetRecoveryTests;tests.test_pack_target_recovery.ParseTargetTests;tests.test_sg202_pack_completeness.SG202PackCompletenessTests;tests.test_sprint4_compass_and_pack.ExploreNodeLevelBatchTests;tests.test_sprint4_compass_and_pack.Sprint4CompassAndPackTests
F06-04,F06,Context pack và giới hạn tài nguyên,Target disk stale khi reconcile off,STALE_SNAPSHOT có cấu trúc,lỗi hoặc contract cần cải thiện đã tái hiện,pack-stale-off,tests.test_pack_sg202_priority.SG202PackPriorityTests;tests.test_pack_target_recovery.BuildBundleRecoveryTests;tests.test_pack_target_recovery.FindTargetRecoveryTests;tests.test_pack_target_recovery.ParseTargetTests;tests.test_sg202_pack_completeness.SG202PackCompletenessTests;tests.test_sprint4_compass_and_pack.ExploreNodeLevelBatchTests;tests.test_sprint4_compass_and_pack.Sprint4CompassAndPackTests
F06-05,F06,Context pack và giới hạn tài nguyên,Tokens dưới metadata floor,BUDGET_TOO_SMALL và không output thành công,lỗi hoặc contract cần cải thiện đã tái hiện,pack-tiny-budget,tests.test_pack_sg202_priority.SG202PackPriorityTests;tests.test_pack_target_recovery.BuildBundleRecoveryTests;tests.test_pack_target_recovery.FindTargetRecoveryTests;tests.test_pack_target_recovery.ParseTargetTests;tests.test_sg202_pack_completeness.SG202PackCompletenessTests;tests.test_sprint4_compass_and_pack.ExploreNodeLevelBatchTests;tests.test_sprint4_compass_and_pack.Sprint4CompassAndPackTests
F06-06,F06,Context pack và giới hạn tài nguyên,Tokens ngay trên dưới boundary,Serialized token count đúng và completeness đổi đúng,đã truy tìm nhánh và test liên quan chưa chứng minh toàn bộ tình huống,,tests.test_pack_sg202_priority.SG202PackPriorityTests;tests.test_pack_target_recovery.BuildBundleRecoveryTests;tests.test_pack_target_recovery.FindTargetRecoveryTests;tests.test_pack_target_recovery.ParseTargetTests;tests.test_sg202_pack_completeness.SG202PackCompletenessTests;tests.test_sprint4_compass_and_pack.ExploreNodeLevelBatchTests;tests.test_sprint4_compass_and_pack.Sprint4CompassAndPackTests
F06-07,F06,Context pack và giới hạn tài nguyên,Node cap cắt caller hoặc callee,Truncated true và completeness partial,lỗi hoặc contract cần cải thiện đã tái hiện,pack-nodecap-1,tests.test_pack_sg202_priority.SG202PackPriorityTests;tests.test_pack_target_recovery.BuildBundleRecoveryTests;tests.test_pack_target_recovery.FindTargetRecoveryTests;tests.test_pack_target_recovery.ParseTargetTests;tests.test_sg202_pack_completeness.SG202PackCompletenessTests;tests.test_sprint4_compass_and_pack.ExploreNodeLevelBatchTests;tests.test_sprint4_compass_and_pack.Sprint4CompassAndPackTests
F06-08,F06,Context pack và giới hạn tài nguyên,Hops nodes hoặc bytes âm,Từ chối invalid_argument trên CLI và MCP,lỗi hoặc contract cần cải thiện đã tái hiện,pack-invalid---max-bytes,tests.test_pack_sg202_priority.SG202PackPriorityTests;tests.test_pack_target_recovery.BuildBundleRecoveryTests;tests.test_pack_target_recovery.FindTargetRecoveryTests;tests.test_pack_target_recovery.ParseTargetTests;tests.test_sg202_pack_completeness.SG202PackCompletenessTests;tests.test_sprint4_compass_and_pack.ExploreNodeLevelBatchTests;tests.test_sprint4_compass_and_pack.Sprint4CompassAndPackTests
F06-09,F06,Context pack và giới hạn tài nguyên,Source quá lớn vượt read cap,Giới hạn bộ nhớ và công bố missing span,đã truy tìm nhánh và test liên quan chưa chứng minh toàn bộ tình huống,,tests.test_pack_sg202_priority.SG202PackPriorityTests;tests.test_pack_target_recovery.BuildBundleRecoveryTests;tests.test_pack_target_recovery.FindTargetRecoveryTests;tests.test_pack_target_recovery.ParseTargetTests;tests.test_sg202_pack_completeness.SG202PackCompletenessTests;tests.test_sprint4_compass_and_pack.ExploreNodeLevelBatchTests;tests.test_sprint4_compass_and_pack.Sprint4CompassAndPackTests
F06-10,F06,Context pack và giới hạn tài nguyên,Caller test cạnh tranh với callee contract,Giữ reserved test và contract theo priority,đã truy tìm nhánh và test liên quan chưa chứng minh toàn bộ tình huống,,tests.test_pack_sg202_priority.SG202PackPriorityTests;tests.test_pack_target_recovery.BuildBundleRecoveryTests;tests.test_pack_target_recovery.FindTargetRecoveryTests;tests.test_pack_target_recovery.ParseTargetTests;tests.test_sg202_pack_completeness.SG202PackCompletenessTests;tests.test_sprint4_compass_and_pack.ExploreNodeLevelBatchTests;tests.test_sprint4_compass_and_pack.Sprint4CompassAndPackTests
F06-11,F06,Context pack và giới hạn tài nguyên,Byte cap dưới metadata floor,Công bố best effort và không nhầm strict token cap,đã truy tìm nhánh và test liên quan chưa chứng minh toàn bộ tình huống,,tests.test_pack_sg202_priority.SG202PackPriorityTests;tests.test_pack_target_recovery.BuildBundleRecoveryTests;tests.test_pack_target_recovery.FindTargetRecoveryTests;tests.test_pack_target_recovery.ParseTargetTests;tests.test_sg202_pack_completeness.SG202PackCompletenessTests;tests.test_sprint4_compass_and_pack.ExploreNodeLevelBatchTests;tests.test_sprint4_compass_and_pack.Sprint4CompassAndPackTests
F06-12,F06,Context pack và giới hạn tài nguyên,Root là symlink hoặc var private var alias,Relative path nằm trong canonical project không chứa traversal,lỗi hoặc contract cần cải thiện đã tái hiện,path-alias-probes.json,tests.test_pack_sg202_priority.SG202PackPriorityTests;tests.test_pack_target_recovery.BuildBundleRecoveryTests;tests.test_pack_target_recovery.FindTargetRecoveryTests;tests.test_pack_target_recovery.ParseTargetTests;tests.test_sg202_pack_completeness.SG202PackCompletenessTests;tests.test_sprint4_compass_and_pack.ExploreNodeLevelBatchTests;tests.test_sprint4_compass_and_pack.Sprint4CompassAndPackTests
F07-01,F07,Repo map và scope,Repo chưa index hoặc rỗng,Thông báo empty không gợi reconcile vô hạn,đã kiểm chứng bằng probe tương ứng,empty-map,tests.test_repo_map.McpMapAndNotesTests;tests.test_repo_map.PackTrustedTierTests;tests.test_repo_map.RepoMapTests;tests.test_sg201_external_corpus.AggregateGateTests;tests.test_sg201_external_corpus.DiskOracleUniverseTests;tests.test_sg201_external_corpus.EvaluatorScopeTextTests;tests.test_sg201_external_corpus.FlatRowsTests;tests.test_sg201_external_corpus.ManifestGovernanceTests;tests.test_sg201_external_corpus.MarkdownConsistencyTests;tests.test_sg201_external_corpus.MeasureRepoTests;tests.test_sg201_external_corpus.PinVerificationTests;tests.test_sg201_external_corpus.RenderedTextRoundtripTests;tests.test_sg201_repo_map_filters.ClassifyPathTests;tests.test_sg201_repo_map_filters.ParseIncludeCategoriesTests;tests.test_sg201_repo_map_filters.RepoMapFilterSurfaceTests;tests.test_sg201_repo_map_filters.RepoMapFilterTests;tests.test_sg201_sg202_exit_gates.GateHelperTests;tests.test_sg201_sg202_exit_gates.LandmarkStudyStrictnessTests;tests.test_sg201_sg202_exit_gates.ProvenanceTests;tests.test_sg201_sg202_exit_gates.RenderedMapParserTests;tests.test_sg201_sg202_exit_gates.SG201HonestyTests;tests.test_sg201_sg202_exit_gates.SG202HonestyTests
F07-02,F07,Repo map và scope,Graph không có edge,PageRank hữu hạn và thứ tự deterministic,đã truy tìm nhánh và test liên quan chưa chứng minh toàn bộ tình huống,,tests.test_repo_map.McpMapAndNotesTests;tests.test_repo_map.PackTrustedTierTests;tests.test_repo_map.RepoMapTests;tests.test_sg201_external_corpus.AggregateGateTests;tests.test_sg201_external_corpus.DiskOracleUniverseTests;tests.test_sg201_external_corpus.EvaluatorScopeTextTests;tests.test_sg201_external_corpus.FlatRowsTests;tests.test_sg201_external_corpus.ManifestGovernanceTests;tests.test_sg201_external_corpus.MarkdownConsistencyTests;tests.test_sg201_external_corpus.MeasureRepoTests;tests.test_sg201_external_corpus.PinVerificationTests;tests.test_sg201_external_corpus.RenderedTextRoundtripTests;tests.test_sg201_repo_map_filters.ClassifyPathTests;tests.test_sg201_repo_map_filters.ParseIncludeCategoriesTests;tests.test_sg201_repo_map_filters.RepoMapFilterSurfaceTests;tests.test_sg201_repo_map_filters.RepoMapFilterTests;tests.test_sg201_sg202_exit_gates.GateHelperTests;tests.test_sg201_sg202_exit_gates.LandmarkStudyStrictnessTests;tests.test_sg201_sg202_exit_gates.ProvenanceTests;tests.test_sg201_sg202_exit_gates.RenderedMapParserTests;tests.test_sg201_sg202_exit_gates.SG201HonestyTests;tests.test_sg201_sg202_exit_gates.SG202HonestyTests
F07-03,F07,Repo map và scope,Graph cycle hoặc hub rất lớn,Runtime và memory có budget,đã truy tìm nhánh và test liên quan chưa chứng minh toàn bộ tình huống,,tests.test_repo_map.McpMapAndNotesTests;tests.test_repo_map.PackTrustedTierTests;tests.test_repo_map.RepoMapTests;tests.test_sg201_external_corpus.AggregateGateTests;tests.test_sg201_external_corpus.DiskOracleUniverseTests;tests.test_sg201_external_corpus.EvaluatorScopeTextTests;tests.test_sg201_external_corpus.FlatRowsTests;tests.test_sg201_external_corpus.ManifestGovernanceTests;tests.test_sg201_external_corpus.MarkdownConsistencyTests;tests.test_sg201_external_corpus.MeasureRepoTests;tests.test_sg201_external_corpus.PinVerificationTests;tests.test_sg201_external_corpus.RenderedTextRoundtripTests;tests.test_sg201_repo_map_filters.ClassifyPathTests;tests.test_sg201_repo_map_filters.ParseIncludeCategoriesTests;tests.test_sg201_repo_map_filters.RepoMapFilterSurfaceTests;tests.test_sg201_repo_map_filters.RepoMapFilterTests;tests.test_sg201_sg202_exit_gates.GateHelperTests;tests.test_sg201_sg202_exit_gates.LandmarkStudyStrictnessTests;tests.test_sg201_sg202_exit_gates.ProvenanceTests;tests.test_sg201_sg202_exit_gates.RenderedMapParserTests;tests.test_sg201_sg202_exit_gates.SG201HonestyTests;tests.test_sg201_sg202_exit_gates.SG202HonestyTests
F07-04,F07,Repo map và scope,Focus không tồn tại,Fallback được công bố,đã kiểm chứng bằng probe tương ứng,map-missing-focus,tests.test_repo_map.McpMapAndNotesTests;tests.test_repo_map.PackTrustedTierTests;tests.test_repo_map.RepoMapTests;tests.test_sg201_external_corpus.AggregateGateTests;tests.test_sg201_external_corpus.DiskOracleUniverseTests;tests.test_sg201_external_corpus.EvaluatorScopeTextTests;tests.test_sg201_external_corpus.FlatRowsTests;tests.test_sg201_external_corpus.ManifestGovernanceTests;tests.test_sg201_external_corpus.MarkdownConsistencyTests;tests.test_sg201_external_corpus.MeasureRepoTests;tests.test_sg201_external_corpus.PinVerificationTests;tests.test_sg201_external_corpus.RenderedTextRoundtripTests;tests.test_sg201_repo_map_filters.ClassifyPathTests;tests.test_sg201_repo_map_filters.ParseIncludeCategoriesTests;tests.test_sg201_repo_map_filters.RepoMapFilterSurfaceTests;tests.test_sg201_repo_map_filters.RepoMapFilterTests;tests.test_sg201_sg202_exit_gates.GateHelperTests;tests.test_sg201_sg202_exit_gates.LandmarkStudyStrictnessTests;tests.test_sg201_sg202_exit_gates.ProvenanceTests;tests.test_sg201_sg202_exit_gates.RenderedMapParserTests;tests.test_sg201_sg202_exit_gates.SG201HonestyTests;tests.test_sg201_sg202_exit_gates.SG202HonestyTests
F07-05,F07,Repo map và scope,Focus nhiều symbol và path,Phạm vi deterministic,đã truy tìm nhánh và test liên quan chưa chứng minh toàn bộ tình huống,,tests.test_repo_map.McpMapAndNotesTests;tests.test_repo_map.PackTrustedTierTests;tests.test_repo_map.RepoMapTests;tests.test_sg201_external_corpus.AggregateGateTests;tests.test_sg201_external_corpus.DiskOracleUniverseTests;tests.test_sg201_external_corpus.EvaluatorScopeTextTests;tests.test_sg201_external_corpus.FlatRowsTests;tests.test_sg201_external_corpus.ManifestGovernanceTests;tests.test_sg201_external_corpus.MarkdownConsistencyTests;tests.test_sg201_external_corpus.MeasureRepoTests;tests.test_sg201_external_corpus.PinVerificationTests;tests.test_sg201_external_corpus.RenderedTextRoundtripTests;tests.test_sg201_repo_map_filters.ClassifyPathTests;tests.test_sg201_repo_map_filters.ParseIncludeCategoriesTests;tests.test_sg201_repo_map_filters.RepoMapFilterSurfaceTests;tests.test_sg201_repo_map_filters.RepoMapFilterTests;tests.test_sg201_sg202_exit_gates.GateHelperTests;tests.test_sg201_sg202_exit_gates.LandmarkStudyStrictnessTests;tests.test_sg201_sg202_exit_gates.ProvenanceTests;tests.test_sg201_sg202_exit_gates.RenderedMapParserTests;tests.test_sg201_sg202_exit_gates.SG201HonestyTests;tests.test_sg201_sg202_exit_gates.SG202HonestyTests
F07-06,F07,Repo map và scope,Tokens bằng 0 âm hoặc rất nhỏ,Reject hoặc công bố metadata floor,lỗi hoặc contract cần cải thiện đã tái hiện,map-negative-budget,tests.test_repo_map.McpMapAndNotesTests;tests.test_repo_map.PackTrustedTierTests;tests.test_repo_map.RepoMapTests;tests.test_sg201_external_corpus.AggregateGateTests;tests.test_sg201_external_corpus.DiskOracleUniverseTests;tests.test_sg201_external_corpus.EvaluatorScopeTextTests;tests.test_sg201_external_corpus.FlatRowsTests;tests.test_sg201_external_corpus.ManifestGovernanceTests;tests.test_sg201_external_corpus.MarkdownConsistencyTests;tests.test_sg201_external_corpus.MeasureRepoTests;tests.test_sg201_external_corpus.PinVerificationTests;tests.test_sg201_external_corpus.RenderedTextRoundtripTests;tests.test_sg201_repo_map_filters.ClassifyPathTests;tests.test_sg201_repo_map_filters.ParseIncludeCategoriesTests;tests.test_sg201_repo_map_filters.RepoMapFilterSurfaceTests;tests.test_sg201_repo_map_filters.RepoMapFilterTests;tests.test_sg201_sg202_exit_gates.GateHelperTests;tests.test_sg201_sg202_exit_gates.LandmarkStudyStrictnessTests;tests.test_sg201_sg202_exit_gates.ProvenanceTests;tests.test_sg201_sg202_exit_gates.RenderedMapParserTests;tests.test_sg201_sg202_exit_gates.SG201HonestyTests;tests.test_sg201_sg202_exit_gates.SG202HonestyTests
F07-07,F07,Repo map và scope,Production test fixture vendor generated docs tooling,Không contamination mặc định,đã truy tìm nhánh và test liên quan chưa chứng minh toàn bộ tình huống,,tests.test_repo_map.McpMapAndNotesTests;tests.test_repo_map.PackTrustedTierTests;tests.test_repo_map.RepoMapTests;tests.test_sg201_external_corpus.AggregateGateTests;tests.test_sg201_external_corpus.DiskOracleUniverseTests;tests.test_sg201_external_corpus.EvaluatorScopeTextTests;tests.test_sg201_external_corpus.FlatRowsTests;tests.test_sg201_external_corpus.ManifestGovernanceTests;tests.test_sg201_external_corpus.MarkdownConsistencyTests;tests.test_sg201_external_corpus.MeasureRepoTests;tests.test_sg201_external_corpus.PinVerificationTests;tests.test_sg201_external_corpus.RenderedTextRoundtripTests;tests.test_sg201_repo_map_filters.ClassifyPathTests;tests.test_sg201_repo_map_filters.ParseIncludeCategoriesTests;tests.test_sg201_repo_map_filters.RepoMapFilterSurfaceTests;tests.test_sg201_repo_map_filters.RepoMapFilterTests;tests.test_sg201_sg202_exit_gates.GateHelperTests;tests.test_sg201_sg202_exit_gates.LandmarkStudyStrictnessTests;tests.test_sg201_sg202_exit_gates.ProvenanceTests;tests.test_sg201_sg202_exit_gates.RenderedMapParserTests;tests.test_sg201_sg202_exit_gates.SG201HonestyTests;tests.test_sg201_sg202_exit_gates.SG202HonestyTests
F07-08,F07,Repo map và scope,Include category không hợp lệ,Lỗi rõ không âm thầm widening,đã truy tìm nhánh và test liên quan chưa chứng minh toàn bộ tình huống,,tests.test_repo_map.McpMapAndNotesTests;tests.test_repo_map.PackTrustedTierTests;tests.test_repo_map.RepoMapTests;tests.test_sg201_external_corpus.AggregateGateTests;tests.test_sg201_external_corpus.DiskOracleUniverseTests;tests.test_sg201_external_corpus.EvaluatorScopeTextTests;tests.test_sg201_external_corpus.FlatRowsTests;tests.test_sg201_external_corpus.ManifestGovernanceTests;tests.test_sg201_external_corpus.MarkdownConsistencyTests;tests.test_sg201_external_corpus.MeasureRepoTests;tests.test_sg201_external_corpus.PinVerificationTests;tests.test_sg201_external_corpus.RenderedTextRoundtripTests;tests.test_sg201_repo_map_filters.ClassifyPathTests;tests.test_sg201_repo_map_filters.ParseIncludeCategoriesTests;tests.test_sg201_repo_map_filters.RepoMapFilterSurfaceTests;tests.test_sg201_repo_map_filters.RepoMapFilterTests;tests.test_sg201_sg202_exit_gates.GateHelperTests;tests.test_sg201_sg202_exit_gates.LandmarkStudyStrictnessTests;tests.test_sg201_sg202_exit_gates.ProvenanceTests;tests.test_sg201_sg202_exit_gates.RenderedMapParserTests;tests.test_sg201_sg202_exit_gates.SG201HonestyTests;tests.test_sg201_sg202_exit_gates.SG202HonestyTests
F07-09,F07,Repo map và scope,Symbol trùng ở production và test,Production ordering đúng theo path,đã truy tìm nhánh và test liên quan chưa chứng minh toàn bộ tình huống,,tests.test_repo_map.McpMapAndNotesTests;tests.test_repo_map.PackTrustedTierTests;tests.test_repo_map.RepoMapTests;tests.test_sg201_external_corpus.AggregateGateTests;tests.test_sg201_external_corpus.DiskOracleUniverseTests;tests.test_sg201_external_corpus.EvaluatorScopeTextTests;tests.test_sg201_external_corpus.FlatRowsTests;tests.test_sg201_external_corpus.ManifestGovernanceTests;tests.test_sg201_external_corpus.MarkdownConsistencyTests;tests.test_sg201_external_corpus.MeasureRepoTests;tests.test_sg201_external_corpus.PinVerificationTests;tests.test_sg201_external_corpus.RenderedTextRoundtripTests;tests.test_sg201_repo_map_filters.ClassifyPathTests;tests.test_sg201_repo_map_filters.ParseIncludeCategoriesTests;tests.test_sg201_repo_map_filters.RepoMapFilterSurfaceTests;tests.test_sg201_repo_map_filters.RepoMapFilterTests;tests.test_sg201_sg202_exit_gates.GateHelperTests;tests.test_sg201_sg202_exit_gates.LandmarkStudyStrictnessTests;tests.test_sg201_sg202_exit_gates.ProvenanceTests;tests.test_sg201_sg202_exit_gates.RenderedMapParserTests;tests.test_sg201_sg202_exit_gates.SG201HonestyTests;tests.test_sg201_sg202_exit_gates.SG202HonestyTests
F07-10,F07,Repo map và scope,Scope alias hoặc path ngoài root,Canonical root và ngăn escape,đã truy tìm nhánh và test liên quan chưa chứng minh toàn bộ tình huống,,tests.test_repo_map.McpMapAndNotesTests;tests.test_repo_map.PackTrustedTierTests;tests.test_repo_map.RepoMapTests;tests.test_sg201_external_corpus.AggregateGateTests;tests.test_sg201_external_corpus.DiskOracleUniverseTests;tests.test_sg201_external_corpus.EvaluatorScopeTextTests;tests.test_sg201_external_corpus.FlatRowsTests;tests.test_sg201_external_corpus.ManifestGovernanceTests;tests.test_sg201_external_corpus.MarkdownConsistencyTests;tests.test_sg201_external_corpus.MeasureRepoTests;tests.test_sg201_external_corpus.PinVerificationTests;tests.test_sg201_external_corpus.RenderedTextRoundtripTests;tests.test_sg201_repo_map_filters.ClassifyPathTests;tests.test_sg201_repo_map_filters.ParseIncludeCategoriesTests;tests.test_sg201_repo_map_filters.RepoMapFilterSurfaceTests;tests.test_sg201_repo_map_filters.RepoMapFilterTests;tests.test_sg201_sg202_exit_gates.GateHelperTests;tests.test_sg201_sg202_exit_gates.LandmarkStudyStrictnessTests;tests.test_sg201_sg202_exit_gates.ProvenanceTests;tests.test_sg201_sg202_exit_gates.RenderedMapParserTests;tests.test_sg201_sg202_exit_gates.SG201HonestyTests;tests.test_sg201_sg202_exit_gates.SG202HonestyTests
F07-11,F07,Repo map và scope,Map bị cắt giữa dòng Unicode,Không hỏng output và báo truncated,đã truy tìm nhánh và test liên quan chưa chứng minh toàn bộ tình huống,,tests.test_repo_map.McpMapAndNotesTests;tests.test_repo_map.PackTrustedTierTests;tests.test_repo_map.RepoMapTests;tests.test_sg201_external_corpus.AggregateGateTests;tests.test_sg201_external_corpus.DiskOracleUniverseTests;tests.test_sg201_external_corpus.EvaluatorScopeTextTests;tests.test_sg201_external_corpus.FlatRowsTests;tests.test_sg201_external_corpus.ManifestGovernanceTests;tests.test_sg201_external_corpus.MarkdownConsistencyTests;tests.test_sg201_external_corpus.MeasureRepoTests;tests.test_sg201_external_corpus.PinVerificationTests;tests.test_sg201_external_corpus.RenderedTextRoundtripTests;tests.test_sg201_repo_map_filters.ClassifyPathTests;tests.test_sg201_repo_map_filters.ParseIncludeCategoriesTests;tests.test_sg201_repo_map_filters.RepoMapFilterSurfaceTests;tests.test_sg201_repo_map_filters.RepoMapFilterTests;tests.test_sg201_sg202_exit_gates.GateHelperTests;tests.test_sg201_sg202_exit_gates.LandmarkStudyStrictnessTests;tests.test_sg201_sg202_exit_gates.ProvenanceTests;tests.test_sg201_sg202_exit_gates.RenderedMapParserTests;tests.test_sg201_sg202_exit_gates.SG201HonestyTests;tests.test_sg201_sg202_exit_gates.SG202HonestyTests
F07-12,F07,Repo map và scope,Map không chứa symbol có trong repo,Không suy absence repo từ selection,đã truy tìm nhánh và test liên quan chưa chứng minh toàn bộ tình huống,,tests.test_repo_map.McpMapAndNotesTests;tests.test_repo_map.PackTrustedTierTests;tests.test_repo_map.RepoMapTests;tests.test_sg201_external_corpus.AggregateGateTests;tests.test_sg201_external_corpus.DiskOracleUniverseTests;tests.test_sg201_external_corpus.EvaluatorScopeTextTests;tests.test_sg201_external_corpus.FlatRowsTests;tests.test_sg201_external_corpus.ManifestGovernanceTests;tests.test_sg201_external_corpus.MarkdownConsistencyTests;tests.test_sg201_external_corpus.MeasureRepoTests;tests.test_sg201_external_corpus.PinVerificationTests;tests.test_sg201_external_corpus.RenderedTextRoundtripTests;tests.test_sg201_repo_map_filters.ClassifyPathTests;tests.test_sg201_repo_map_filters.ParseIncludeCategoriesTests;tests.test_sg201_repo_map_filters.RepoMapFilterSurfaceTests;tests.test_sg201_repo_map_filters.RepoMapFilterTests;tests.test_sg201_sg202_exit_gates.GateHelperTests;tests.test_sg201_sg202_exit_gates.LandmarkStudyStrictnessTests;tests.test_sg201_sg202_exit_gates.ProvenanceTests;tests.test_sg201_sg202_exit_gates.RenderedMapParserTests;tests.test_sg201_sg202_exit_gates.SG201HonestyTests;tests.test_sg201_sg202_exit_gates.SG202HonestyTests
F08-01,F08,Import SCIP và compiler provenance,SCIP JSON hợp lệ,Import definition reference và provenance đúng,đã truy tìm nhánh và test liên quan chưa chứng minh toàn bộ tình huống,,tests.test_identity_join.BuiltinIdentityTests;tests.test_identity_join.CanonicalFqnTests;tests.test_identity_join.CbmIdentityTests;tests.test_identity_join.CrossJoinKeyTests;tests.test_identity_join.EvidenceIdentityTests;tests.test_identity_join.IdentitySummaryTests;tests.test_identity_join.KindClassTests;tests.test_identity_join.MangledRootPrefixTests;tests.test_identity_join.ScipIdentityTests;tests.test_identity_join.SpanConflictTests;tests.test_import_resolution.RelativeImportResolutionTests;tests.test_import_resolution.ResolveRelativeUnitTests;tests.test_p3_scip_binding.TestQualifiedIdentity;tests.test_p3_scip_binding.TestSnapshotBinding;tests.test_scip_provider;tests.test_scip_truncation
F08-02,F08,Import SCIP và compiler provenance,SCIP protobuf hợp lệ,Tương đương JSON trên cùng index,đã truy tìm nhánh và test liên quan chưa chứng minh toàn bộ tình huống,,tests.test_identity_join.BuiltinIdentityTests;tests.test_identity_join.CanonicalFqnTests;tests.test_identity_join.CbmIdentityTests;tests.test_identity_join.CrossJoinKeyTests;tests.test_identity_join.EvidenceIdentityTests;tests.test_identity_join.IdentitySummaryTests;tests.test_identity_join.KindClassTests;tests.test_identity_join.MangledRootPrefixTests;tests.test_identity_join.ScipIdentityTests;tests.test_identity_join.SpanConflictTests;tests.test_import_resolution.RelativeImportResolutionTests;tests.test_import_resolution.ResolveRelativeUnitTests;tests.test_p3_scip_binding.TestQualifiedIdentity;tests.test_p3_scip_binding.TestSnapshotBinding;tests.test_scip_provider;tests.test_scip_truncation
F08-03,F08,Import SCIP và compiler provenance,Varint bị cắt hoặc message size sai,Fail closed không publish partial,đã truy tìm nhánh và test liên quan chưa chứng minh toàn bộ tình huống,,tests.test_identity_join.BuiltinIdentityTests;tests.test_identity_join.CanonicalFqnTests;tests.test_identity_join.CbmIdentityTests;tests.test_identity_join.CrossJoinKeyTests;tests.test_identity_join.EvidenceIdentityTests;tests.test_identity_join.IdentitySummaryTests;tests.test_identity_join.KindClassTests;tests.test_identity_join.MangledRootPrefixTests;tests.test_identity_join.ScipIdentityTests;tests.test_identity_join.SpanConflictTests;tests.test_import_resolution.RelativeImportResolutionTests;tests.test_import_resolution.ResolveRelativeUnitTests;tests.test_p3_scip_binding.TestQualifiedIdentity;tests.test_p3_scip_binding.TestSnapshotBinding;tests.test_scip_provider;tests.test_scip_truncation
F08-04,F08,Import SCIP và compiler provenance,Thiếu hoặc không đọc được file index,Lỗi rõ và không crash,đã kiểm chứng bằng probe tương ứng,invalid-import-scip,tests.test_identity_join.BuiltinIdentityTests;tests.test_identity_join.CanonicalFqnTests;tests.test_identity_join.CbmIdentityTests;tests.test_identity_join.CrossJoinKeyTests;tests.test_identity_join.EvidenceIdentityTests;tests.test_identity_join.IdentitySummaryTests;tests.test_identity_join.KindClassTests;tests.test_identity_join.MangledRootPrefixTests;tests.test_identity_join.ScipIdentityTests;tests.test_identity_join.SpanConflictTests;tests.test_import_resolution.RelativeImportResolutionTests;tests.test_import_resolution.ResolveRelativeUnitTests;tests.test_p3_scip_binding.TestQualifiedIdentity;tests.test_p3_scip_binding.TestSnapshotBinding;tests.test_scip_provider;tests.test_scip_truncation
F08-05,F08,Import SCIP và compiler provenance,Range 3 hoặc 4 phần tử và UTF16 columns,Chuyển line column đúng,đã truy tìm nhánh và test liên quan chưa chứng minh toàn bộ tình huống,,tests.test_identity_join.BuiltinIdentityTests;tests.test_identity_join.CanonicalFqnTests;tests.test_identity_join.CbmIdentityTests;tests.test_identity_join.CrossJoinKeyTests;tests.test_identity_join.EvidenceIdentityTests;tests.test_identity_join.IdentitySummaryTests;tests.test_identity_join.KindClassTests;tests.test_identity_join.MangledRootPrefixTests;tests.test_identity_join.ScipIdentityTests;tests.test_identity_join.SpanConflictTests;tests.test_import_resolution.RelativeImportResolutionTests;tests.test_import_resolution.ResolveRelativeUnitTests;tests.test_p3_scip_binding.TestQualifiedIdentity;tests.test_p3_scip_binding.TestSnapshotBinding;tests.test_scip_provider;tests.test_scip_truncation
F08-06,F08,Import SCIP và compiler provenance,Path absolute traversal hoặc symlink escape,Không nhập evidence từ repo khác,đã truy tìm nhánh và test liên quan chưa chứng minh toàn bộ tình huống,,tests.test_identity_join.BuiltinIdentityTests;tests.test_identity_join.CanonicalFqnTests;tests.test_identity_join.CbmIdentityTests;tests.test_identity_join.CrossJoinKeyTests;tests.test_identity_join.EvidenceIdentityTests;tests.test_identity_join.IdentitySummaryTests;tests.test_identity_join.KindClassTests;tests.test_identity_join.MangledRootPrefixTests;tests.test_identity_join.ScipIdentityTests;tests.test_identity_join.SpanConflictTests;tests.test_import_resolution.RelativeImportResolutionTests;tests.test_import_resolution.ResolveRelativeUnitTests;tests.test_p3_scip_binding.TestQualifiedIdentity;tests.test_p3_scip_binding.TestSnapshotBinding;tests.test_scip_provider;tests.test_scip_truncation
F08-07,F08,Import SCIP và compiler provenance,Definition và reference cùng symbol,Roles không bị đảo,đã truy tìm nhánh và test liên quan chưa chứng minh toàn bộ tình huống,,tests.test_identity_join.BuiltinIdentityTests;tests.test_identity_join.CanonicalFqnTests;tests.test_identity_join.CbmIdentityTests;tests.test_identity_join.CrossJoinKeyTests;tests.test_identity_join.EvidenceIdentityTests;tests.test_identity_join.IdentitySummaryTests;tests.test_identity_join.KindClassTests;tests.test_identity_join.MangledRootPrefixTests;tests.test_identity_join.ScipIdentityTests;tests.test_identity_join.SpanConflictTests;tests.test_import_resolution.RelativeImportResolutionTests;tests.test_import_resolution.ResolveRelativeUnitTests;tests.test_p3_scip_binding.TestQualifiedIdentity;tests.test_p3_scip_binding.TestSnapshotBinding;tests.test_scip_provider;tests.test_scip_truncation
F08-08,F08,Import SCIP và compiler provenance,Symbol grammar escaped hoặc local symbol,Parser giữ canonical identity,đã truy tìm nhánh và test liên quan chưa chứng minh toàn bộ tình huống,,tests.test_identity_join.BuiltinIdentityTests;tests.test_identity_join.CanonicalFqnTests;tests.test_identity_join.CbmIdentityTests;tests.test_identity_join.CrossJoinKeyTests;tests.test_identity_join.EvidenceIdentityTests;tests.test_identity_join.IdentitySummaryTests;tests.test_identity_join.KindClassTests;tests.test_identity_join.MangledRootPrefixTests;tests.test_identity_join.ScipIdentityTests;tests.test_identity_join.SpanConflictTests;tests.test_import_resolution.RelativeImportResolutionTests;tests.test_import_resolution.ResolveRelativeUnitTests;tests.test_p3_scip_binding.TestQualifiedIdentity;tests.test_p3_scip_binding.TestSnapshotBinding;tests.test_scip_provider;tests.test_scip_truncation
F08-09,F08,Import SCIP và compiler provenance,File đã đổi sau lúc tạo compiler index,Snapshot mismatch không giả exact,đã truy tìm nhánh và test liên quan chưa chứng minh toàn bộ tình huống,,tests.test_identity_join.BuiltinIdentityTests;tests.test_identity_join.CanonicalFqnTests;tests.test_identity_join.CbmIdentityTests;tests.test_identity_join.CrossJoinKeyTests;tests.test_identity_join.EvidenceIdentityTests;tests.test_identity_join.IdentitySummaryTests;tests.test_identity_join.KindClassTests;tests.test_identity_join.MangledRootPrefixTests;tests.test_identity_join.ScipIdentityTests;tests.test_identity_join.SpanConflictTests;tests.test_import_resolution.RelativeImportResolutionTests;tests.test_import_resolution.ResolveRelativeUnitTests;tests.test_p3_scip_binding.TestQualifiedIdentity;tests.test_p3_scip_binding.TestSnapshotBinding;tests.test_scip_provider;tests.test_scip_truncation
F08-10,F08,Import SCIP và compiler provenance,Import cùng artifact nhiều lần,Idempotent và provider run có lineage,đã truy tìm nhánh và test liên quan chưa chứng minh toàn bộ tình huống,,tests.test_identity_join.BuiltinIdentityTests;tests.test_identity_join.CanonicalFqnTests;tests.test_identity_join.CbmIdentityTests;tests.test_identity_join.CrossJoinKeyTests;tests.test_identity_join.EvidenceIdentityTests;tests.test_identity_join.IdentitySummaryTests;tests.test_identity_join.KindClassTests;tests.test_identity_join.MangledRootPrefixTests;tests.test_identity_join.ScipIdentityTests;tests.test_identity_join.SpanConflictTests;tests.test_import_resolution.RelativeImportResolutionTests;tests.test_import_resolution.ResolveRelativeUnitTests;tests.test_p3_scip_binding.TestQualifiedIdentity;tests.test_p3_scip_binding.TestSnapshotBinding;tests.test_scip_provider;tests.test_scip_truncation
F08-11,F08,Import SCIP và compiler provenance,Compiler identity trùng bare name,Không gộp vì tên giống,đã truy tìm nhánh và test liên quan chưa chứng minh toàn bộ tình huống,,tests.test_identity_join.BuiltinIdentityTests;tests.test_identity_join.CanonicalFqnTests;tests.test_identity_join.CbmIdentityTests;tests.test_identity_join.CrossJoinKeyTests;tests.test_identity_join.EvidenceIdentityTests;tests.test_identity_join.IdentitySummaryTests;tests.test_identity_join.KindClassTests;tests.test_identity_join.MangledRootPrefixTests;tests.test_identity_join.ScipIdentityTests;tests.test_identity_join.SpanConflictTests;tests.test_import_resolution.RelativeImportResolutionTests;tests.test_import_resolution.ResolveRelativeUnitTests;tests.test_p3_scip_binding.TestQualifiedIdentity;tests.test_p3_scip_binding.TestSnapshotBinding;tests.test_scip_provider;tests.test_scip_truncation
F08-12,F08,Import SCIP và compiler provenance,Provider SCIP thiếu capability impact,Require impact fail closed,đã truy tìm nhánh và test liên quan chưa chứng minh toàn bộ tình huống,,tests.test_identity_join.BuiltinIdentityTests;tests.test_identity_join.CanonicalFqnTests;tests.test_identity_join.CbmIdentityTests;tests.test_identity_join.CrossJoinKeyTests;tests.test_identity_join.EvidenceIdentityTests;tests.test_identity_join.IdentitySummaryTests;tests.test_identity_join.KindClassTests;tests.test_identity_join.MangledRootPrefixTests;tests.test_identity_join.ScipIdentityTests;tests.test_identity_join.SpanConflictTests;tests.test_import_resolution.RelativeImportResolutionTests;tests.test_import_resolution.ResolveRelativeUnitTests;tests.test_p3_scip_binding.TestQualifiedIdentity;tests.test_p3_scip_binding.TestSnapshotBinding;tests.test_scip_provider;tests.test_scip_truncation
F09-01,F09,Provider federation và managed engine,External tắt mặc định,Không spawn provider bất ngờ,đã truy tìm nhánh và test liên quan chưa chứng minh toàn bộ tình huống,,tests.test_cbm_adapter.TestEngineNamespaceEnv;tests.test_cbm_adapter.TestEnsureIndexAbstainsP1;tests.test_cbm_adapter.TestFailClosedVsOptionalFallback;tests.test_cbm_adapter.TestInvocationContract;tests.test_cbm_adapter.TestLedgerAndRecords;tests.test_cbm_adapter.TestProbe;tests.test_cbm_adapter.TestProjectResolution;tests.test_cbm_adapter.TestRedactArgv;tests.test_cbm_adapter.TestSchemaDrift;tests.test_cbm_adapter.TestStdoutCorruption;tests.test_cbm_adapter.TestTimeoutAndEvidenceDefaults;tests.test_cbm_adapter.TestTimeoutAndOrphans;tests.test_cbm_adapter.TestVersionGate;tests.test_cbm_exact_compatibility.TestCallerCannotLie;tests.test_cbm_exact_compatibility.TestExactMatchPermitsFakeBinary;tests.test_cbm_exact_compatibility.TestExplicitIndexGating;tests.test_cbm_exact_compatibility.TestLegacyUnchanged;tests.test_cbm_exact_compatibility.TestMissingEvidence;tests.test_cbm_exact_compatibility.TestPartialContextNoDowngrade;tests.test_cbm_exact_compatibility.TestProbeConcurrency;tests.test_cbm_exact_compatibility.TestProbeDistinction;tests.test_cbm_exact_compatibility.TestRefusalRecovery;tests.test_cbm_exact_compatibility.TestStrictCtorCommandValidation;tests.test_cbm_exact_compatibility.TestStrictPathAndCtorValidation;tests.test_cbm_exact_compatibility.TestTrustNormalizationSafety;tests.test_cbm_managed_provider.TestInjectionContract;tests.test_cbm_managed_provider.TestLedgerFailurePublication;tests.test_cbm_managed_provider.TestManagedProbeAdvertisement;tests.test_cbm_managed_provider.TestManagedReceiptRobustness;tests.test_cbm_managed_provider.TestManagedRoutingZeroSpawn;tests.test_cbm_managed_provider.TestNativeHeadProof;tests.test_cbm_managed_provider.TestPriorBindingHeadRegression;tests.test_cbm_managed_provider.TestRealManagedRuntime;tests.test_cbm_snapshot_p2.TestCoverageStaleness;tests.test_cbm_snapshot_p2.TestFreshBinding;tests.test_cbm_snapshot_p2.TestMigrationV6ToV7;tests.test_cbm_snapshot_p2.TestRunPersistenceRobustness;tests.test_cbm_snapshot_p2.TestSnapshotMatchContract;tests.test_cbm_snapshot_p2.TestStalenessDowngrade;tests.test_cbm_snapshot_p2.TestUnknownFailClosed;tests.test_cbm_store;tests.test_managed_execution;tests.test_managed_read_dispatch;tests.test_managed_transport;tests.test_provider_compatibility.TestEnvelopeValidateGuards;tests.test_provider_compatibility.TestExactArtifactCompatibility;tests.test_provider_compatibility.TestExplicitUnknownAndUnsupported;tests.test_provider_compatibility.TestMissingOrDegradedIdentity;tests.test_provider_compatibility.TestNonStringIdentityFields;tests.test_provider_compatibility.TestRecordSchemaVersion;tests.test_provider_compatibility.TestSerializationBackwardCompatible;tests.test_provider_compatibility.TestThreadSafety;tests.test_provider_compatibility.TestValidationBounded;tests.test_provider_compatibility.TestVersionMasqueradeRejected;tests.test_provider_contract.TestEvidenceEnvelope;tests.test_providers_registry.TestCliProviders;tests.test_providers_registry.TestDetect;tests.test_providers_registry.TestResolveCapability;tests.test_trusted_managed_config
F09-02,F09,Provider federation và managed engine,Require provider không cài,Fail closed và error có cấu trúc,lỗi hoặc contract cần cải thiện đã tái hiện,provider-required-missing,tests.test_cbm_adapter.TestEngineNamespaceEnv;tests.test_cbm_adapter.TestEnsureIndexAbstainsP1;tests.test_cbm_adapter.TestFailClosedVsOptionalFallback;tests.test_cbm_adapter.TestInvocationContract;tests.test_cbm_adapter.TestLedgerAndRecords;tests.test_cbm_adapter.TestProbe;tests.test_cbm_adapter.TestProjectResolution;tests.test_cbm_adapter.TestRedactArgv;tests.test_cbm_adapter.TestSchemaDrift;tests.test_cbm_adapter.TestStdoutCorruption;tests.test_cbm_adapter.TestTimeoutAndEvidenceDefaults;tests.test_cbm_adapter.TestTimeoutAndOrphans;tests.test_cbm_adapter.TestVersionGate;tests.test_cbm_exact_compatibility.TestCallerCannotLie;tests.test_cbm_exact_compatibility.TestExactMatchPermitsFakeBinary;tests.test_cbm_exact_compatibility.TestExplicitIndexGating;tests.test_cbm_exact_compatibility.TestLegacyUnchanged;tests.test_cbm_exact_compatibility.TestMissingEvidence;tests.test_cbm_exact_compatibility.TestPartialContextNoDowngrade;tests.test_cbm_exact_compatibility.TestProbeConcurrency;tests.test_cbm_exact_compatibility.TestProbeDistinction;tests.test_cbm_exact_compatibility.TestRefusalRecovery;tests.test_cbm_exact_compatibility.TestStrictCtorCommandValidation;tests.test_cbm_exact_compatibility.TestStrictPathAndCtorValidation;tests.test_cbm_exact_compatibility.TestTrustNormalizationSafety;tests.test_cbm_managed_provider.TestInjectionContract;tests.test_cbm_managed_provider.TestLedgerFailurePublication;tests.test_cbm_managed_provider.TestManagedProbeAdvertisement;tests.test_cbm_managed_provider.TestManagedReceiptRobustness;tests.test_cbm_managed_provider.TestManagedRoutingZeroSpawn;tests.test_cbm_managed_provider.TestNativeHeadProof;tests.test_cbm_managed_provider.TestPriorBindingHeadRegression;tests.test_cbm_managed_provider.TestRealManagedRuntime;tests.test_cbm_snapshot_p2.TestCoverageStaleness;tests.test_cbm_snapshot_p2.TestFreshBinding;tests.test_cbm_snapshot_p2.TestMigrationV6ToV7;tests.test_cbm_snapshot_p2.TestRunPersistenceRobustness;tests.test_cbm_snapshot_p2.TestSnapshotMatchContract;tests.test_cbm_snapshot_p2.TestStalenessDowngrade;tests.test_cbm_snapshot_p2.TestUnknownFailClosed;tests.test_cbm_store;tests.test_managed_execution;tests.test_managed_read_dispatch;tests.test_managed_transport;tests.test_provider_compatibility.TestEnvelopeValidateGuards;tests.test_provider_compatibility.TestExactArtifactCompatibility;tests.test_provider_compatibility.TestExplicitUnknownAndUnsupported;tests.test_provider_compatibility.TestMissingOrDegradedIdentity;tests.test_provider_compatibility.TestNonStringIdentityFields;tests.test_provider_compatibility.TestRecordSchemaVersion;tests.test_provider_compatibility.TestSerializationBackwardCompatible;tests.test_provider_compatibility.TestThreadSafety;tests.test_provider_compatibility.TestValidationBounded;tests.test_provider_compatibility.TestVersionMasqueradeRejected;tests.test_provider_contract.TestEvidenceEnvelope;tests.test_providers_registry.TestCliProviders;tests.test_providers_registry.TestDetect;tests.test_providers_registry.TestResolveCapability;tests.test_trusted_managed_config
F09-03,F09,Provider federation và managed engine,Auto provider chết hoặc timeout,Fallback bounded có lý do,đã truy tìm nhánh và test liên quan chưa chứng minh toàn bộ tình huống,,tests.test_cbm_adapter.TestEngineNamespaceEnv;tests.test_cbm_adapter.TestEnsureIndexAbstainsP1;tests.test_cbm_adapter.TestFailClosedVsOptionalFallback;tests.test_cbm_adapter.TestInvocationContract;tests.test_cbm_adapter.TestLedgerAndRecords;tests.test_cbm_adapter.TestProbe;tests.test_cbm_adapter.TestProjectResolution;tests.test_cbm_adapter.TestRedactArgv;tests.test_cbm_adapter.TestSchemaDrift;tests.test_cbm_adapter.TestStdoutCorruption;tests.test_cbm_adapter.TestTimeoutAndEvidenceDefaults;tests.test_cbm_adapter.TestTimeoutAndOrphans;tests.test_cbm_adapter.TestVersionGate;tests.test_cbm_exact_compatibility.TestCallerCannotLie;tests.test_cbm_exact_compatibility.TestExactMatchPermitsFakeBinary;tests.test_cbm_exact_compatibility.TestExplicitIndexGating;tests.test_cbm_exact_compatibility.TestLegacyUnchanged;tests.test_cbm_exact_compatibility.TestMissingEvidence;tests.test_cbm_exact_compatibility.TestPartialContextNoDowngrade;tests.test_cbm_exact_compatibility.TestProbeConcurrency;tests.test_cbm_exact_compatibility.TestProbeDistinction;tests.test_cbm_exact_compatibility.TestRefusalRecovery;tests.test_cbm_exact_compatibility.TestStrictCtorCommandValidation;tests.test_cbm_exact_compatibility.TestStrictPathAndCtorValidation;tests.test_cbm_exact_compatibility.TestTrustNormalizationSafety;tests.test_cbm_managed_provider.TestInjectionContract;tests.test_cbm_managed_provider.TestLedgerFailurePublication;tests.test_cbm_managed_provider.TestManagedProbeAdvertisement;tests.test_cbm_managed_provider.TestManagedReceiptRobustness;tests.test_cbm_managed_provider.TestManagedRoutingZeroSpawn;tests.test_cbm_managed_provider.TestNativeHeadProof;tests.test_cbm_managed_provider.TestPriorBindingHeadRegression;tests.test_cbm_managed_provider.TestRealManagedRuntime;tests.test_cbm_snapshot_p2.TestCoverageStaleness;tests.test_cbm_snapshot_p2.TestFreshBinding;tests.test_cbm_snapshot_p2.TestMigrationV6ToV7;tests.test_cbm_snapshot_p2.TestRunPersistenceRobustness;tests.test_cbm_snapshot_p2.TestSnapshotMatchContract;tests.test_cbm_snapshot_p2.TestStalenessDowngrade;tests.test_cbm_snapshot_p2.TestUnknownFailClosed;tests.test_cbm_store;tests.test_managed_execution;tests.test_managed_read_dispatch;tests.test_managed_transport;tests.test_provider_compatibility.TestEnvelopeValidateGuards;tests.test_provider_compatibility.TestExactArtifactCompatibility;tests.test_provider_compatibility.TestExplicitUnknownAndUnsupported;tests.test_provider_compatibility.TestMissingOrDegradedIdentity;tests.test_provider_compatibility.TestNonStringIdentityFields;tests.test_provider_compatibility.TestRecordSchemaVersion;tests.test_provider_compatibility.TestSerializationBackwardCompatible;tests.test_provider_compatibility.TestThreadSafety;tests.test_provider_compatibility.TestValidationBounded;tests.test_provider_compatibility.TestVersionMasqueradeRejected;tests.test_provider_contract.TestEvidenceEnvelope;tests.test_providers_registry.TestCliProviders;tests.test_providers_registry.TestDetect;tests.test_providers_registry.TestResolveCapability;tests.test_trusted_managed_config
F09-04,F09,Provider federation và managed engine,Provider version không tương thích,Không giả supported hoặc compiler exact,đã truy tìm nhánh và test liên quan chưa chứng minh toàn bộ tình huống,,tests.test_cbm_adapter.TestEngineNamespaceEnv;tests.test_cbm_adapter.TestEnsureIndexAbstainsP1;tests.test_cbm_adapter.TestFailClosedVsOptionalFallback;tests.test_cbm_adapter.TestInvocationContract;tests.test_cbm_adapter.TestLedgerAndRecords;tests.test_cbm_adapter.TestProbe;tests.test_cbm_adapter.TestProjectResolution;tests.test_cbm_adapter.TestRedactArgv;tests.test_cbm_adapter.TestSchemaDrift;tests.test_cbm_adapter.TestStdoutCorruption;tests.test_cbm_adapter.TestTimeoutAndEvidenceDefaults;tests.test_cbm_adapter.TestTimeoutAndOrphans;tests.test_cbm_adapter.TestVersionGate;tests.test_cbm_exact_compatibility.TestCallerCannotLie;tests.test_cbm_exact_compatibility.TestExactMatchPermitsFakeBinary;tests.test_cbm_exact_compatibility.TestExplicitIndexGating;tests.test_cbm_exact_compatibility.TestLegacyUnchanged;tests.test_cbm_exact_compatibility.TestMissingEvidence;tests.test_cbm_exact_compatibility.TestPartialContextNoDowngrade;tests.test_cbm_exact_compatibility.TestProbeConcurrency;tests.test_cbm_exact_compatibility.TestProbeDistinction;tests.test_cbm_exact_compatibility.TestRefusalRecovery;tests.test_cbm_exact_compatibility.TestStrictCtorCommandValidation;tests.test_cbm_exact_compatibility.TestStrictPathAndCtorValidation;tests.test_cbm_exact_compatibility.TestTrustNormalizationSafety;tests.test_cbm_managed_provider.TestInjectionContract;tests.test_cbm_managed_provider.TestLedgerFailurePublication;tests.test_cbm_managed_provider.TestManagedProbeAdvertisement;tests.test_cbm_managed_provider.TestManagedReceiptRobustness;tests.test_cbm_managed_provider.TestManagedRoutingZeroSpawn;tests.test_cbm_managed_provider.TestNativeHeadProof;tests.test_cbm_managed_provider.TestPriorBindingHeadRegression;tests.test_cbm_managed_provider.TestRealManagedRuntime;tests.test_cbm_snapshot_p2.TestCoverageStaleness;tests.test_cbm_snapshot_p2.TestFreshBinding;tests.test_cbm_snapshot_p2.TestMigrationV6ToV7;tests.test_cbm_snapshot_p2.TestRunPersistenceRobustness;tests.test_cbm_snapshot_p2.TestSnapshotMatchContract;tests.test_cbm_snapshot_p2.TestStalenessDowngrade;tests.test_cbm_snapshot_p2.TestUnknownFailClosed;tests.test_cbm_store;tests.test_managed_execution;tests.test_managed_read_dispatch;tests.test_managed_transport;tests.test_provider_compatibility.TestEnvelopeValidateGuards;tests.test_provider_compatibility.TestExactArtifactCompatibility;tests.test_provider_compatibility.TestExplicitUnknownAndUnsupported;tests.test_provider_compatibility.TestMissingOrDegradedIdentity;tests.test_provider_compatibility.TestNonStringIdentityFields;tests.test_provider_compatibility.TestRecordSchemaVersion;tests.test_provider_compatibility.TestSerializationBackwardCompatible;tests.test_provider_compatibility.TestThreadSafety;tests.test_provider_compatibility.TestValidationBounded;tests.test_provider_compatibility.TestVersionMasqueradeRejected;tests.test_provider_contract.TestEvidenceEnvelope;tests.test_providers_registry.TestCliProviders;tests.test_providers_registry.TestDetect;tests.test_providers_registry.TestResolveCapability;tests.test_trusted_managed_config
F09-05,F09,Provider federation và managed engine,Config command không trusted,Không thực thi ngoài trust policy,đã truy tìm nhánh và test liên quan chưa chứng minh toàn bộ tình huống,,tests.test_cbm_adapter.TestEngineNamespaceEnv;tests.test_cbm_adapter.TestEnsureIndexAbstainsP1;tests.test_cbm_adapter.TestFailClosedVsOptionalFallback;tests.test_cbm_adapter.TestInvocationContract;tests.test_cbm_adapter.TestLedgerAndRecords;tests.test_cbm_adapter.TestProbe;tests.test_cbm_adapter.TestProjectResolution;tests.test_cbm_adapter.TestRedactArgv;tests.test_cbm_adapter.TestSchemaDrift;tests.test_cbm_adapter.TestStdoutCorruption;tests.test_cbm_adapter.TestTimeoutAndEvidenceDefaults;tests.test_cbm_adapter.TestTimeoutAndOrphans;tests.test_cbm_adapter.TestVersionGate;tests.test_cbm_exact_compatibility.TestCallerCannotLie;tests.test_cbm_exact_compatibility.TestExactMatchPermitsFakeBinary;tests.test_cbm_exact_compatibility.TestExplicitIndexGating;tests.test_cbm_exact_compatibility.TestLegacyUnchanged;tests.test_cbm_exact_compatibility.TestMissingEvidence;tests.test_cbm_exact_compatibility.TestPartialContextNoDowngrade;tests.test_cbm_exact_compatibility.TestProbeConcurrency;tests.test_cbm_exact_compatibility.TestProbeDistinction;tests.test_cbm_exact_compatibility.TestRefusalRecovery;tests.test_cbm_exact_compatibility.TestStrictCtorCommandValidation;tests.test_cbm_exact_compatibility.TestStrictPathAndCtorValidation;tests.test_cbm_exact_compatibility.TestTrustNormalizationSafety;tests.test_cbm_managed_provider.TestInjectionContract;tests.test_cbm_managed_provider.TestLedgerFailurePublication;tests.test_cbm_managed_provider.TestManagedProbeAdvertisement;tests.test_cbm_managed_provider.TestManagedReceiptRobustness;tests.test_cbm_managed_provider.TestManagedRoutingZeroSpawn;tests.test_cbm_managed_provider.TestNativeHeadProof;tests.test_cbm_managed_provider.TestPriorBindingHeadRegression;tests.test_cbm_managed_provider.TestRealManagedRuntime;tests.test_cbm_snapshot_p2.TestCoverageStaleness;tests.test_cbm_snapshot_p2.TestFreshBinding;tests.test_cbm_snapshot_p2.TestMigrationV6ToV7;tests.test_cbm_snapshot_p2.TestRunPersistenceRobustness;tests.test_cbm_snapshot_p2.TestSnapshotMatchContract;tests.test_cbm_snapshot_p2.TestStalenessDowngrade;tests.test_cbm_snapshot_p2.TestUnknownFailClosed;tests.test_cbm_store;tests.test_managed_execution;tests.test_managed_read_dispatch;tests.test_managed_transport;tests.test_provider_compatibility.TestEnvelopeValidateGuards;tests.test_provider_compatibility.TestExactArtifactCompatibility;tests.test_provider_compatibility.TestExplicitUnknownAndUnsupported;tests.test_provider_compatibility.TestMissingOrDegradedIdentity;tests.test_provider_compatibility.TestNonStringIdentityFields;tests.test_provider_compatibility.TestRecordSchemaVersion;tests.test_provider_compatibility.TestSerializationBackwardCompatible;tests.test_provider_compatibility.TestThreadSafety;tests.test_provider_compatibility.TestValidationBounded;tests.test_provider_compatibility.TestVersionMasqueradeRejected;tests.test_provider_contract.TestEvidenceEnvelope;tests.test_providers_registry.TestCliProviders;tests.test_providers_registry.TestDetect;tests.test_providers_registry.TestResolveCapability;tests.test_trusted_managed_config
F09-06,F09,Provider federation và managed engine,PATH shadowing hoặc command argument injection,Resolved binary provenance đúng,đã truy tìm nhánh và test liên quan chưa chứng minh toàn bộ tình huống,,tests.test_cbm_adapter.TestEngineNamespaceEnv;tests.test_cbm_adapter.TestEnsureIndexAbstainsP1;tests.test_cbm_adapter.TestFailClosedVsOptionalFallback;tests.test_cbm_adapter.TestInvocationContract;tests.test_cbm_adapter.TestLedgerAndRecords;tests.test_cbm_adapter.TestProbe;tests.test_cbm_adapter.TestProjectResolution;tests.test_cbm_adapter.TestRedactArgv;tests.test_cbm_adapter.TestSchemaDrift;tests.test_cbm_adapter.TestStdoutCorruption;tests.test_cbm_adapter.TestTimeoutAndEvidenceDefaults;tests.test_cbm_adapter.TestTimeoutAndOrphans;tests.test_cbm_adapter.TestVersionGate;tests.test_cbm_exact_compatibility.TestCallerCannotLie;tests.test_cbm_exact_compatibility.TestExactMatchPermitsFakeBinary;tests.test_cbm_exact_compatibility.TestExplicitIndexGating;tests.test_cbm_exact_compatibility.TestLegacyUnchanged;tests.test_cbm_exact_compatibility.TestMissingEvidence;tests.test_cbm_exact_compatibility.TestPartialContextNoDowngrade;tests.test_cbm_exact_compatibility.TestProbeConcurrency;tests.test_cbm_exact_compatibility.TestProbeDistinction;tests.test_cbm_exact_compatibility.TestRefusalRecovery;tests.test_cbm_exact_compatibility.TestStrictCtorCommandValidation;tests.test_cbm_exact_compatibility.TestStrictPathAndCtorValidation;tests.test_cbm_exact_compatibility.TestTrustNormalizationSafety;tests.test_cbm_managed_provider.TestInjectionContract;tests.test_cbm_managed_provider.TestLedgerFailurePublication;tests.test_cbm_managed_provider.TestManagedProbeAdvertisement;tests.test_cbm_managed_provider.TestManagedReceiptRobustness;tests.test_cbm_managed_provider.TestManagedRoutingZeroSpawn;tests.test_cbm_managed_provider.TestNativeHeadProof;tests.test_cbm_managed_provider.TestPriorBindingHeadRegression;tests.test_cbm_managed_provider.TestRealManagedRuntime;tests.test_cbm_snapshot_p2.TestCoverageStaleness;tests.test_cbm_snapshot_p2.TestFreshBinding;tests.test_cbm_snapshot_p2.TestMigrationV6ToV7;tests.test_cbm_snapshot_p2.TestRunPersistenceRobustness;tests.test_cbm_snapshot_p2.TestSnapshotMatchContract;tests.test_cbm_snapshot_p2.TestStalenessDowngrade;tests.test_cbm_snapshot_p2.TestUnknownFailClosed;tests.test_cbm_store;tests.test_managed_execution;tests.test_managed_read_dispatch;tests.test_managed_transport;tests.test_provider_compatibility.TestEnvelopeValidateGuards;tests.test_provider_compatibility.TestExactArtifactCompatibility;tests.test_provider_compatibility.TestExplicitUnknownAndUnsupported;tests.test_provider_compatibility.TestMissingOrDegradedIdentity;tests.test_provider_compatibility.TestNonStringIdentityFields;tests.test_provider_compatibility.TestRecordSchemaVersion;tests.test_provider_compatibility.TestSerializationBackwardCompatible;tests.test_provider_compatibility.TestThreadSafety;tests.test_provider_compatibility.TestValidationBounded;tests.test_provider_compatibility.TestVersionMasqueradeRejected;tests.test_provider_contract.TestEvidenceEnvelope;tests.test_providers_registry.TestCliProviders;tests.test_providers_registry.TestDetect;tests.test_providers_registry.TestResolveCapability;tests.test_trusted_managed_config
F09-07,F09,Provider federation và managed engine,Engine JSON malformed hoặc stream vượt cap,Reject hoặc truncate honest,đã truy tìm nhánh và test liên quan chưa chứng minh toàn bộ tình huống,,tests.test_cbm_adapter.TestEngineNamespaceEnv;tests.test_cbm_adapter.TestEnsureIndexAbstainsP1;tests.test_cbm_adapter.TestFailClosedVsOptionalFallback;tests.test_cbm_adapter.TestInvocationContract;tests.test_cbm_adapter.TestLedgerAndRecords;tests.test_cbm_adapter.TestProbe;tests.test_cbm_adapter.TestProjectResolution;tests.test_cbm_adapter.TestRedactArgv;tests.test_cbm_adapter.TestSchemaDrift;tests.test_cbm_adapter.TestStdoutCorruption;tests.test_cbm_adapter.TestTimeoutAndEvidenceDefaults;tests.test_cbm_adapter.TestTimeoutAndOrphans;tests.test_cbm_adapter.TestVersionGate;tests.test_cbm_exact_compatibility.TestCallerCannotLie;tests.test_cbm_exact_compatibility.TestExactMatchPermitsFakeBinary;tests.test_cbm_exact_compatibility.TestExplicitIndexGating;tests.test_cbm_exact_compatibility.TestLegacyUnchanged;tests.test_cbm_exact_compatibility.TestMissingEvidence;tests.test_cbm_exact_compatibility.TestPartialContextNoDowngrade;tests.test_cbm_exact_compatibility.TestProbeConcurrency;tests.test_cbm_exact_compatibility.TestProbeDistinction;tests.test_cbm_exact_compatibility.TestRefusalRecovery;tests.test_cbm_exact_compatibility.TestStrictCtorCommandValidation;tests.test_cbm_exact_compatibility.TestStrictPathAndCtorValidation;tests.test_cbm_exact_compatibility.TestTrustNormalizationSafety;tests.test_cbm_managed_provider.TestInjectionContract;tests.test_cbm_managed_provider.TestLedgerFailurePublication;tests.test_cbm_managed_provider.TestManagedProbeAdvertisement;tests.test_cbm_managed_provider.TestManagedReceiptRobustness;tests.test_cbm_managed_provider.TestManagedRoutingZeroSpawn;tests.test_cbm_managed_provider.TestNativeHeadProof;tests.test_cbm_managed_provider.TestPriorBindingHeadRegression;tests.test_cbm_managed_provider.TestRealManagedRuntime;tests.test_cbm_snapshot_p2.TestCoverageStaleness;tests.test_cbm_snapshot_p2.TestFreshBinding;tests.test_cbm_snapshot_p2.TestMigrationV6ToV7;tests.test_cbm_snapshot_p2.TestRunPersistenceRobustness;tests.test_cbm_snapshot_p2.TestSnapshotMatchContract;tests.test_cbm_snapshot_p2.TestStalenessDowngrade;tests.test_cbm_snapshot_p2.TestUnknownFailClosed;tests.test_cbm_store;tests.test_managed_execution;tests.test_managed_read_dispatch;tests.test_managed_transport;tests.test_provider_compatibility.TestEnvelopeValidateGuards;tests.test_provider_compatibility.TestExactArtifactCompatibility;tests.test_provider_compatibility.TestExplicitUnknownAndUnsupported;tests.test_provider_compatibility.TestMissingOrDegradedIdentity;tests.test_provider_compatibility.TestNonStringIdentityFields;tests.test_provider_compatibility.TestRecordSchemaVersion;tests.test_provider_compatibility.TestSerializationBackwardCompatible;tests.test_provider_compatibility.TestThreadSafety;tests.test_provider_compatibility.TestValidationBounded;tests.test_provider_compatibility.TestVersionMasqueradeRejected;tests.test_provider_contract.TestEvidenceEnvelope;tests.test_providers_registry.TestCliProviders;tests.test_providers_registry.TestDetect;tests.test_providers_registry.TestResolveCapability;tests.test_trusted_managed_config
F09-08,F09,Provider federation và managed engine,Snapshot SHA manifest generation mismatch,Không bind evidence cũ vào query mới,đã truy tìm nhánh và test liên quan chưa chứng minh toàn bộ tình huống,,tests.test_cbm_adapter.TestEngineNamespaceEnv;tests.test_cbm_adapter.TestEnsureIndexAbstainsP1;tests.test_cbm_adapter.TestFailClosedVsOptionalFallback;tests.test_cbm_adapter.TestInvocationContract;tests.test_cbm_adapter.TestLedgerAndRecords;tests.test_cbm_adapter.TestProbe;tests.test_cbm_adapter.TestProjectResolution;tests.test_cbm_adapter.TestRedactArgv;tests.test_cbm_adapter.TestSchemaDrift;tests.test_cbm_adapter.TestStdoutCorruption;tests.test_cbm_adapter.TestTimeoutAndEvidenceDefaults;tests.test_cbm_adapter.TestTimeoutAndOrphans;tests.test_cbm_adapter.TestVersionGate;tests.test_cbm_exact_compatibility.TestCallerCannotLie;tests.test_cbm_exact_compatibility.TestExactMatchPermitsFakeBinary;tests.test_cbm_exact_compatibility.TestExplicitIndexGating;tests.test_cbm_exact_compatibility.TestLegacyUnchanged;tests.test_cbm_exact_compatibility.TestMissingEvidence;tests.test_cbm_exact_compatibility.TestPartialContextNoDowngrade;tests.test_cbm_exact_compatibility.TestProbeConcurrency;tests.test_cbm_exact_compatibility.TestProbeDistinction;tests.test_cbm_exact_compatibility.TestRefusalRecovery;tests.test_cbm_exact_compatibility.TestStrictCtorCommandValidation;tests.test_cbm_exact_compatibility.TestStrictPathAndCtorValidation;tests.test_cbm_exact_compatibility.TestTrustNormalizationSafety;tests.test_cbm_managed_provider.TestInjectionContract;tests.test_cbm_managed_provider.TestLedgerFailurePublication;tests.test_cbm_managed_provider.TestManagedProbeAdvertisement;tests.test_cbm_managed_provider.TestManagedReceiptRobustness;tests.test_cbm_managed_provider.TestManagedRoutingZeroSpawn;tests.test_cbm_managed_provider.TestNativeHeadProof;tests.test_cbm_managed_provider.TestPriorBindingHeadRegression;tests.test_cbm_managed_provider.TestRealManagedRuntime;tests.test_cbm_snapshot_p2.TestCoverageStaleness;tests.test_cbm_snapshot_p2.TestFreshBinding;tests.test_cbm_snapshot_p2.TestMigrationV6ToV7;tests.test_cbm_snapshot_p2.TestRunPersistenceRobustness;tests.test_cbm_snapshot_p2.TestSnapshotMatchContract;tests.test_cbm_snapshot_p2.TestStalenessDowngrade;tests.test_cbm_snapshot_p2.TestUnknownFailClosed;tests.test_cbm_store;tests.test_managed_execution;tests.test_managed_read_dispatch;tests.test_managed_transport;tests.test_provider_compatibility.TestEnvelopeValidateGuards;tests.test_provider_compatibility.TestExactArtifactCompatibility;tests.test_provider_compatibility.TestExplicitUnknownAndUnsupported;tests.test_provider_compatibility.TestMissingOrDegradedIdentity;tests.test_provider_compatibility.TestNonStringIdentityFields;tests.test_provider_compatibility.TestRecordSchemaVersion;tests.test_provider_compatibility.TestSerializationBackwardCompatible;tests.test_provider_compatibility.TestThreadSafety;tests.test_provider_compatibility.TestValidationBounded;tests.test_provider_compatibility.TestVersionMasqueradeRejected;tests.test_provider_contract.TestEvidenceEnvelope;tests.test_providers_registry.TestCliProviders;tests.test_providers_registry.TestDetect;tests.test_providers_registry.TestResolveCapability;tests.test_trusted_managed_config
F09-09,F09,Provider federation và managed engine,Nhiều repo chung engine store,Không leakage project binding,đã truy tìm nhánh và test liên quan chưa chứng minh toàn bộ tình huống,,tests.test_cbm_adapter.TestEngineNamespaceEnv;tests.test_cbm_adapter.TestEnsureIndexAbstainsP1;tests.test_cbm_adapter.TestFailClosedVsOptionalFallback;tests.test_cbm_adapter.TestInvocationContract;tests.test_cbm_adapter.TestLedgerAndRecords;tests.test_cbm_adapter.TestProbe;tests.test_cbm_adapter.TestProjectResolution;tests.test_cbm_adapter.TestRedactArgv;tests.test_cbm_adapter.TestSchemaDrift;tests.test_cbm_adapter.TestStdoutCorruption;tests.test_cbm_adapter.TestTimeoutAndEvidenceDefaults;tests.test_cbm_adapter.TestTimeoutAndOrphans;tests.test_cbm_adapter.TestVersionGate;tests.test_cbm_exact_compatibility.TestCallerCannotLie;tests.test_cbm_exact_compatibility.TestExactMatchPermitsFakeBinary;tests.test_cbm_exact_compatibility.TestExplicitIndexGating;tests.test_cbm_exact_compatibility.TestLegacyUnchanged;tests.test_cbm_exact_compatibility.TestMissingEvidence;tests.test_cbm_exact_compatibility.TestPartialContextNoDowngrade;tests.test_cbm_exact_compatibility.TestProbeConcurrency;tests.test_cbm_exact_compatibility.TestProbeDistinction;tests.test_cbm_exact_compatibility.TestRefusalRecovery;tests.test_cbm_exact_compatibility.TestStrictCtorCommandValidation;tests.test_cbm_exact_compatibility.TestStrictPathAndCtorValidation;tests.test_cbm_exact_compatibility.TestTrustNormalizationSafety;tests.test_cbm_managed_provider.TestInjectionContract;tests.test_cbm_managed_provider.TestLedgerFailurePublication;tests.test_cbm_managed_provider.TestManagedProbeAdvertisement;tests.test_cbm_managed_provider.TestManagedReceiptRobustness;tests.test_cbm_managed_provider.TestManagedRoutingZeroSpawn;tests.test_cbm_managed_provider.TestNativeHeadProof;tests.test_cbm_managed_provider.TestPriorBindingHeadRegression;tests.test_cbm_managed_provider.TestRealManagedRuntime;tests.test_cbm_snapshot_p2.TestCoverageStaleness;tests.test_cbm_snapshot_p2.TestFreshBinding;tests.test_cbm_snapshot_p2.TestMigrationV6ToV7;tests.test_cbm_snapshot_p2.TestRunPersistenceRobustness;tests.test_cbm_snapshot_p2.TestSnapshotMatchContract;tests.test_cbm_snapshot_p2.TestStalenessDowngrade;tests.test_cbm_snapshot_p2.TestUnknownFailClosed;tests.test_cbm_store;tests.test_managed_execution;tests.test_managed_read_dispatch;tests.test_managed_transport;tests.test_provider_compatibility.TestEnvelopeValidateGuards;tests.test_provider_compatibility.TestExactArtifactCompatibility;tests.test_provider_compatibility.TestExplicitUnknownAndUnsupported;tests.test_provider_compatibility.TestMissingOrDegradedIdentity;tests.test_provider_compatibility.TestNonStringIdentityFields;tests.test_provider_compatibility.TestRecordSchemaVersion;tests.test_provider_compatibility.TestSerializationBackwardCompatible;tests.test_provider_compatibility.TestThreadSafety;tests.test_provider_compatibility.TestValidationBounded;tests.test_provider_compatibility.TestVersionMasqueradeRejected;tests.test_provider_contract.TestEvidenceEnvelope;tests.test_providers_registry.TestCliProviders;tests.test_providers_registry.TestDetect;tests.test_providers_registry.TestResolveCapability;tests.test_trusted_managed_config
F09-10,F09,Provider federation và managed engine,Builtin fast tier cạnh tranh engine snapshot,Newest wins theo ownership đúng,đã truy tìm nhánh và test liên quan chưa chứng minh toàn bộ tình huống,,tests.test_cbm_adapter.TestEngineNamespaceEnv;tests.test_cbm_adapter.TestEnsureIndexAbstainsP1;tests.test_cbm_adapter.TestFailClosedVsOptionalFallback;tests.test_cbm_adapter.TestInvocationContract;tests.test_cbm_adapter.TestLedgerAndRecords;tests.test_cbm_adapter.TestProbe;tests.test_cbm_adapter.TestProjectResolution;tests.test_cbm_adapter.TestRedactArgv;tests.test_cbm_adapter.TestSchemaDrift;tests.test_cbm_adapter.TestStdoutCorruption;tests.test_cbm_adapter.TestTimeoutAndEvidenceDefaults;tests.test_cbm_adapter.TestTimeoutAndOrphans;tests.test_cbm_adapter.TestVersionGate;tests.test_cbm_exact_compatibility.TestCallerCannotLie;tests.test_cbm_exact_compatibility.TestExactMatchPermitsFakeBinary;tests.test_cbm_exact_compatibility.TestExplicitIndexGating;tests.test_cbm_exact_compatibility.TestLegacyUnchanged;tests.test_cbm_exact_compatibility.TestMissingEvidence;tests.test_cbm_exact_compatibility.TestPartialContextNoDowngrade;tests.test_cbm_exact_compatibility.TestProbeConcurrency;tests.test_cbm_exact_compatibility.TestProbeDistinction;tests.test_cbm_exact_compatibility.TestRefusalRecovery;tests.test_cbm_exact_compatibility.TestStrictCtorCommandValidation;tests.test_cbm_exact_compatibility.TestStrictPathAndCtorValidation;tests.test_cbm_exact_compatibility.TestTrustNormalizationSafety;tests.test_cbm_managed_provider.TestInjectionContract;tests.test_cbm_managed_provider.TestLedgerFailurePublication;tests.test_cbm_managed_provider.TestManagedProbeAdvertisement;tests.test_cbm_managed_provider.TestManagedReceiptRobustness;tests.test_cbm_managed_provider.TestManagedRoutingZeroSpawn;tests.test_cbm_managed_provider.TestNativeHeadProof;tests.test_cbm_managed_provider.TestPriorBindingHeadRegression;tests.test_cbm_managed_provider.TestRealManagedRuntime;tests.test_cbm_snapshot_p2.TestCoverageStaleness;tests.test_cbm_snapshot_p2.TestFreshBinding;tests.test_cbm_snapshot_p2.TestMigrationV6ToV7;tests.test_cbm_snapshot_p2.TestRunPersistenceRobustness;tests.test_cbm_snapshot_p2.TestSnapshotMatchContract;tests.test_cbm_snapshot_p2.TestStalenessDowngrade;tests.test_cbm_snapshot_p2.TestUnknownFailClosed;tests.test_cbm_store;tests.test_managed_execution;tests.test_managed_read_dispatch;tests.test_managed_transport;tests.test_provider_compatibility.TestEnvelopeValidateGuards;tests.test_provider_compatibility.TestExactArtifactCompatibility;tests.test_provider_compatibility.TestExplicitUnknownAndUnsupported;tests.test_provider_compatibility.TestMissingOrDegradedIdentity;tests.test_provider_compatibility.TestNonStringIdentityFields;tests.test_provider_compatibility.TestRecordSchemaVersion;tests.test_provider_compatibility.TestSerializationBackwardCompatible;tests.test_provider_compatibility.TestThreadSafety;tests.test_provider_compatibility.TestValidationBounded;tests.test_provider_compatibility.TestVersionMasqueradeRejected;tests.test_provider_contract.TestEvidenceEnvelope;tests.test_providers_registry.TestCliProviders;tests.test_providers_registry.TestDetect;tests.test_providers_registry.TestResolveCapability;tests.test_trusted_managed_config
F09-11,F09,Provider federation và managed engine,Native socket path quá dài và daemon restart,Fallback không làm hỏng index,đã truy tìm nhánh và test liên quan chưa chứng minh toàn bộ tình huống,,tests.test_cbm_adapter.TestEngineNamespaceEnv;tests.test_cbm_adapter.TestEnsureIndexAbstainsP1;tests.test_cbm_adapter.TestFailClosedVsOptionalFallback;tests.test_cbm_adapter.TestInvocationContract;tests.test_cbm_adapter.TestLedgerAndRecords;tests.test_cbm_adapter.TestProbe;tests.test_cbm_adapter.TestProjectResolution;tests.test_cbm_adapter.TestRedactArgv;tests.test_cbm_adapter.TestSchemaDrift;tests.test_cbm_adapter.TestStdoutCorruption;tests.test_cbm_adapter.TestTimeoutAndEvidenceDefaults;tests.test_cbm_adapter.TestTimeoutAndOrphans;tests.test_cbm_adapter.TestVersionGate;tests.test_cbm_exact_compatibility.TestCallerCannotLie;tests.test_cbm_exact_compatibility.TestExactMatchPermitsFakeBinary;tests.test_cbm_exact_compatibility.TestExplicitIndexGating;tests.test_cbm_exact_compatibility.TestLegacyUnchanged;tests.test_cbm_exact_compatibility.TestMissingEvidence;tests.test_cbm_exact_compatibility.TestPartialContextNoDowngrade;tests.test_cbm_exact_compatibility.TestProbeConcurrency;tests.test_cbm_exact_compatibility.TestProbeDistinction;tests.test_cbm_exact_compatibility.TestRefusalRecovery;tests.test_cbm_exact_compatibility.TestStrictCtorCommandValidation;tests.test_cbm_exact_compatibility.TestStrictPathAndCtorValidation;tests.test_cbm_exact_compatibility.TestTrustNormalizationSafety;tests.test_cbm_managed_provider.TestInjectionContract;tests.test_cbm_managed_provider.TestLedgerFailurePublication;tests.test_cbm_managed_provider.TestManagedProbeAdvertisement;tests.test_cbm_managed_provider.TestManagedReceiptRobustness;tests.test_cbm_managed_provider.TestManagedRoutingZeroSpawn;tests.test_cbm_managed_provider.TestNativeHeadProof;tests.test_cbm_managed_provider.TestPriorBindingHeadRegression;tests.test_cbm_managed_provider.TestRealManagedRuntime;tests.test_cbm_snapshot_p2.TestCoverageStaleness;tests.test_cbm_snapshot_p2.TestFreshBinding;tests.test_cbm_snapshot_p2.TestMigrationV6ToV7;tests.test_cbm_snapshot_p2.TestRunPersistenceRobustness;tests.test_cbm_snapshot_p2.TestSnapshotMatchContract;tests.test_cbm_snapshot_p2.TestStalenessDowngrade;tests.test_cbm_snapshot_p2.TestUnknownFailClosed;tests.test_cbm_store;tests.test_managed_execution;tests.test_managed_read_dispatch;tests.test_managed_transport;tests.test_provider_compatibility.TestEnvelopeValidateGuards;tests.test_provider_compatibility.TestExactArtifactCompatibility;tests.test_provider_compatibility.TestExplicitUnknownAndUnsupported;tests.test_provider_compatibility.TestMissingOrDegradedIdentity;tests.test_provider_compatibility.TestNonStringIdentityFields;tests.test_provider_compatibility.TestRecordSchemaVersion;tests.test_provider_compatibility.TestSerializationBackwardCompatible;tests.test_provider_compatibility.TestThreadSafety;tests.test_provider_compatibility.TestValidationBounded;tests.test_provider_compatibility.TestVersionMasqueradeRejected;tests.test_provider_contract.TestEvidenceEnvelope;tests.test_providers_registry.TestCliProviders;tests.test_providers_registry.TestDetect;tests.test_providers_registry.TestResolveCapability;tests.test_trusted_managed_config
F09-12,F09,Provider federation và managed engine,CBM thật và index SCIP trong luồng end to end,Usages ledger và receipt semantic assertions đúng,đã kiểm chứng bằng probe tương ứng,real-cbm.log,tests.test_cbm_adapter.TestEngineNamespaceEnv;tests.test_cbm_adapter.TestEnsureIndexAbstainsP1;tests.test_cbm_adapter.TestFailClosedVsOptionalFallback;tests.test_cbm_adapter.TestInvocationContract;tests.test_cbm_adapter.TestLedgerAndRecords;tests.test_cbm_adapter.TestProbe;tests.test_cbm_adapter.TestProjectResolution;tests.test_cbm_adapter.TestRedactArgv;tests.test_cbm_adapter.TestSchemaDrift;tests.test_cbm_adapter.TestStdoutCorruption;tests.test_cbm_adapter.TestTimeoutAndEvidenceDefaults;tests.test_cbm_adapter.TestTimeoutAndOrphans;tests.test_cbm_adapter.TestVersionGate;tests.test_cbm_exact_compatibility.TestCallerCannotLie;tests.test_cbm_exact_compatibility.TestExactMatchPermitsFakeBinary;tests.test_cbm_exact_compatibility.TestExplicitIndexGating;tests.test_cbm_exact_compatibility.TestLegacyUnchanged;tests.test_cbm_exact_compatibility.TestMissingEvidence;tests.test_cbm_exact_compatibility.TestPartialContextNoDowngrade;tests.test_cbm_exact_compatibility.TestProbeConcurrency;tests.test_cbm_exact_compatibility.TestProbeDistinction;tests.test_cbm_exact_compatibility.TestRefusalRecovery;tests.test_cbm_exact_compatibility.TestStrictCtorCommandValidation;tests.test_cbm_exact_compatibility.TestStrictPathAndCtorValidation;tests.test_cbm_exact_compatibility.TestTrustNormalizationSafety;tests.test_cbm_managed_provider.TestInjectionContract;tests.test_cbm_managed_provider.TestLedgerFailurePublication;tests.test_cbm_managed_provider.TestManagedProbeAdvertisement;tests.test_cbm_managed_provider.TestManagedReceiptRobustness;tests.test_cbm_managed_provider.TestManagedRoutingZeroSpawn;tests.test_cbm_managed_provider.TestNativeHeadProof;tests.test_cbm_managed_provider.TestPriorBindingHeadRegression;tests.test_cbm_managed_provider.TestRealManagedRuntime;tests.test_cbm_snapshot_p2.TestCoverageStaleness;tests.test_cbm_snapshot_p2.TestFreshBinding;tests.test_cbm_snapshot_p2.TestMigrationV6ToV7;tests.test_cbm_snapshot_p2.TestRunPersistenceRobustness;tests.test_cbm_snapshot_p2.TestSnapshotMatchContract;tests.test_cbm_snapshot_p2.TestStalenessDowngrade;tests.test_cbm_snapshot_p2.TestUnknownFailClosed;tests.test_cbm_store;tests.test_managed_execution;tests.test_managed_read_dispatch;tests.test_managed_transport;tests.test_provider_compatibility.TestEnvelopeValidateGuards;tests.test_provider_compatibility.TestExactArtifactCompatibility;tests.test_provider_compatibility.TestExplicitUnknownAndUnsupported;tests.test_provider_compatibility.TestMissingOrDegradedIdentity;tests.test_provider_compatibility.TestNonStringIdentityFields;tests.test_provider_compatibility.TestRecordSchemaVersion;tests.test_provider_compatibility.TestSerializationBackwardCompatible;tests.test_provider_compatibility.TestThreadSafety;tests.test_provider_compatibility.TestValidationBounded;tests.test_provider_compatibility.TestVersionMasqueradeRejected;tests.test_provider_contract.TestEvidenceEnvelope;tests.test_providers_registry.TestCliProviders;tests.test_providers_registry.TestDetect;tests.test_providers_registry.TestResolveCapability;tests.test_trusted_managed_config
F10-01,F10,Assurance receipt và lineage,Scope unique fresh covered,Assured chỉ within scope,đã truy tìm nhánh và test liên quan chưa chứng minh toàn bộ tình huống,,tests.test_assurance_state.TestAssuranceState;tests.test_collection_accounting.TestDigestStability;tests.test_collection_accounting.TestEdgesCapAccounting;tests.test_collection_accounting.TestEvidenceCapAccounting;tests.test_collection_accounting.TestLedgerRunsCapAccounting;tests.test_collection_accounting.TestReconcileProvenance;tests.test_collection_accounting.TestTransportTrimInterplay;tests.test_coverage_manifest.TestScopeManifest;tests.test_lineage_chain.TestLineageChain;tests.test_mcp_receipt_tools.McpReceiptToolsTests;tests.test_p6_ledger.TestCliQueryPersistsLedger;tests.test_p6_ledger.TestLedgerAppendOnly;tests.test_p6_ledger.TestMcpWritePath;tests.test_p6_ledger.TestPurgeIsolation;tests.test_p6_ledger.TestReceiptReplay;tests.test_p6_ledger.TestUnionByIdentity;tests.test_p7_receipts.TestCliSurface;tests.test_p7_receipts.TestClosureDecision;tests.test_p7_receipts.TestDiffReceipt;tests.test_p7_receipts.TestReceiptTruncationHonesty;tests.test_p7_receipts.TestRenameGate;tests.test_p7_receipts.TestRiskRules;tests.test_p7_receipts.TestScopeReceipt;tests.test_scope_receipt_multi.TestMultiScopeReceipt;tests.test_scope_receipt_recovery.TestCliRendering;tests.test_scope_receipt_recovery.TestIdentityRecovery;tests.test_sg205_receipt_explorer
F10-02,F10,Assurance receipt và lineage,Scope missing ambiguous hoặc partial targets,Không nâng thành assured,đã truy tìm nhánh và test liên quan chưa chứng minh toàn bộ tình huống,,tests.test_assurance_state.TestAssuranceState;tests.test_collection_accounting.TestDigestStability;tests.test_collection_accounting.TestEdgesCapAccounting;tests.test_collection_accounting.TestEvidenceCapAccounting;tests.test_collection_accounting.TestLedgerRunsCapAccounting;tests.test_collection_accounting.TestReconcileProvenance;tests.test_collection_accounting.TestTransportTrimInterplay;tests.test_coverage_manifest.TestScopeManifest;tests.test_lineage_chain.TestLineageChain;tests.test_mcp_receipt_tools.McpReceiptToolsTests;tests.test_p6_ledger.TestCliQueryPersistsLedger;tests.test_p6_ledger.TestLedgerAppendOnly;tests.test_p6_ledger.TestMcpWritePath;tests.test_p6_ledger.TestPurgeIsolation;tests.test_p6_ledger.TestReceiptReplay;tests.test_p6_ledger.TestUnionByIdentity;tests.test_p7_receipts.TestCliSurface;tests.test_p7_receipts.TestClosureDecision;tests.test_p7_receipts.TestDiffReceipt;tests.test_p7_receipts.TestReceiptTruncationHonesty;tests.test_p7_receipts.TestRenameGate;tests.test_p7_receipts.TestRiskRules;tests.test_p7_receipts.TestScopeReceipt;tests.test_scope_receipt_multi.TestMultiScopeReceipt;tests.test_scope_receipt_recovery.TestCliRendering;tests.test_scope_receipt_recovery.TestIdentityRecovery;tests.test_sg205_receipt_explorer
F10-03,F10,Assurance receipt và lineage,Thay đổi HEAD giữa pre và post receipt,Lineage mismatch được báo,đã truy tìm nhánh và test liên quan chưa chứng minh toàn bộ tình huống,,tests.test_assurance_state.TestAssuranceState;tests.test_collection_accounting.TestDigestStability;tests.test_collection_accounting.TestEdgesCapAccounting;tests.test_collection_accounting.TestEvidenceCapAccounting;tests.test_collection_accounting.TestLedgerRunsCapAccounting;tests.test_collection_accounting.TestReconcileProvenance;tests.test_collection_accounting.TestTransportTrimInterplay;tests.test_coverage_manifest.TestScopeManifest;tests.test_lineage_chain.TestLineageChain;tests.test_mcp_receipt_tools.McpReceiptToolsTests;tests.test_p6_ledger.TestCliQueryPersistsLedger;tests.test_p6_ledger.TestLedgerAppendOnly;tests.test_p6_ledger.TestMcpWritePath;tests.test_p6_ledger.TestPurgeIsolation;tests.test_p6_ledger.TestReceiptReplay;tests.test_p6_ledger.TestUnionByIdentity;tests.test_p7_receipts.TestCliSurface;tests.test_p7_receipts.TestClosureDecision;tests.test_p7_receipts.TestDiffReceipt;tests.test_p7_receipts.TestReceiptTruncationHonesty;tests.test_p7_receipts.TestRenameGate;tests.test_p7_receipts.TestRiskRules;tests.test_p7_receipts.TestScopeReceipt;tests.test_scope_receipt_multi.TestMultiScopeReceipt;tests.test_scope_receipt_recovery.TestCliRendering;tests.test_scope_receipt_recovery.TestIdentityRecovery;tests.test_sg205_receipt_explorer
F10-04,F10,Assurance receipt và lineage,Receipt digest sửa tay hoặc schema tương lai,Reject tampering hoặc unsupported version,đã truy tìm nhánh và test liên quan chưa chứng minh toàn bộ tình huống,,tests.test_assurance_state.TestAssuranceState;tests.test_collection_accounting.TestDigestStability;tests.test_collection_accounting.TestEdgesCapAccounting;tests.test_collection_accounting.TestEvidenceCapAccounting;tests.test_collection_accounting.TestLedgerRunsCapAccounting;tests.test_collection_accounting.TestReconcileProvenance;tests.test_collection_accounting.TestTransportTrimInterplay;tests.test_coverage_manifest.TestScopeManifest;tests.test_lineage_chain.TestLineageChain;tests.test_mcp_receipt_tools.McpReceiptToolsTests;tests.test_p6_ledger.TestCliQueryPersistsLedger;tests.test_p6_ledger.TestLedgerAppendOnly;tests.test_p6_ledger.TestMcpWritePath;tests.test_p6_ledger.TestPurgeIsolation;tests.test_p6_ledger.TestReceiptReplay;tests.test_p6_ledger.TestUnionByIdentity;tests.test_p7_receipts.TestCliSurface;tests.test_p7_receipts.TestClosureDecision;tests.test_p7_receipts.TestDiffReceipt;tests.test_p7_receipts.TestReceiptTruncationHonesty;tests.test_p7_receipts.TestRenameGate;tests.test_p7_receipts.TestRiskRules;tests.test_p7_receipts.TestScopeReceipt;tests.test_scope_receipt_multi.TestMultiScopeReceipt;tests.test_scope_receipt_recovery.TestCliRendering;tests.test_scope_receipt_recovery.TestIdentityRecovery;tests.test_sg205_receipt_explorer
F10-05,F10,Assurance receipt và lineage,Receipt path không tồn tại,Error có cấu trúc không traceback,lỗi hoặc contract cần cải thiện đã tái hiện,missing-receipt,tests.test_assurance_state.TestAssuranceState;tests.test_collection_accounting.TestDigestStability;tests.test_collection_accounting.TestEdgesCapAccounting;tests.test_collection_accounting.TestEvidenceCapAccounting;tests.test_collection_accounting.TestLedgerRunsCapAccounting;tests.test_collection_accounting.TestReconcileProvenance;tests.test_collection_accounting.TestTransportTrimInterplay;tests.test_coverage_manifest.TestScopeManifest;tests.test_lineage_chain.TestLineageChain;tests.test_mcp_receipt_tools.McpReceiptToolsTests;tests.test_p6_ledger.TestCliQueryPersistsLedger;tests.test_p6_ledger.TestLedgerAppendOnly;tests.test_p6_ledger.TestMcpWritePath;tests.test_p6_ledger.TestPurgeIsolation;tests.test_p6_ledger.TestReceiptReplay;tests.test_p6_ledger.TestUnionByIdentity;tests.test_p7_receipts.TestCliSurface;tests.test_p7_receipts.TestClosureDecision;tests.test_p7_receipts.TestDiffReceipt;tests.test_p7_receipts.TestReceiptTruncationHonesty;tests.test_p7_receipts.TestRenameGate;tests.test_p7_receipts.TestRiskRules;tests.test_p7_receipts.TestScopeReceipt;tests.test_scope_receipt_multi.TestMultiScopeReceipt;tests.test_scope_receipt_recovery.TestCliRendering;tests.test_scope_receipt_recovery.TestIdentityRecovery;tests.test_sg205_receipt_explorer
F10-06,F10,Assurance receipt và lineage,Symlink retarget hoặc repo root khác,Không join cross root,đã truy tìm nhánh và test liên quan chưa chứng minh toàn bộ tình huống,,tests.test_assurance_state.TestAssuranceState;tests.test_collection_accounting.TestDigestStability;tests.test_collection_accounting.TestEdgesCapAccounting;tests.test_collection_accounting.TestEvidenceCapAccounting;tests.test_collection_accounting.TestLedgerRunsCapAccounting;tests.test_collection_accounting.TestReconcileProvenance;tests.test_collection_accounting.TestTransportTrimInterplay;tests.test_coverage_manifest.TestScopeManifest;tests.test_lineage_chain.TestLineageChain;tests.test_mcp_receipt_tools.McpReceiptToolsTests;tests.test_p6_ledger.TestCliQueryPersistsLedger;tests.test_p6_ledger.TestLedgerAppendOnly;tests.test_p6_ledger.TestMcpWritePath;tests.test_p6_ledger.TestPurgeIsolation;tests.test_p6_ledger.TestReceiptReplay;tests.test_p6_ledger.TestUnionByIdentity;tests.test_p7_receipts.TestCliSurface;tests.test_p7_receipts.TestClosureDecision;tests.test_p7_receipts.TestDiffReceipt;tests.test_p7_receipts.TestReceiptTruncationHonesty;tests.test_p7_receipts.TestRenameGate;tests.test_p7_receipts.TestRiskRules;tests.test_p7_receipts.TestScopeReceipt;tests.test_scope_receipt_multi.TestMultiScopeReceipt;tests.test_scope_receipt_recovery.TestCliRendering;tests.test_scope_receipt_recovery.TestIdentityRecovery;tests.test_sg205_receipt_explorer
F10-07,F10,Assurance receipt và lineage,Coverage chưa đo hoặc parse failures,UNVERIFIABLE hoặc PARTIAL đúng rule,đã truy tìm nhánh và test liên quan chưa chứng minh toàn bộ tình huống,,tests.test_assurance_state.TestAssuranceState;tests.test_collection_accounting.TestDigestStability;tests.test_collection_accounting.TestEdgesCapAccounting;tests.test_collection_accounting.TestEvidenceCapAccounting;tests.test_collection_accounting.TestLedgerRunsCapAccounting;tests.test_collection_accounting.TestReconcileProvenance;tests.test_collection_accounting.TestTransportTrimInterplay;tests.test_coverage_manifest.TestScopeManifest;tests.test_lineage_chain.TestLineageChain;tests.test_mcp_receipt_tools.McpReceiptToolsTests;tests.test_p6_ledger.TestCliQueryPersistsLedger;tests.test_p6_ledger.TestLedgerAppendOnly;tests.test_p6_ledger.TestMcpWritePath;tests.test_p6_ledger.TestPurgeIsolation;tests.test_p6_ledger.TestReceiptReplay;tests.test_p6_ledger.TestUnionByIdentity;tests.test_p7_receipts.TestCliSurface;tests.test_p7_receipts.TestClosureDecision;tests.test_p7_receipts.TestDiffReceipt;tests.test_p7_receipts.TestReceiptTruncationHonesty;tests.test_p7_receipts.TestRenameGate;tests.test_p7_receipts.TestRiskRules;tests.test_p7_receipts.TestScopeReceipt;tests.test_scope_receipt_multi.TestMultiScopeReceipt;tests.test_scope_receipt_recovery.TestCliRendering;tests.test_scope_receipt_recovery.TestIdentityRecovery;tests.test_sg205_receipt_explorer
F10-08,F10,Assurance receipt và lineage,Response bị trim do resource cap,Degrade assurance cùng collection stats,đã truy tìm nhánh và test liên quan chưa chứng minh toàn bộ tình huống,,tests.test_assurance_state.TestAssuranceState;tests.test_collection_accounting.TestDigestStability;tests.test_collection_accounting.TestEdgesCapAccounting;tests.test_collection_accounting.TestEvidenceCapAccounting;tests.test_collection_accounting.TestLedgerRunsCapAccounting;tests.test_collection_accounting.TestReconcileProvenance;tests.test_collection_accounting.TestTransportTrimInterplay;tests.test_coverage_manifest.TestScopeManifest;tests.test_lineage_chain.TestLineageChain;tests.test_mcp_receipt_tools.McpReceiptToolsTests;tests.test_p6_ledger.TestCliQueryPersistsLedger;tests.test_p6_ledger.TestLedgerAppendOnly;tests.test_p6_ledger.TestMcpWritePath;tests.test_p6_ledger.TestPurgeIsolation;tests.test_p6_ledger.TestReceiptReplay;tests.test_p6_ledger.TestUnionByIdentity;tests.test_p7_receipts.TestCliSurface;tests.test_p7_receipts.TestClosureDecision;tests.test_p7_receipts.TestDiffReceipt;tests.test_p7_receipts.TestReceiptTruncationHonesty;tests.test_p7_receipts.TestRenameGate;tests.test_p7_receipts.TestRiskRules;tests.test_p7_receipts.TestScopeReceipt;tests.test_scope_receipt_multi.TestMultiScopeReceipt;tests.test_scope_receipt_recovery.TestCliRendering;tests.test_scope_receipt_recovery.TestIdentityRecovery;tests.test_sg205_receipt_explorer
F10-09,F10,Assurance receipt và lineage,Unjournaled file hoặc unsupported grammar,Enumeration incomplete công bố,đã truy tìm nhánh và test liên quan chưa chứng minh toàn bộ tình huống,,tests.test_assurance_state.TestAssuranceState;tests.test_collection_accounting.TestDigestStability;tests.test_collection_accounting.TestEdgesCapAccounting;tests.test_collection_accounting.TestEvidenceCapAccounting;tests.test_collection_accounting.TestLedgerRunsCapAccounting;tests.test_collection_accounting.TestReconcileProvenance;tests.test_collection_accounting.TestTransportTrimInterplay;tests.test_coverage_manifest.TestScopeManifest;tests.test_lineage_chain.TestLineageChain;tests.test_mcp_receipt_tools.McpReceiptToolsTests;tests.test_p6_ledger.TestCliQueryPersistsLedger;tests.test_p6_ledger.TestLedgerAppendOnly;tests.test_p6_ledger.TestMcpWritePath;tests.test_p6_ledger.TestPurgeIsolation;tests.test_p6_ledger.TestReceiptReplay;tests.test_p6_ledger.TestUnionByIdentity;tests.test_p7_receipts.TestCliSurface;tests.test_p7_receipts.TestClosureDecision;tests.test_p7_receipts.TestDiffReceipt;tests.test_p7_receipts.TestReceiptTruncationHonesty;tests.test_p7_receipts.TestRenameGate;tests.test_p7_receipts.TestRiskRules;tests.test_p7_receipts.TestScopeReceipt;tests.test_scope_receipt_multi.TestMultiScopeReceipt;tests.test_scope_receipt_recovery.TestCliRendering;tests.test_scope_receipt_recovery.TestIdentityRecovery;tests.test_sg205_receipt_explorer
F10-10,F10,Assurance receipt và lineage,Ledger conflict hoặc stale provider run,CONFLICTED hoặc STALE đúng rule,đã truy tìm nhánh và test liên quan chưa chứng minh toàn bộ tình huống,,tests.test_assurance_state.TestAssuranceState;tests.test_collection_accounting.TestDigestStability;tests.test_collection_accounting.TestEdgesCapAccounting;tests.test_collection_accounting.TestEvidenceCapAccounting;tests.test_collection_accounting.TestLedgerRunsCapAccounting;tests.test_collection_accounting.TestReconcileProvenance;tests.test_collection_accounting.TestTransportTrimInterplay;tests.test_coverage_manifest.TestScopeManifest;tests.test_lineage_chain.TestLineageChain;tests.test_mcp_receipt_tools.McpReceiptToolsTests;tests.test_p6_ledger.TestCliQueryPersistsLedger;tests.test_p6_ledger.TestLedgerAppendOnly;tests.test_p6_ledger.TestMcpWritePath;tests.test_p6_ledger.TestPurgeIsolation;tests.test_p6_ledger.TestReceiptReplay;tests.test_p6_ledger.TestUnionByIdentity;tests.test_p7_receipts.TestCliSurface;tests.test_p7_receipts.TestClosureDecision;tests.test_p7_receipts.TestDiffReceipt;tests.test_p7_receipts.TestReceiptTruncationHonesty;tests.test_p7_receipts.TestRenameGate;tests.test_p7_receipts.TestRiskRules;tests.test_p7_receipts.TestScopeReceipt;tests.test_scope_receipt_multi.TestMultiScopeReceipt;tests.test_scope_receipt_recovery.TestCliRendering;tests.test_scope_receipt_recovery.TestIdentityRecovery;tests.test_sg205_receipt_explorer
F10-11,F10,Assurance receipt và lineage,Store receipt thất bại do disk lock,Không báo đã lưu thành công,đã truy tìm nhánh và test liên quan chưa chứng minh toàn bộ tình huống,,tests.test_assurance_state.TestAssuranceState;tests.test_collection_accounting.TestDigestStability;tests.test_collection_accounting.TestEdgesCapAccounting;tests.test_collection_accounting.TestEvidenceCapAccounting;tests.test_collection_accounting.TestLedgerRunsCapAccounting;tests.test_collection_accounting.TestReconcileProvenance;tests.test_collection_accounting.TestTransportTrimInterplay;tests.test_coverage_manifest.TestScopeManifest;tests.test_lineage_chain.TestLineageChain;tests.test_mcp_receipt_tools.McpReceiptToolsTests;tests.test_p6_ledger.TestCliQueryPersistsLedger;tests.test_p6_ledger.TestLedgerAppendOnly;tests.test_p6_ledger.TestMcpWritePath;tests.test_p6_ledger.TestPurgeIsolation;tests.test_p6_ledger.TestReceiptReplay;tests.test_p6_ledger.TestUnionByIdentity;tests.test_p7_receipts.TestCliSurface;tests.test_p7_receipts.TestClosureDecision;tests.test_p7_receipts.TestDiffReceipt;tests.test_p7_receipts.TestReceiptTruncationHonesty;tests.test_p7_receipts.TestRenameGate;tests.test_p7_receipts.TestRiskRules;tests.test_p7_receipts.TestScopeReceipt;tests.test_scope_receipt_multi.TestMultiScopeReceipt;tests.test_scope_receipt_recovery.TestCliRendering;tests.test_scope_receipt_recovery.TestIdentityRecovery;tests.test_sg205_receipt_explorer
F10-12,F10,Assurance receipt và lineage,Receipt show diff chain thiếu predecessor,Bounded recovery và không hallucinate lineage,đã truy tìm nhánh và test liên quan chưa chứng minh toàn bộ tình huống,,tests.test_assurance_state.TestAssuranceState;tests.test_collection_accounting.TestDigestStability;tests.test_collection_accounting.TestEdgesCapAccounting;tests.test_collection_accounting.TestEvidenceCapAccounting;tests.test_collection_accounting.TestLedgerRunsCapAccounting;tests.test_collection_accounting.TestReconcileProvenance;tests.test_collection_accounting.TestTransportTrimInterplay;tests.test_coverage_manifest.TestScopeManifest;tests.test_lineage_chain.TestLineageChain;tests.test_mcp_receipt_tools.McpReceiptToolsTests;tests.test_p6_ledger.TestCliQueryPersistsLedger;tests.test_p6_ledger.TestLedgerAppendOnly;tests.test_p6_ledger.TestMcpWritePath;tests.test_p6_ledger.TestPurgeIsolation;tests.test_p6_ledger.TestReceiptReplay;tests.test_p6_ledger.TestUnionByIdentity;tests.test_p7_receipts.TestCliSurface;tests.test_p7_receipts.TestClosureDecision;tests.test_p7_receipts.TestDiffReceipt;tests.test_p7_receipts.TestReceiptTruncationHonesty;tests.test_p7_receipts.TestRenameGate;tests.test_p7_receipts.TestRiskRules;tests.test_p7_receipts.TestScopeReceipt;tests.test_scope_receipt_multi.TestMultiScopeReceipt;tests.test_scope_receipt_recovery.TestCliRendering;tests.test_scope_receipt_recovery.TestIdentityRecovery;tests.test_sg205_receipt_explorer
F11-01,F11,Diff impact lịch sử và safe commit,Sửa body và signature API,Map đúng hunk và breaking change,đã truy tìm nhánh và test liên quan chưa chứng minh toàn bộ tình huống,,tests.test_commit_verdict.TestCommitVerdictIntegration;tests.test_commit_verdict.TestCommitVerdictPure;tests.test_diff_impact.TestASTCoordinateMapper;tests.test_diff_impact.TestCLIExecution;tests.test_diff_impact.TestCommitHistoryEngine;tests.test_diff_impact.TestDiffImpactDataModels;tests.test_diff_impact.TestDiffImpactEngine;tests.test_diff_impact.TestDiffImpactGate;tests.test_diff_impact.TestFormatters;tests.test_diff_impact.TestGitDeltaExtractor;tests.test_diff_impact.TestGitDeltaExtractorRangeMergeBase;tests.test_diff_impact.TestIsTestSymbol;tests.test_diff_impact.TestMcpServiceDiffImpact;tests.test_diff_impact.TestStandaloneFunctions;tests.test_diff_impact_github.GithubRendererHonestyTests;tests.test_diff_impact_github.GithubRendererTests;tests.test_history_retention;tests.test_impact_pipeline.TestArchitectureGuard;tests.test_impact_pipeline.TestCollectionFaults;tests.test_impact_pipeline.TestImpactClaimRequest;tests.test_impact_pipeline.TestParityMatrix;tests.test_impact_pipeline.TestReceiptStore;tests.test_impact_pipeline.TestReceiptStoreContract;tests.test_impact_pipeline.TestRunImpactClaim;tests.test_impact_pipeline.TestSurfaceFaultInjection;tests.test_impact_pipeline.TestSurfaceWiring;tests.test_precommit_gate.TestHookBehavior;tests.test_precommit_gate.TestHookInstall;tests.test_resolution_ledger.TestCliRendering;tests.test_resolution_ledger.TestDanglingReferences;tests.test_resolution_ledger.TestDebtMarkersEndToEnd;tests.test_resolution_ledger.TestDispositionMatrix;tests.test_resolution_ledger.TestDispositionWiring;tests.test_resolution_ledger.TestIncompatiblePreExcluded;tests.test_resolution_ledger.TestPreReceiptBindingAudit;tests.test_resolution_ledger.TestScanAddedLines;tests.test_resolution_ledger.TestSchemaBlock;tests.test_resolution_ledger.TestValidateTestResults;tests.test_safe_commit_gate.TestGateStrictCli;tests.test_safe_commit_gate.TestSafeCommitGateIntegration;tests.test_safe_commit_gate.TestSafeCommitVerdictPure;tests.test_safe_commit_gate.TestTestResultsTrustBoundary;tests.test_semantic_breaks.TestSemanticBreaks;tests.test_test_impact_split
F11-02,F11,Diff impact lịch sử và safe commit,Rename hoặc delete file symbol,Giữ tác động theo pre change coordinates,đã truy tìm nhánh và test liên quan chưa chứng minh toàn bộ tình huống,,tests.test_commit_verdict.TestCommitVerdictIntegration;tests.test_commit_verdict.TestCommitVerdictPure;tests.test_diff_impact.TestASTCoordinateMapper;tests.test_diff_impact.TestCLIExecution;tests.test_diff_impact.TestCommitHistoryEngine;tests.test_diff_impact.TestDiffImpactDataModels;tests.test_diff_impact.TestDiffImpactEngine;tests.test_diff_impact.TestDiffImpactGate;tests.test_diff_impact.TestFormatters;tests.test_diff_impact.TestGitDeltaExtractor;tests.test_diff_impact.TestGitDeltaExtractorRangeMergeBase;tests.test_diff_impact.TestIsTestSymbol;tests.test_diff_impact.TestMcpServiceDiffImpact;tests.test_diff_impact.TestStandaloneFunctions;tests.test_diff_impact_github.GithubRendererHonestyTests;tests.test_diff_impact_github.GithubRendererTests;tests.test_history_retention;tests.test_impact_pipeline.TestArchitectureGuard;tests.test_impact_pipeline.TestCollectionFaults;tests.test_impact_pipeline.TestImpactClaimRequest;tests.test_impact_pipeline.TestParityMatrix;tests.test_impact_pipeline.TestReceiptStore;tests.test_impact_pipeline.TestReceiptStoreContract;tests.test_impact_pipeline.TestRunImpactClaim;tests.test_impact_pipeline.TestSurfaceFaultInjection;tests.test_impact_pipeline.TestSurfaceWiring;tests.test_precommit_gate.TestHookBehavior;tests.test_precommit_gate.TestHookInstall;tests.test_resolution_ledger.TestCliRendering;tests.test_resolution_ledger.TestDanglingReferences;tests.test_resolution_ledger.TestDebtMarkersEndToEnd;tests.test_resolution_ledger.TestDispositionMatrix;tests.test_resolution_ledger.TestDispositionWiring;tests.test_resolution_ledger.TestIncompatiblePreExcluded;tests.test_resolution_ledger.TestPreReceiptBindingAudit;tests.test_resolution_ledger.TestScanAddedLines;tests.test_resolution_ledger.TestSchemaBlock;tests.test_resolution_ledger.TestValidateTestResults;tests.test_safe_commit_gate.TestGateStrictCli;tests.test_safe_commit_gate.TestSafeCommitGateIntegration;tests.test_safe_commit_gate.TestSafeCommitVerdictPure;tests.test_safe_commit_gate.TestTestResultsTrustBoundary;tests.test_semantic_breaks.TestSemanticBreaks;tests.test_test_impact_split
F11-03,F11,Diff impact lịch sử và safe commit,Staged unstaged và untracked,Chọn đúng diff universe,đã truy tìm nhánh và test liên quan chưa chứng minh toàn bộ tình huống,,tests.test_commit_verdict.TestCommitVerdictIntegration;tests.test_commit_verdict.TestCommitVerdictPure;tests.test_diff_impact.TestASTCoordinateMapper;tests.test_diff_impact.TestCLIExecution;tests.test_diff_impact.TestCommitHistoryEngine;tests.test_diff_impact.TestDiffImpactDataModels;tests.test_diff_impact.TestDiffImpactEngine;tests.test_diff_impact.TestDiffImpactGate;tests.test_diff_impact.TestFormatters;tests.test_diff_impact.TestGitDeltaExtractor;tests.test_diff_impact.TestGitDeltaExtractorRangeMergeBase;tests.test_diff_impact.TestIsTestSymbol;tests.test_diff_impact.TestMcpServiceDiffImpact;tests.test_diff_impact.TestStandaloneFunctions;tests.test_diff_impact_github.GithubRendererHonestyTests;tests.test_diff_impact_github.GithubRendererTests;tests.test_history_retention;tests.test_impact_pipeline.TestArchitectureGuard;tests.test_impact_pipeline.TestCollectionFaults;tests.test_impact_pipeline.TestImpactClaimRequest;tests.test_impact_pipeline.TestParityMatrix;tests.test_impact_pipeline.TestReceiptStore;tests.test_impact_pipeline.TestReceiptStoreContract;tests.test_impact_pipeline.TestRunImpactClaim;tests.test_impact_pipeline.TestSurfaceFaultInjection;tests.test_impact_pipeline.TestSurfaceWiring;tests.test_precommit_gate.TestHookBehavior;tests.test_precommit_gate.TestHookInstall;tests.test_resolution_ledger.TestCliRendering;tests.test_resolution_ledger.TestDanglingReferences;tests.test_resolution_ledger.TestDebtMarkersEndToEnd;tests.test_resolution_ledger.TestDispositionMatrix;tests.test_resolution_ledger.TestDispositionWiring;tests.test_resolution_ledger.TestIncompatiblePreExcluded;tests.test_resolution_ledger.TestPreReceiptBindingAudit;tests.test_resolution_ledger.TestScanAddedLines;tests.test_resolution_ledger.TestSchemaBlock;tests.test_resolution_ledger.TestValidateTestResults;tests.test_safe_commit_gate.TestGateStrictCli;tests.test_safe_commit_gate.TestSafeCommitGateIntegration;tests.test_safe_commit_gate.TestSafeCommitVerdictPure;tests.test_safe_commit_gate.TestTestResultsTrustBoundary;tests.test_semantic_breaks.TestSemanticBreaks;tests.test_test_impact_split
F11-04,F11,Diff impact lịch sử và safe commit,Repo không Git hoặc ref không tồn tại,Collection error rõ thay vì LOW risk rỗng,lỗi hoặc contract cần cải thiện đã tái hiện,invalid-revision,tests.test_commit_verdict.TestCommitVerdictIntegration;tests.test_commit_verdict.TestCommitVerdictPure;tests.test_diff_impact.TestASTCoordinateMapper;tests.test_diff_impact.TestCLIExecution;tests.test_diff_impact.TestCommitHistoryEngine;tests.test_diff_impact.TestDiffImpactDataModels;tests.test_diff_impact.TestDiffImpactEngine;tests.test_diff_impact.TestDiffImpactGate;tests.test_diff_impact.TestFormatters;tests.test_diff_impact.TestGitDeltaExtractor;tests.test_diff_impact.TestGitDeltaExtractorRangeMergeBase;tests.test_diff_impact.TestIsTestSymbol;tests.test_diff_impact.TestMcpServiceDiffImpact;tests.test_diff_impact.TestStandaloneFunctions;tests.test_diff_impact_github.GithubRendererHonestyTests;tests.test_diff_impact_github.GithubRendererTests;tests.test_history_retention;tests.test_impact_pipeline.TestArchitectureGuard;tests.test_impact_pipeline.TestCollectionFaults;tests.test_impact_pipeline.TestImpactClaimRequest;tests.test_impact_pipeline.TestParityMatrix;tests.test_impact_pipeline.TestReceiptStore;tests.test_impact_pipeline.TestReceiptStoreContract;tests.test_impact_pipeline.TestRunImpactClaim;tests.test_impact_pipeline.TestSurfaceFaultInjection;tests.test_impact_pipeline.TestSurfaceWiring;tests.test_precommit_gate.TestHookBehavior;tests.test_precommit_gate.TestHookInstall;tests.test_resolution_ledger.TestCliRendering;tests.test_resolution_ledger.TestDanglingReferences;tests.test_resolution_ledger.TestDebtMarkersEndToEnd;tests.test_resolution_ledger.TestDispositionMatrix;tests.test_resolution_ledger.TestDispositionWiring;tests.test_resolution_ledger.TestIncompatiblePreExcluded;tests.test_resolution_ledger.TestPreReceiptBindingAudit;tests.test_resolution_ledger.TestScanAddedLines;tests.test_resolution_ledger.TestSchemaBlock;tests.test_resolution_ledger.TestValidateTestResults;tests.test_safe_commit_gate.TestGateStrictCli;tests.test_safe_commit_gate.TestSafeCommitGateIntegration;tests.test_safe_commit_gate.TestSafeCommitVerdictPure;tests.test_safe_commit_gate.TestTestResultsTrustBoundary;tests.test_semantic_breaks.TestSemanticBreaks;tests.test_test_impact_split
F11-05,F11,Diff impact lịch sử và safe commit,Root commit không có parent,Git show fallback hợp lệ không false error,đã kiểm chứng bằng probe tương ứng,single-commit-default,tests.test_commit_verdict.TestCommitVerdictIntegration;tests.test_commit_verdict.TestCommitVerdictPure;tests.test_diff_impact.TestASTCoordinateMapper;tests.test_diff_impact.TestCLIExecution;tests.test_diff_impact.TestCommitHistoryEngine;tests.test_diff_impact.TestDiffImpactDataModels;tests.test_diff_impact.TestDiffImpactEngine;tests.test_diff_impact.TestDiffImpactGate;tests.test_diff_impact.TestFormatters;tests.test_diff_impact.TestGitDeltaExtractor;tests.test_diff_impact.TestGitDeltaExtractorRangeMergeBase;tests.test_diff_impact.TestIsTestSymbol;tests.test_diff_impact.TestMcpServiceDiffImpact;tests.test_diff_impact.TestStandaloneFunctions;tests.test_diff_impact_github.GithubRendererHonestyTests;tests.test_diff_impact_github.GithubRendererTests;tests.test_history_retention;tests.test_impact_pipeline.TestArchitectureGuard;tests.test_impact_pipeline.TestCollectionFaults;tests.test_impact_pipeline.TestImpactClaimRequest;tests.test_impact_pipeline.TestParityMatrix;tests.test_impact_pipeline.TestReceiptStore;tests.test_impact_pipeline.TestReceiptStoreContract;tests.test_impact_pipeline.TestRunImpactClaim;tests.test_impact_pipeline.TestSurfaceFaultInjection;tests.test_impact_pipeline.TestSurfaceWiring;tests.test_precommit_gate.TestHookBehavior;tests.test_precommit_gate.TestHookInstall;tests.test_resolution_ledger.TestCliRendering;tests.test_resolution_ledger.TestDanglingReferences;tests.test_resolution_ledger.TestDebtMarkersEndToEnd;tests.test_resolution_ledger.TestDispositionMatrix;tests.test_resolution_ledger.TestDispositionWiring;tests.test_resolution_ledger.TestIncompatiblePreExcluded;tests.test_resolution_ledger.TestPreReceiptBindingAudit;tests.test_resolution_ledger.TestScanAddedLines;tests.test_resolution_ledger.TestSchemaBlock;tests.test_resolution_ledger.TestValidateTestResults;tests.test_safe_commit_gate.TestGateStrictCli;tests.test_safe_commit_gate.TestSafeCommitGateIntegration;tests.test_safe_commit_gate.TestSafeCommitVerdictPure;tests.test_safe_commit_gate.TestTestResultsTrustBoundary;tests.test_semantic_breaks.TestSemanticBreaks;tests.test_test_impact_split
F11-06,F11,Diff impact lịch sử và safe commit,Filename quote tab newline backslash Unicode,Parse Git C quoting hoặc NUL đúng,đã truy tìm nhánh và test liên quan chưa chứng minh toàn bộ tình huống,,tests.test_commit_verdict.TestCommitVerdictIntegration;tests.test_commit_verdict.TestCommitVerdictPure;tests.test_diff_impact.TestASTCoordinateMapper;tests.test_diff_impact.TestCLIExecution;tests.test_diff_impact.TestCommitHistoryEngine;tests.test_diff_impact.TestDiffImpactDataModels;tests.test_diff_impact.TestDiffImpactEngine;tests.test_diff_impact.TestDiffImpactGate;tests.test_diff_impact.TestFormatters;tests.test_diff_impact.TestGitDeltaExtractor;tests.test_diff_impact.TestGitDeltaExtractorRangeMergeBase;tests.test_diff_impact.TestIsTestSymbol;tests.test_diff_impact.TestMcpServiceDiffImpact;tests.test_diff_impact.TestStandaloneFunctions;tests.test_diff_impact_github.GithubRendererHonestyTests;tests.test_diff_impact_github.GithubRendererTests;tests.test_history_retention;tests.test_impact_pipeline.TestArchitectureGuard;tests.test_impact_pipeline.TestCollectionFaults;tests.test_impact_pipeline.TestImpactClaimRequest;tests.test_impact_pipeline.TestParityMatrix;tests.test_impact_pipeline.TestReceiptStore;tests.test_impact_pipeline.TestReceiptStoreContract;tests.test_impact_pipeline.TestRunImpactClaim;tests.test_impact_pipeline.TestSurfaceFaultInjection;tests.test_impact_pipeline.TestSurfaceWiring;tests.test_precommit_gate.TestHookBehavior;tests.test_precommit_gate.TestHookInstall;tests.test_resolution_ledger.TestCliRendering;tests.test_resolution_ledger.TestDanglingReferences;tests.test_resolution_ledger.TestDebtMarkersEndToEnd;tests.test_resolution_ledger.TestDispositionMatrix;tests.test_resolution_ledger.TestDispositionWiring;tests.test_resolution_ledger.TestIncompatiblePreExcluded;tests.test_resolution_ledger.TestPreReceiptBindingAudit;tests.test_resolution_ledger.TestScanAddedLines;tests.test_resolution_ledger.TestSchemaBlock;tests.test_resolution_ledger.TestValidateTestResults;tests.test_safe_commit_gate.TestGateStrictCli;tests.test_safe_commit_gate.TestSafeCommitGateIntegration;tests.test_safe_commit_gate.TestSafeCommitVerdictPure;tests.test_safe_commit_gate.TestTestResultsTrustBoundary;tests.test_semantic_breaks.TestSemanticBreaks;tests.test_test_impact_split
F11-07,F11,Diff impact lịch sử và safe commit,Binary mode only và submodule changes,Công bố unmapped artifact,đã truy tìm nhánh và test liên quan chưa chứng minh toàn bộ tình huống,,tests.test_commit_verdict.TestCommitVerdictIntegration;tests.test_commit_verdict.TestCommitVerdictPure;tests.test_diff_impact.TestASTCoordinateMapper;tests.test_diff_impact.TestCLIExecution;tests.test_diff_impact.TestCommitHistoryEngine;tests.test_diff_impact.TestDiffImpactDataModels;tests.test_diff_impact.TestDiffImpactEngine;tests.test_diff_impact.TestDiffImpactGate;tests.test_diff_impact.TestFormatters;tests.test_diff_impact.TestGitDeltaExtractor;tests.test_diff_impact.TestGitDeltaExtractorRangeMergeBase;tests.test_diff_impact.TestIsTestSymbol;tests.test_diff_impact.TestMcpServiceDiffImpact;tests.test_diff_impact.TestStandaloneFunctions;tests.test_diff_impact_github.GithubRendererHonestyTests;tests.test_diff_impact_github.GithubRendererTests;tests.test_history_retention;tests.test_impact_pipeline.TestArchitectureGuard;tests.test_impact_pipeline.TestCollectionFaults;tests.test_impact_pipeline.TestImpactClaimRequest;tests.test_impact_pipeline.TestParityMatrix;tests.test_impact_pipeline.TestReceiptStore;tests.test_impact_pipeline.TestReceiptStoreContract;tests.test_impact_pipeline.TestRunImpactClaim;tests.test_impact_pipeline.TestSurfaceFaultInjection;tests.test_impact_pipeline.TestSurfaceWiring;tests.test_precommit_gate.TestHookBehavior;tests.test_precommit_gate.TestHookInstall;tests.test_resolution_ledger.TestCliRendering;tests.test_resolution_ledger.TestDanglingReferences;tests.test_resolution_ledger.TestDebtMarkersEndToEnd;tests.test_resolution_ledger.TestDispositionMatrix;tests.test_resolution_ledger.TestDispositionWiring;tests.test_resolution_ledger.TestIncompatiblePreExcluded;tests.test_resolution_ledger.TestPreReceiptBindingAudit;tests.test_resolution_ledger.TestScanAddedLines;tests.test_resolution_ledger.TestSchemaBlock;tests.test_resolution_ledger.TestValidateTestResults;tests.test_safe_commit_gate.TestGateStrictCli;tests.test_safe_commit_gate.TestSafeCommitGateIntegration;tests.test_safe_commit_gate.TestSafeCommitVerdictPure;tests.test_safe_commit_gate.TestTestResultsTrustBoundary;tests.test_semantic_breaks.TestSemanticBreaks;tests.test_test_impact_split
F11-08,F11,Diff impact lịch sử và safe commit,Depth cap và graph cycle,Bounded traversal và omission rõ,đã truy tìm nhánh và test liên quan chưa chứng minh toàn bộ tình huống,,tests.test_commit_verdict.TestCommitVerdictIntegration;tests.test_commit_verdict.TestCommitVerdictPure;tests.test_diff_impact.TestASTCoordinateMapper;tests.test_diff_impact.TestCLIExecution;tests.test_diff_impact.TestCommitHistoryEngine;tests.test_diff_impact.TestDiffImpactDataModels;tests.test_diff_impact.TestDiffImpactEngine;tests.test_diff_impact.TestDiffImpactGate;tests.test_diff_impact.TestFormatters;tests.test_diff_impact.TestGitDeltaExtractor;tests.test_diff_impact.TestGitDeltaExtractorRangeMergeBase;tests.test_diff_impact.TestIsTestSymbol;tests.test_diff_impact.TestMcpServiceDiffImpact;tests.test_diff_impact.TestStandaloneFunctions;tests.test_diff_impact_github.GithubRendererHonestyTests;tests.test_diff_impact_github.GithubRendererTests;tests.test_history_retention;tests.test_impact_pipeline.TestArchitectureGuard;tests.test_impact_pipeline.TestCollectionFaults;tests.test_impact_pipeline.TestImpactClaimRequest;tests.test_impact_pipeline.TestParityMatrix;tests.test_impact_pipeline.TestReceiptStore;tests.test_impact_pipeline.TestReceiptStoreContract;tests.test_impact_pipeline.TestRunImpactClaim;tests.test_impact_pipeline.TestSurfaceFaultInjection;tests.test_impact_pipeline.TestSurfaceWiring;tests.test_precommit_gate.TestHookBehavior;tests.test_precommit_gate.TestHookInstall;tests.test_resolution_ledger.TestCliRendering;tests.test_resolution_ledger.TestDanglingReferences;tests.test_resolution_ledger.TestDebtMarkersEndToEnd;tests.test_resolution_ledger.TestDispositionMatrix;tests.test_resolution_ledger.TestDispositionWiring;tests.test_resolution_ledger.TestIncompatiblePreExcluded;tests.test_resolution_ledger.TestPreReceiptBindingAudit;tests.test_resolution_ledger.TestScanAddedLines;tests.test_resolution_ledger.TestSchemaBlock;tests.test_resolution_ledger.TestValidateTestResults;tests.test_safe_commit_gate.TestGateStrictCli;tests.test_safe_commit_gate.TestSafeCommitGateIntegration;tests.test_safe_commit_gate.TestSafeCommitVerdictPure;tests.test_safe_commit_gate.TestTestResultsTrustBoundary;tests.test_semantic_breaks.TestSemanticBreaks;tests.test_test_impact_split
F11-09,F11,Diff impact lịch sử và safe commit,Test shaped callers và fixture code,Candidate tests khác production impact,đã truy tìm nhánh và test liên quan chưa chứng minh toàn bộ tình huống,,tests.test_commit_verdict.TestCommitVerdictIntegration;tests.test_commit_verdict.TestCommitVerdictPure;tests.test_diff_impact.TestASTCoordinateMapper;tests.test_diff_impact.TestCLIExecution;tests.test_diff_impact.TestCommitHistoryEngine;tests.test_diff_impact.TestDiffImpactDataModels;tests.test_diff_impact.TestDiffImpactEngine;tests.test_diff_impact.TestDiffImpactGate;tests.test_diff_impact.TestFormatters;tests.test_diff_impact.TestGitDeltaExtractor;tests.test_diff_impact.TestGitDeltaExtractorRangeMergeBase;tests.test_diff_impact.TestIsTestSymbol;tests.test_diff_impact.TestMcpServiceDiffImpact;tests.test_diff_impact.TestStandaloneFunctions;tests.test_diff_impact_github.GithubRendererHonestyTests;tests.test_diff_impact_github.GithubRendererTests;tests.test_history_retention;tests.test_impact_pipeline.TestArchitectureGuard;tests.test_impact_pipeline.TestCollectionFaults;tests.test_impact_pipeline.TestImpactClaimRequest;tests.test_impact_pipeline.TestParityMatrix;tests.test_impact_pipeline.TestReceiptStore;tests.test_impact_pipeline.TestReceiptStoreContract;tests.test_impact_pipeline.TestRunImpactClaim;tests.test_impact_pipeline.TestSurfaceFaultInjection;tests.test_impact_pipeline.TestSurfaceWiring;tests.test_precommit_gate.TestHookBehavior;tests.test_precommit_gate.TestHookInstall;tests.test_resolution_ledger.TestCliRendering;tests.test_resolution_ledger.TestDanglingReferences;tests.test_resolution_ledger.TestDebtMarkersEndToEnd;tests.test_resolution_ledger.TestDispositionMatrix;tests.test_resolution_ledger.TestDispositionWiring;tests.test_resolution_ledger.TestIncompatiblePreExcluded;tests.test_resolution_ledger.TestPreReceiptBindingAudit;tests.test_resolution_ledger.TestScanAddedLines;tests.test_resolution_ledger.TestSchemaBlock;tests.test_resolution_ledger.TestValidateTestResults;tests.test_safe_commit_gate.TestGateStrictCli;tests.test_safe_commit_gate.TestSafeCommitGateIntegration;tests.test_safe_commit_gate.TestSafeCommitVerdictPure;tests.test_safe_commit_gate.TestTestResultsTrustBoundary;tests.test_semantic_breaks.TestSemanticBreaks;tests.test_test_impact_split
F11-10,F11,Diff impact lịch sử và safe commit,Getattr args kwargs re export và non Python semantic breaks,Công bố blind spots không khẳng định no break,đã truy tìm nhánh và test liên quan chưa chứng minh toàn bộ tình huống,,tests.test_commit_verdict.TestCommitVerdictIntegration;tests.test_commit_verdict.TestCommitVerdictPure;tests.test_diff_impact.TestASTCoordinateMapper;tests.test_diff_impact.TestCLIExecution;tests.test_diff_impact.TestCommitHistoryEngine;tests.test_diff_impact.TestDiffImpactDataModels;tests.test_diff_impact.TestDiffImpactEngine;tests.test_diff_impact.TestDiffImpactGate;tests.test_diff_impact.TestFormatters;tests.test_diff_impact.TestGitDeltaExtractor;tests.test_diff_impact.TestGitDeltaExtractorRangeMergeBase;tests.test_diff_impact.TestIsTestSymbol;tests.test_diff_impact.TestMcpServiceDiffImpact;tests.test_diff_impact.TestStandaloneFunctions;tests.test_diff_impact_github.GithubRendererHonestyTests;tests.test_diff_impact_github.GithubRendererTests;tests.test_history_retention;tests.test_impact_pipeline.TestArchitectureGuard;tests.test_impact_pipeline.TestCollectionFaults;tests.test_impact_pipeline.TestImpactClaimRequest;tests.test_impact_pipeline.TestParityMatrix;tests.test_impact_pipeline.TestReceiptStore;tests.test_impact_pipeline.TestReceiptStoreContract;tests.test_impact_pipeline.TestRunImpactClaim;tests.test_impact_pipeline.TestSurfaceFaultInjection;tests.test_impact_pipeline.TestSurfaceWiring;tests.test_precommit_gate.TestHookBehavior;tests.test_precommit_gate.TestHookInstall;tests.test_resolution_ledger.TestCliRendering;tests.test_resolution_ledger.TestDanglingReferences;tests.test_resolution_ledger.TestDebtMarkersEndToEnd;tests.test_resolution_ledger.TestDispositionMatrix;tests.test_resolution_ledger.TestDispositionWiring;tests.test_resolution_ledger.TestIncompatiblePreExcluded;tests.test_resolution_ledger.TestPreReceiptBindingAudit;tests.test_resolution_ledger.TestScanAddedLines;tests.test_resolution_ledger.TestSchemaBlock;tests.test_resolution_ledger.TestValidateTestResults;tests.test_safe_commit_gate.TestGateStrictCli;tests.test_safe_commit_gate.TestSafeCommitGateIntegration;tests.test_safe_commit_gate.TestSafeCommitVerdictPure;tests.test_safe_commit_gate.TestTestResultsTrustBoundary;tests.test_semantic_breaks.TestSemanticBreaks;tests.test_test_impact_split
F11-11,F11,Diff impact lịch sử và safe commit,Caller supplied test report giả provenance,Không coi như verified execution,đã truy tìm nhánh và test liên quan chưa chứng minh toàn bộ tình huống,,tests.test_commit_verdict.TestCommitVerdictIntegration;tests.test_commit_verdict.TestCommitVerdictPure;tests.test_diff_impact.TestASTCoordinateMapper;tests.test_diff_impact.TestCLIExecution;tests.test_diff_impact.TestCommitHistoryEngine;tests.test_diff_impact.TestDiffImpactDataModels;tests.test_diff_impact.TestDiffImpactEngine;tests.test_diff_impact.TestDiffImpactGate;tests.test_diff_impact.TestFormatters;tests.test_diff_impact.TestGitDeltaExtractor;tests.test_diff_impact.TestGitDeltaExtractorRangeMergeBase;tests.test_diff_impact.TestIsTestSymbol;tests.test_diff_impact.TestMcpServiceDiffImpact;tests.test_diff_impact.TestStandaloneFunctions;tests.test_diff_impact_github.GithubRendererHonestyTests;tests.test_diff_impact_github.GithubRendererTests;tests.test_history_retention;tests.test_impact_pipeline.TestArchitectureGuard;tests.test_impact_pipeline.TestCollectionFaults;tests.test_impact_pipeline.TestImpactClaimRequest;tests.test_impact_pipeline.TestParityMatrix;tests.test_impact_pipeline.TestReceiptStore;tests.test_impact_pipeline.TestReceiptStoreContract;tests.test_impact_pipeline.TestRunImpactClaim;tests.test_impact_pipeline.TestSurfaceFaultInjection;tests.test_impact_pipeline.TestSurfaceWiring;tests.test_precommit_gate.TestHookBehavior;tests.test_precommit_gate.TestHookInstall;tests.test_resolution_ledger.TestCliRendering;tests.test_resolution_ledger.TestDanglingReferences;tests.test_resolution_ledger.TestDebtMarkersEndToEnd;tests.test_resolution_ledger.TestDispositionMatrix;tests.test_resolution_ledger.TestDispositionWiring;tests.test_resolution_ledger.TestIncompatiblePreExcluded;tests.test_resolution_ledger.TestPreReceiptBindingAudit;tests.test_resolution_ledger.TestScanAddedLines;tests.test_resolution_ledger.TestSchemaBlock;tests.test_resolution_ledger.TestValidateTestResults;tests.test_safe_commit_gate.TestGateStrictCli;tests.test_safe_commit_gate.TestSafeCommitGateIntegration;tests.test_safe_commit_gate.TestSafeCommitVerdictPure;tests.test_safe_commit_gate.TestTestResultsTrustBoundary;tests.test_semantic_breaks.TestSemanticBreaks;tests.test_test_impact_split
F11-12,F11,Diff impact lịch sử và safe commit,Gate timeout SIGALRM hoặc Windows no SIGALRM,Policy advisory strict được công bố và fail closed khi yêu cầu,đã truy tìm nhánh và test liên quan chưa chứng minh toàn bộ tình huống,,tests.test_commit_verdict.TestCommitVerdictIntegration;tests.test_commit_verdict.TestCommitVerdictPure;tests.test_diff_impact.TestASTCoordinateMapper;tests.test_diff_impact.TestCLIExecution;tests.test_diff_impact.TestCommitHistoryEngine;tests.test_diff_impact.TestDiffImpactDataModels;tests.test_diff_impact.TestDiffImpactEngine;tests.test_diff_impact.TestDiffImpactGate;tests.test_diff_impact.TestFormatters;tests.test_diff_impact.TestGitDeltaExtractor;tests.test_diff_impact.TestGitDeltaExtractorRangeMergeBase;tests.test_diff_impact.TestIsTestSymbol;tests.test_diff_impact.TestMcpServiceDiffImpact;tests.test_diff_impact.TestStandaloneFunctions;tests.test_diff_impact_github.GithubRendererHonestyTests;tests.test_diff_impact_github.GithubRendererTests;tests.test_history_retention;tests.test_impact_pipeline.TestArchitectureGuard;tests.test_impact_pipeline.TestCollectionFaults;tests.test_impact_pipeline.TestImpactClaimRequest;tests.test_impact_pipeline.TestParityMatrix;tests.test_impact_pipeline.TestReceiptStore;tests.test_impact_pipeline.TestReceiptStoreContract;tests.test_impact_pipeline.TestRunImpactClaim;tests.test_impact_pipeline.TestSurfaceFaultInjection;tests.test_impact_pipeline.TestSurfaceWiring;tests.test_precommit_gate.TestHookBehavior;tests.test_precommit_gate.TestHookInstall;tests.test_resolution_ledger.TestCliRendering;tests.test_resolution_ledger.TestDanglingReferences;tests.test_resolution_ledger.TestDebtMarkersEndToEnd;tests.test_resolution_ledger.TestDispositionMatrix;tests.test_resolution_ledger.TestDispositionWiring;tests.test_resolution_ledger.TestIncompatiblePreExcluded;tests.test_resolution_ledger.TestPreReceiptBindingAudit;tests.test_resolution_ledger.TestScanAddedLines;tests.test_resolution_ledger.TestSchemaBlock;tests.test_resolution_ledger.TestValidateTestResults;tests.test_safe_commit_gate.TestGateStrictCli;tests.test_safe_commit_gate.TestSafeCommitGateIntegration;tests.test_safe_commit_gate.TestSafeCommitVerdictPure;tests.test_safe_commit_gate.TestTestResultsTrustBoundary;tests.test_semantic_breaks.TestSemanticBreaks;tests.test_test_impact_split
F12-01,F12,MCP transport profile và parity,Handshake qua process stdio thật,Version và tools list đúng,đã kiểm chứng bằng probe tương ứng,mcp-stdio.json,tests.test_accounting_contract.TestDiagnostics;tests.test_accounting_contract.TestEdgesCapBoundaries;tests.test_accounting_contract.TestEvidenceCapBoundaries;tests.test_accounting_contract.TestFailClosedRuntime;tests.test_accounting_contract.TestLineIndependence;tests.test_accounting_contract.TestRegistryHonesty;tests.test_accounting_contract.TestRegistryIdsSurfaceInReceipts;tests.test_accounting_contract.TestStaticSweep;tests.test_managed_policy_parity;tests.test_mcp.TestMcpDebtR5;tests.test_mcp.TestMcpService;tests.test_mcp_modern.McpModernTests;tests.test_mcp_profiles;tests.test_mcp_prompts.McpPromptTests;tests.test_mcp_receipt_tools.McpReceiptToolsTests
F12-02,F12,MCP transport profile và parity,Profiles core full ops,Allowlist lần lượt đúng không widen âm thầm,đã kiểm chứng bằng probe tương ứng,mcp-stdio.json,tests.test_accounting_contract.TestDiagnostics;tests.test_accounting_contract.TestEdgesCapBoundaries;tests.test_accounting_contract.TestEvidenceCapBoundaries;tests.test_accounting_contract.TestFailClosedRuntime;tests.test_accounting_contract.TestLineIndependence;tests.test_accounting_contract.TestRegistryHonesty;tests.test_accounting_contract.TestRegistryIdsSurfaceInReceipts;tests.test_accounting_contract.TestStaticSweep;tests.test_managed_policy_parity;tests.test_mcp.TestMcpDebtR5;tests.test_mcp.TestMcpService;tests.test_mcp_modern.McpModernTests;tests.test_mcp_profiles;tests.test_mcp_prompts.McpPromptTests;tests.test_mcp_receipt_tools.McpReceiptToolsTests
F12-03,F12,MCP transport profile và parity,Gọi hidden writer trực tiếp bằng RPC,tool_disabled dù client không discovery,đã kiểm chứng bằng probe tương ứng,mcp-stdio.json,tests.test_accounting_contract.TestDiagnostics;tests.test_accounting_contract.TestEdgesCapBoundaries;tests.test_accounting_contract.TestEvidenceCapBoundaries;tests.test_accounting_contract.TestFailClosedRuntime;tests.test_accounting_contract.TestLineIndependence;tests.test_accounting_contract.TestRegistryHonesty;tests.test_accounting_contract.TestRegistryIdsSurfaceInReceipts;tests.test_accounting_contract.TestStaticSweep;tests.test_managed_policy_parity;tests.test_mcp.TestMcpDebtR5;tests.test_mcp.TestMcpService;tests.test_mcp_modern.McpModernTests;tests.test_mcp_profiles;tests.test_mcp_prompts.McpPromptTests;tests.test_mcp_receipt_tools.McpReceiptToolsTests
F12-04,F12,MCP transport profile và parity,Profile env sai và flag override,Reject invalid profile đúng precedence,đã truy tìm nhánh và test liên quan chưa chứng minh toàn bộ tình huống,,tests.test_accounting_contract.TestDiagnostics;tests.test_accounting_contract.TestEdgesCapBoundaries;tests.test_accounting_contract.TestEvidenceCapBoundaries;tests.test_accounting_contract.TestFailClosedRuntime;tests.test_accounting_contract.TestLineIndependence;tests.test_accounting_contract.TestRegistryHonesty;tests.test_accounting_contract.TestRegistryIdsSurfaceInReceipts;tests.test_accounting_contract.TestStaticSweep;tests.test_managed_policy_parity;tests.test_mcp.TestMcpDebtR5;tests.test_mcp.TestMcpService;tests.test_mcp_modern.McpModernTests;tests.test_mcp_profiles;tests.test_mcp_prompts.McpPromptTests;tests.test_mcp_receipt_tools.McpReceiptToolsTests
F12-05,F12,MCP transport profile và parity,Argument unknown bool float âm NaN,Schema validation và service bounds nhất quán,đã truy tìm nhánh và test liên quan chưa chứng minh toàn bộ tình huống,,tests.test_accounting_contract.TestDiagnostics;tests.test_accounting_contract.TestEdgesCapBoundaries;tests.test_accounting_contract.TestEvidenceCapBoundaries;tests.test_accounting_contract.TestFailClosedRuntime;tests.test_accounting_contract.TestLineIndependence;tests.test_accounting_contract.TestRegistryHonesty;tests.test_accounting_contract.TestRegistryIdsSurfaceInReceipts;tests.test_accounting_contract.TestStaticSweep;tests.test_managed_policy_parity;tests.test_mcp.TestMcpDebtR5;tests.test_mcp.TestMcpService;tests.test_mcp_modern.McpModernTests;tests.test_mcp_profiles;tests.test_mcp_prompts.McpPromptTests;tests.test_mcp_receipt_tools.McpReceiptToolsTests
F12-06,F12,MCP transport profile và parity,Output directory traversal hoặc symlink,Không ghi ngoài project,đã truy tìm nhánh và test liên quan chưa chứng minh toàn bộ tình huống,,tests.test_accounting_contract.TestDiagnostics;tests.test_accounting_contract.TestEdgesCapBoundaries;tests.test_accounting_contract.TestEvidenceCapBoundaries;tests.test_accounting_contract.TestFailClosedRuntime;tests.test_accounting_contract.TestLineIndependence;tests.test_accounting_contract.TestRegistryHonesty;tests.test_accounting_contract.TestRegistryIdsSurfaceInReceipts;tests.test_accounting_contract.TestStaticSweep;tests.test_managed_policy_parity;tests.test_mcp.TestMcpDebtR5;tests.test_mcp.TestMcpService;tests.test_mcp_modern.McpModernTests;tests.test_mcp_profiles;tests.test_mcp_prompts.McpPromptTests;tests.test_mcp_receipt_tools.McpReceiptToolsTests
F12-07,F12,MCP transport profile và parity,Response vượt byte cap hoặc một record quá lớn,Trim đúng collection stats và assurance,đã truy tìm nhánh và test liên quan chưa chứng minh toàn bộ tình huống,,tests.test_accounting_contract.TestDiagnostics;tests.test_accounting_contract.TestEdgesCapBoundaries;tests.test_accounting_contract.TestEvidenceCapBoundaries;tests.test_accounting_contract.TestFailClosedRuntime;tests.test_accounting_contract.TestLineIndependence;tests.test_accounting_contract.TestRegistryHonesty;tests.test_accounting_contract.TestRegistryIdsSurfaceInReceipts;tests.test_accounting_contract.TestStaticSweep;tests.test_managed_policy_parity;tests.test_mcp.TestMcpDebtR5;tests.test_mcp.TestMcpService;tests.test_mcp_modern.McpModernTests;tests.test_mcp_profiles;tests.test_mcp_prompts.McpPromptTests;tests.test_mcp_receipt_tools.McpReceiptToolsTests
F12-08,F12,MCP transport profile và parity,Invalid UTF8 surrogate control chars,Transport JSON hợp lệ,đã truy tìm nhánh và test liên quan chưa chứng minh toàn bộ tình huống,,tests.test_accounting_contract.TestDiagnostics;tests.test_accounting_contract.TestEdgesCapBoundaries;tests.test_accounting_contract.TestEvidenceCapBoundaries;tests.test_accounting_contract.TestFailClosedRuntime;tests.test_accounting_contract.TestLineIndependence;tests.test_accounting_contract.TestRegistryHonesty;tests.test_accounting_contract.TestRegistryIdsSurfaceInReceipts;tests.test_accounting_contract.TestStaticSweep;tests.test_managed_policy_parity;tests.test_mcp.TestMcpDebtR5;tests.test_mcp.TestMcpService;tests.test_mcp_modern.McpModernTests;tests.test_mcp_profiles;tests.test_mcp_prompts.McpPromptTests;tests.test_mcp_receipt_tools.McpReceiptToolsTests
F12-09,F12,MCP transport profile và parity,Request concurrent và client disconnect,Không leak writer connection hoặc lock,đã truy tìm nhánh và test liên quan chưa chứng minh toàn bộ tình huống,,tests.test_accounting_contract.TestDiagnostics;tests.test_accounting_contract.TestEdgesCapBoundaries;tests.test_accounting_contract.TestEvidenceCapBoundaries;tests.test_accounting_contract.TestFailClosedRuntime;tests.test_accounting_contract.TestLineIndependence;tests.test_accounting_contract.TestRegistryHonesty;tests.test_accounting_contract.TestRegistryIdsSurfaceInReceipts;tests.test_accounting_contract.TestStaticSweep;tests.test_managed_policy_parity;tests.test_mcp.TestMcpDebtR5;tests.test_mcp.TestMcpService;tests.test_mcp_modern.McpModernTests;tests.test_mcp_profiles;tests.test_mcp_prompts.McpPromptTests;tests.test_mcp_receipt_tools.McpReceiptToolsTests
F12-10,F12,MCP transport profile và parity,Freshness reconcile thất bại,Envelope serving state công bố,đã truy tìm nhánh và test liên quan chưa chứng minh toàn bộ tình huống,,tests.test_accounting_contract.TestDiagnostics;tests.test_accounting_contract.TestEdgesCapBoundaries;tests.test_accounting_contract.TestEvidenceCapBoundaries;tests.test_accounting_contract.TestFailClosedRuntime;tests.test_accounting_contract.TestLineIndependence;tests.test_accounting_contract.TestRegistryHonesty;tests.test_accounting_contract.TestRegistryIdsSurfaceInReceipts;tests.test_accounting_contract.TestStaticSweep;tests.test_managed_policy_parity;tests.test_mcp.TestMcpDebtR5;tests.test_mcp.TestMcpService;tests.test_mcp_modern.McpModernTests;tests.test_mcp_profiles;tests.test_mcp_prompts.McpPromptTests;tests.test_mcp_receipt_tools.McpReceiptToolsTests
F12-11,F12,MCP transport profile và parity,Pack node cap trên CLI và MCP,Cả hai công bố partial nếu có omission,lỗi hoặc contract cần cải thiện đã tái hiện,pack-nodecap-1,tests.test_accounting_contract.TestDiagnostics;tests.test_accounting_contract.TestEdgesCapBoundaries;tests.test_accounting_contract.TestEvidenceCapBoundaries;tests.test_accounting_contract.TestFailClosedRuntime;tests.test_accounting_contract.TestLineIndependence;tests.test_accounting_contract.TestRegistryHonesty;tests.test_accounting_contract.TestRegistryIdsSurfaceInReceipts;tests.test_accounting_contract.TestStaticSweep;tests.test_managed_policy_parity;tests.test_mcp.TestMcpDebtR5;tests.test_mcp.TestMcpService;tests.test_mcp_modern.McpModernTests;tests.test_mcp_profiles;tests.test_mcp_prompts.McpPromptTests;tests.test_mcp_receipt_tools.McpReceiptToolsTests
F12-12,F12,MCP transport profile và parity,SDK extra chưa cài,CLI core import chạy MCP báo hướng dẫn,đã truy tìm nhánh và test liên quan chưa chứng minh toàn bộ tình huống,,tests.test_accounting_contract.TestDiagnostics;tests.test_accounting_contract.TestEdgesCapBoundaries;tests.test_accounting_contract.TestEvidenceCapBoundaries;tests.test_accounting_contract.TestFailClosedRuntime;tests.test_accounting_contract.TestLineIndependence;tests.test_accounting_contract.TestRegistryHonesty;tests.test_accounting_contract.TestRegistryIdsSurfaceInReceipts;tests.test_accounting_contract.TestStaticSweep;tests.test_managed_policy_parity;tests.test_mcp.TestMcpDebtR5;tests.test_mcp.TestMcpService;tests.test_mcp_modern.McpModernTests;tests.test_mcp_profiles;tests.test_mcp_prompts.McpPromptTests;tests.test_mcp_receipt_tools.McpReceiptToolsTests
F13-01,F13,SQLite bảo trì và ghi chú bền vững,Database file bị corrupt hoặc không SQLite,Doctor chẩn đoán có cấu trúc không traceback,lỗi hoặc contract cần cải thiện đã tái hiện,corrupt-db-doctor,tests.test_core_safety_fixes.CoreSafetyFixTests;tests.test_hardening_fixes.HardeningFixesTests;tests.test_history_retention;tests.test_maintenance.MaintenanceTests;tests.test_p9_chaos_migration.TestChaos;tests.test_p9_chaos_migration.TestLifecycleManifest;tests.test_p9_chaos_migration.TestMigrations;tests.test_storage_integrity;tests.test_v2_upgrade.BindingResolverTests;tests.test_v2_upgrade.CasPublicationTests;tests.test_v2_upgrade.DeterminismTests;tests.test_v2_upgrade.LegacyResetHealingTests;tests.test_v2_upgrade.LockingTests;tests.test_v2_upgrade.PackTests;tests.test_v2_upgrade.SchemaV2Tests;tests.test_v2_upgrade.WatcherTests
F13-02,F13,SQLite bảo trì và ghi chú bền vững,Schema cũ hoặc migration fail,Notes giữ nguyên và rebuild được công bố,đã truy tìm nhánh và test liên quan chưa chứng minh toàn bộ tình huống,,tests.test_core_safety_fixes.CoreSafetyFixTests;tests.test_hardening_fixes.HardeningFixesTests;tests.test_history_retention;tests.test_maintenance.MaintenanceTests;tests.test_p9_chaos_migration.TestChaos;tests.test_p9_chaos_migration.TestLifecycleManifest;tests.test_p9_chaos_migration.TestMigrations;tests.test_storage_integrity;tests.test_v2_upgrade.BindingResolverTests;tests.test_v2_upgrade.CasPublicationTests;tests.test_v2_upgrade.DeterminismTests;tests.test_v2_upgrade.LegacyResetHealingTests;tests.test_v2_upgrade.LockingTests;tests.test_v2_upgrade.PackTests;tests.test_v2_upgrade.SchemaV2Tests;tests.test_v2_upgrade.WatcherTests
F13-03,F13,SQLite bảo trì và ghi chú bền vững,FTS mismatch orphan node hoặc foreign key violation,Doctor báo lỗi không tự sửa trong read only,đã truy tìm nhánh và test liên quan chưa chứng minh toàn bộ tình huống,,tests.test_core_safety_fixes.CoreSafetyFixTests;tests.test_hardening_fixes.HardeningFixesTests;tests.test_history_retention;tests.test_maintenance.MaintenanceTests;tests.test_p9_chaos_migration.TestChaos;tests.test_p9_chaos_migration.TestLifecycleManifest;tests.test_p9_chaos_migration.TestMigrations;tests.test_storage_integrity;tests.test_v2_upgrade.BindingResolverTests;tests.test_v2_upgrade.CasPublicationTests;tests.test_v2_upgrade.DeterminismTests;tests.test_v2_upgrade.LegacyResetHealingTests;tests.test_v2_upgrade.LockingTests;tests.test_v2_upgrade.PackTests;tests.test_v2_upgrade.SchemaV2Tests;tests.test_v2_upgrade.WatcherTests
F13-04,F13,SQLite bảo trì và ghi chú bền vững,Clean stale file và dangling edge,Không xóa notes hợp lệ,đã truy tìm nhánh và test liên quan chưa chứng minh toàn bộ tình huống,,tests.test_core_safety_fixes.CoreSafetyFixTests;tests.test_hardening_fixes.HardeningFixesTests;tests.test_history_retention;tests.test_maintenance.MaintenanceTests;tests.test_p9_chaos_migration.TestChaos;tests.test_p9_chaos_migration.TestLifecycleManifest;tests.test_p9_chaos_migration.TestMigrations;tests.test_storage_integrity;tests.test_v2_upgrade.BindingResolverTests;tests.test_v2_upgrade.CasPublicationTests;tests.test_v2_upgrade.DeterminismTests;tests.test_v2_upgrade.LegacyResetHealingTests;tests.test_v2_upgrade.LockingTests;tests.test_v2_upgrade.PackTests;tests.test_v2_upgrade.SchemaV2Tests;tests.test_v2_upgrade.WatcherTests
F13-05,F13,SQLite bảo trì và ghi chú bền vững,Clean all không include notes,Bảo toàn notes vĩnh viễn,đã kiểm chứng bằng probe tương ứng,notes-preserved,tests.test_core_safety_fixes.CoreSafetyFixTests;tests.test_hardening_fixes.HardeningFixesTests;tests.test_history_retention;tests.test_maintenance.MaintenanceTests;tests.test_p9_chaos_migration.TestChaos;tests.test_p9_chaos_migration.TestLifecycleManifest;tests.test_p9_chaos_migration.TestMigrations;tests.test_storage_integrity;tests.test_v2_upgrade.BindingResolverTests;tests.test_v2_upgrade.CasPublicationTests;tests.test_v2_upgrade.DeterminismTests;tests.test_v2_upgrade.LegacyResetHealingTests;tests.test_v2_upgrade.LockingTests;tests.test_v2_upgrade.PackTests;tests.test_v2_upgrade.SchemaV2Tests;tests.test_v2_upgrade.WatcherTests
F13-06,F13,SQLite bảo trì và ghi chú bền vững,Clean all include notes,Chỉ xóa notes khi explicit scope,đã truy tìm nhánh và test liên quan chưa chứng minh toàn bộ tình huống,,tests.test_core_safety_fixes.CoreSafetyFixTests;tests.test_hardening_fixes.HardeningFixesTests;tests.test_history_retention;tests.test_maintenance.MaintenanceTests;tests.test_p9_chaos_migration.TestChaos;tests.test_p9_chaos_migration.TestLifecycleManifest;tests.test_p9_chaos_migration.TestMigrations;tests.test_storage_integrity;tests.test_v2_upgrade.BindingResolverTests;tests.test_v2_upgrade.CasPublicationTests;tests.test_v2_upgrade.DeterminismTests;tests.test_v2_upgrade.LegacyResetHealingTests;tests.test_v2_upgrade.LockingTests;tests.test_v2_upgrade.PackTests;tests.test_v2_upgrade.SchemaV2Tests;tests.test_v2_upgrade.WatcherTests
F13-07,F13,SQLite bảo trì và ghi chú bền vững,Dry run clean và vacuum,Không thay đổi dữ liệu,đã kiểm chứng bằng probe tương ứng,maintenance-dry-run,tests.test_core_safety_fixes.CoreSafetyFixTests;tests.test_hardening_fixes.HardeningFixesTests;tests.test_history_retention;tests.test_maintenance.MaintenanceTests;tests.test_p9_chaos_migration.TestChaos;tests.test_p9_chaos_migration.TestLifecycleManifest;tests.test_p9_chaos_migration.TestMigrations;tests.test_storage_integrity;tests.test_v2_upgrade.BindingResolverTests;tests.test_v2_upgrade.CasPublicationTests;tests.test_v2_upgrade.DeterminismTests;tests.test_v2_upgrade.LegacyResetHealingTests;tests.test_v2_upgrade.LockingTests;tests.test_v2_upgrade.PackTests;tests.test_v2_upgrade.SchemaV2Tests;tests.test_v2_upgrade.WatcherTests
F13-08,F13,SQLite bảo trì và ghi chú bền vững,WAL hard kill giữa transaction,Recovery không mixed generations,đã truy tìm nhánh và test liên quan chưa chứng minh toàn bộ tình huống,,tests.test_core_safety_fixes.CoreSafetyFixTests;tests.test_hardening_fixes.HardeningFixesTests;tests.test_history_retention;tests.test_maintenance.MaintenanceTests;tests.test_p9_chaos_migration.TestChaos;tests.test_p9_chaos_migration.TestLifecycleManifest;tests.test_p9_chaos_migration.TestMigrations;tests.test_storage_integrity;tests.test_v2_upgrade.BindingResolverTests;tests.test_v2_upgrade.CasPublicationTests;tests.test_v2_upgrade.DeterminismTests;tests.test_v2_upgrade.LegacyResetHealingTests;tests.test_v2_upgrade.LockingTests;tests.test_v2_upgrade.PackTests;tests.test_v2_upgrade.SchemaV2Tests;tests.test_v2_upgrade.WatcherTests
F13-09,F13,SQLite bảo trì và ghi chú bền vững,ENOSPC hoặc connection drop,Rollback và không half published graph,đã truy tìm nhánh và test liên quan chưa chứng minh toàn bộ tình huống,,tests.test_core_safety_fixes.CoreSafetyFixTests;tests.test_hardening_fixes.HardeningFixesTests;tests.test_history_retention;tests.test_maintenance.MaintenanceTests;tests.test_p9_chaos_migration.TestChaos;tests.test_p9_chaos_migration.TestLifecycleManifest;tests.test_p9_chaos_migration.TestMigrations;tests.test_storage_integrity;tests.test_v2_upgrade.BindingResolverTests;tests.test_v2_upgrade.CasPublicationTests;tests.test_v2_upgrade.DeterminismTests;tests.test_v2_upgrade.LegacyResetHealingTests;tests.test_v2_upgrade.LockingTests;tests.test_v2_upgrade.PackTests;tests.test_v2_upgrade.SchemaV2Tests;tests.test_v2_upgrade.WatcherTests
F13-10,F13,SQLite bảo trì và ghi chú bền vững,Concurrent reader writer,Không incoherent snapshot,đã truy tìm nhánh và test liên quan chưa chứng minh toàn bộ tình huống,,tests.test_core_safety_fixes.CoreSafetyFixTests;tests.test_hardening_fixes.HardeningFixesTests;tests.test_history_retention;tests.test_maintenance.MaintenanceTests;tests.test_p9_chaos_migration.TestChaos;tests.test_p9_chaos_migration.TestLifecycleManifest;tests.test_p9_chaos_migration.TestMigrations;tests.test_storage_integrity;tests.test_v2_upgrade.BindingResolverTests;tests.test_v2_upgrade.CasPublicationTests;tests.test_v2_upgrade.DeterminismTests;tests.test_v2_upgrade.LegacyResetHealingTests;tests.test_v2_upgrade.LockingTests;tests.test_v2_upgrade.PackTests;tests.test_v2_upgrade.SchemaV2Tests;tests.test_v2_upgrade.WatcherTests
F13-11,F13,SQLite bảo trì và ghi chú bền vững,Lock timeout replace hoặc unlink lock,Không release lock thuộc owner khác,đã truy tìm nhánh và test liên quan chưa chứng minh toàn bộ tình huống,,tests.test_core_safety_fixes.CoreSafetyFixTests;tests.test_hardening_fixes.HardeningFixesTests;tests.test_history_retention;tests.test_maintenance.MaintenanceTests;tests.test_p9_chaos_migration.TestChaos;tests.test_p9_chaos_migration.TestLifecycleManifest;tests.test_p9_chaos_migration.TestMigrations;tests.test_storage_integrity;tests.test_v2_upgrade.BindingResolverTests;tests.test_v2_upgrade.CasPublicationTests;tests.test_v2_upgrade.DeterminismTests;tests.test_v2_upgrade.LegacyResetHealingTests;tests.test_v2_upgrade.LockingTests;tests.test_v2_upgrade.PackTests;tests.test_v2_upgrade.SchemaV2Tests;tests.test_v2_upgrade.WatcherTests
F13-12,F13,SQLite bảo trì và ghi chú bền vững,Database read only hoặc directory permission denied,Graceful actionable error và không implicit relocation,đã truy tìm nhánh và test liên quan chưa chứng minh toàn bộ tình huống,,tests.test_core_safety_fixes.CoreSafetyFixTests;tests.test_hardening_fixes.HardeningFixesTests;tests.test_history_retention;tests.test_maintenance.MaintenanceTests;tests.test_p9_chaos_migration.TestChaos;tests.test_p9_chaos_migration.TestLifecycleManifest;tests.test_p9_chaos_migration.TestMigrations;tests.test_storage_integrity;tests.test_v2_upgrade.BindingResolverTests;tests.test_v2_upgrade.CasPublicationTests;tests.test_v2_upgrade.DeterminismTests;tests.test_v2_upgrade.LegacyResetHealingTests;tests.test_v2_upgrade.LockingTests;tests.test_v2_upgrade.PackTests;tests.test_v2_upgrade.SchemaV2Tests;tests.test_v2_upgrade.WatcherTests
F14-01,F14,Watcher process và concurrency,Watcher chưa chạy và status request,Exit contract STOPPED rõ,đã kiểm chứng bằng probe tương ứng,watch-stopped-status,tests.fault.test_fault_injection.TestFaultInjection;tests.property.test_invariants.TestSotGraphInvariants;tests.test_engine_daemon.DaemonClientTests;tests.test_engine_daemon.DaemonGuardTests;tests.test_monorepo_ledger_concurrency.TestConcurrentLedgerPublication;tests.test_proc_environment;tests.test_proc_process_group;tests.test_proc_runner;tests.test_proc_streaming_cap;tests.test_proc_windows_job;tests.test_watcher_daemon.TestBatchJanitor;tests.test_watcher_daemon.TestWatcherDaemon
F14-02,F14,Watcher process và concurrency,Create modify rename delete burst,Debounce không làm mất sự kiện,đã truy tìm nhánh và test liên quan chưa chứng minh toàn bộ tình huống,,tests.fault.test_fault_injection.TestFaultInjection;tests.property.test_invariants.TestSotGraphInvariants;tests.test_engine_daemon.DaemonClientTests;tests.test_engine_daemon.DaemonGuardTests;tests.test_monorepo_ledger_concurrency.TestConcurrentLedgerPublication;tests.test_proc_environment;tests.test_proc_process_group;tests.test_proc_runner;tests.test_proc_streaming_cap;tests.test_proc_windows_job;tests.test_watcher_daemon.TestBatchJanitor;tests.test_watcher_daemon.TestWatcherDaemon
F14-03,F14,Watcher process và concurrency,File bị ignore và dot directory,Không reconcile out of scope,đã truy tìm nhánh và test liên quan chưa chứng minh toàn bộ tình huống,,tests.fault.test_fault_injection.TestFaultInjection;tests.property.test_invariants.TestSotGraphInvariants;tests.test_engine_daemon.DaemonClientTests;tests.test_engine_daemon.DaemonGuardTests;tests.test_monorepo_ledger_concurrency.TestConcurrentLedgerPublication;tests.test_proc_environment;tests.test_proc_process_group;tests.test_proc_runner;tests.test_proc_streaming_cap;tests.test_proc_windows_job;tests.test_watcher_daemon.TestBatchJanitor;tests.test_watcher_daemon.TestWatcherDaemon
F14-04,F14,Watcher process và concurrency,Watchfiles chưa cài,Poll fallback tương đương,đã truy tìm nhánh và test liên quan chưa chứng minh toàn bộ tình huống,,tests.fault.test_fault_injection.TestFaultInjection;tests.property.test_invariants.TestSotGraphInvariants;tests.test_engine_daemon.DaemonClientTests;tests.test_engine_daemon.DaemonGuardTests;tests.test_monorepo_ledger_concurrency.TestConcurrentLedgerPublication;tests.test_proc_environment;tests.test_proc_process_group;tests.test_proc_runner;tests.test_proc_streaming_cap;tests.test_proc_windows_job;tests.test_watcher_daemon.TestBatchJanitor;tests.test_watcher_daemon.TestWatcherDaemon
F14-05,F14,Watcher process và concurrency,LockBusy khi batch reconcile,Queue retry không mất path,đã truy tìm nhánh và test liên quan chưa chứng minh toàn bộ tình huống,,tests.fault.test_fault_injection.TestFaultInjection;tests.property.test_invariants.TestSotGraphInvariants;tests.test_engine_daemon.DaemonClientTests;tests.test_engine_daemon.DaemonGuardTests;tests.test_monorepo_ledger_concurrency.TestConcurrentLedgerPublication;tests.test_proc_environment;tests.test_proc_process_group;tests.test_proc_runner;tests.test_proc_streaming_cap;tests.test_proc_windows_job;tests.test_watcher_daemon.TestBatchJanitor;tests.test_watcher_daemon.TestWatcherDaemon
F14-06,F14,Watcher process và concurrency,Daemon start hai lần đồng thời,Chỉ một verified identity owner,đã truy tìm nhánh và test liên quan chưa chứng minh toàn bộ tình huống,,tests.fault.test_fault_injection.TestFaultInjection;tests.property.test_invariants.TestSotGraphInvariants;tests.test_engine_daemon.DaemonClientTests;tests.test_engine_daemon.DaemonGuardTests;tests.test_monorepo_ledger_concurrency.TestConcurrentLedgerPublication;tests.test_proc_environment;tests.test_proc_process_group;tests.test_proc_runner;tests.test_proc_streaming_cap;tests.test_proc_windows_job;tests.test_watcher_daemon.TestBatchJanitor;tests.test_watcher_daemon.TestWatcherDaemon
F14-07,F14,Watcher process và concurrency,PID reuse hoặc stale PID file,Không kill process unrelated,đã truy tìm nhánh và test liên quan chưa chứng minh toàn bộ tình huống,,tests.fault.test_fault_injection.TestFaultInjection;tests.property.test_invariants.TestSotGraphInvariants;tests.test_engine_daemon.DaemonClientTests;tests.test_engine_daemon.DaemonGuardTests;tests.test_monorepo_ledger_concurrency.TestConcurrentLedgerPublication;tests.test_proc_environment;tests.test_proc_process_group;tests.test_proc_runner;tests.test_proc_streaming_cap;tests.test_proc_windows_job;tests.test_watcher_daemon.TestBatchJanitor;tests.test_watcher_daemon.TestWatcherDaemon
F14-08,F14,Watcher process và concurrency,Symlink repo hoặc multi project watcher,Canonical project isolation,đã truy tìm nhánh và test liên quan chưa chứng minh toàn bộ tình huống,,tests.fault.test_fault_injection.TestFaultInjection;tests.property.test_invariants.TestSotGraphInvariants;tests.test_engine_daemon.DaemonClientTests;tests.test_engine_daemon.DaemonGuardTests;tests.test_monorepo_ledger_concurrency.TestConcurrentLedgerPublication;tests.test_proc_environment;tests.test_proc_process_group;tests.test_proc_runner;tests.test_proc_streaming_cap;tests.test_proc_windows_job;tests.test_watcher_daemon.TestBatchJanitor;tests.test_watcher_daemon.TestWatcherDaemon
F14-09,F14,Watcher process và concurrency,SIGINT SIGTERM và child grandchild,Đóng group và giải phóng resources,đã truy tìm nhánh và test liên quan chưa chứng minh toàn bộ tình huống,,tests.fault.test_fault_injection.TestFaultInjection;tests.property.test_invariants.TestSotGraphInvariants;tests.test_engine_daemon.DaemonClientTests;tests.test_engine_daemon.DaemonGuardTests;tests.test_monorepo_ledger_concurrency.TestConcurrentLedgerPublication;tests.test_proc_environment;tests.test_proc_process_group;tests.test_proc_runner;tests.test_proc_streaming_cap;tests.test_proc_windows_job;tests.test_watcher_daemon.TestBatchJanitor;tests.test_watcher_daemon.TestWatcherDaemon
F14-10,F14,Watcher process và concurrency,Output quá lớn hoặc child ghi liên tục,Streaming cap không deadlock,đã truy tìm nhánh và test liên quan chưa chứng minh toàn bộ tình huống,,tests.fault.test_fault_injection.TestFaultInjection;tests.property.test_invariants.TestSotGraphInvariants;tests.test_engine_daemon.DaemonClientTests;tests.test_engine_daemon.DaemonGuardTests;tests.test_monorepo_ledger_concurrency.TestConcurrentLedgerPublication;tests.test_proc_environment;tests.test_proc_process_group;tests.test_proc_runner;tests.test_proc_streaming_cap;tests.test_proc_windows_job;tests.test_watcher_daemon.TestBatchJanitor;tests.test_watcher_daemon.TestWatcherDaemon
F14-11,F14,Watcher process và concurrency,Timeout spawn error và env secrets,Exit normalized và env không rò dữ liệu,đã truy tìm nhánh và test liên quan chưa chứng minh toàn bộ tình huống,,tests.fault.test_fault_injection.TestFaultInjection;tests.property.test_invariants.TestSotGraphInvariants;tests.test_engine_daemon.DaemonClientTests;tests.test_engine_daemon.DaemonGuardTests;tests.test_monorepo_ledger_concurrency.TestConcurrentLedgerPublication;tests.test_proc_environment;tests.test_proc_process_group;tests.test_proc_runner;tests.test_proc_streaming_cap;tests.test_proc_windows_job;tests.test_watcher_daemon.TestBatchJanitor;tests.test_watcher_daemon.TestWatcherDaemon
F14-12,F14,Watcher process và concurrency,Windows Job Object và macOS LaunchAgent systemd,Kiểm chứng riêng trên đúng OS không suy từ mocks,đã truy tìm nhánh và test liên quan chưa chứng minh toàn bộ tình huống,,tests.fault.test_fault_injection.TestFaultInjection;tests.property.test_invariants.TestSotGraphInvariants;tests.test_engine_daemon.DaemonClientTests;tests.test_engine_daemon.DaemonGuardTests;tests.test_monorepo_ledger_concurrency.TestConcurrentLedgerPublication;tests.test_proc_environment;tests.test_proc_process_group;tests.test_proc_runner;tests.test_proc_streaming_cap;tests.test_proc_windows_job;tests.test_watcher_daemon.TestBatchJanitor;tests.test_watcher_daemon.TestWatcherDaemon
F15-01,F15,Trace analytics bundle và export,Bundle facts,Sinh đúng 5 fact files có schema và scope,đã kiểm chứng bằng probe tương ứng,bundle-facts,tests.test_analytics.AnalyticsTests;tests.test_arch_flow;tests.test_arch_html;tests.test_arch_module.TestGenerateModuleHtml;tests.test_arch_module.TestModuleKey;tests.test_arch_module.TestRollup;tests.test_bundle.TestArchitectureBundler;tests.test_bundle_conformance.TestBundleConformance;tests.test_bundle_conformance.TestTemplateSchemaDriven;tests.test_export.ExportTests;tests.test_report_conformance.TestReportConformance;tests.test_report_conformance.TestShippedPathIntegration;tests.test_solution_trace.TestResolveServiceSymbol;tests.test_solution_trace.TestSolutionAndTraceEngine
F15-02,F15,Trace analytics bundle và export,Graph rỗng hoặc không có edge,Analytics hữu hạn không division by zero,đã truy tìm nhánh và test liên quan chưa chứng minh toàn bộ tình huống,,tests.test_analytics.AnalyticsTests;tests.test_arch_flow;tests.test_arch_html;tests.test_arch_module.TestGenerateModuleHtml;tests.test_arch_module.TestModuleKey;tests.test_arch_module.TestRollup;tests.test_bundle.TestArchitectureBundler;tests.test_bundle_conformance.TestBundleConformance;tests.test_bundle_conformance.TestTemplateSchemaDriven;tests.test_export.ExportTests;tests.test_report_conformance.TestReportConformance;tests.test_report_conformance.TestShippedPathIntegration;tests.test_solution_trace.TestResolveServiceSymbol;tests.test_solution_trace.TestSolutionAndTraceEngine
F15-03,F15,Trace analytics bundle và export,Hub nhiều node hoặc hàng chục nghìn node,Runtime memory budget và progress cancellation,đã truy tìm nhánh và test liên quan chưa chứng minh toàn bộ tình huống,,tests.test_analytics.AnalyticsTests;tests.test_arch_flow;tests.test_arch_html;tests.test_arch_module.TestGenerateModuleHtml;tests.test_arch_module.TestModuleKey;tests.test_arch_module.TestRollup;tests.test_bundle.TestArchitectureBundler;tests.test_bundle_conformance.TestBundleConformance;tests.test_bundle_conformance.TestTemplateSchemaDriven;tests.test_export.ExportTests;tests.test_report_conformance.TestReportConformance;tests.test_report_conformance.TestShippedPathIntegration;tests.test_solution_trace.TestResolveServiceSymbol;tests.test_solution_trace.TestSolutionAndTraceEngine
F15-04,F15,Trace analytics bundle và export,Trace endpoint symbol ticket không tồn tại,Bounded absence và không dựng đường giả,đã truy tìm nhánh và test liên quan chưa chứng minh toàn bộ tình huống,,tests.test_analytics.AnalyticsTests;tests.test_arch_flow;tests.test_arch_html;tests.test_arch_module.TestGenerateModuleHtml;tests.test_arch_module.TestModuleKey;tests.test_arch_module.TestRollup;tests.test_bundle.TestArchitectureBundler;tests.test_bundle_conformance.TestBundleConformance;tests.test_bundle_conformance.TestTemplateSchemaDriven;tests.test_export.ExportTests;tests.test_report_conformance.TestReportConformance;tests.test_report_conformance.TestShippedPathIntegration;tests.test_solution_trace.TestResolveServiceSymbol;tests.test_solution_trace.TestSolutionAndTraceEngine
F15-05,F15,Trace analytics bundle và export,UI branch API binding từ regex body,Gắn heuristic không giả runtime flow,đã truy tìm nhánh và test liên quan chưa chứng minh toàn bộ tình huống,,tests.test_analytics.AnalyticsTests;tests.test_arch_flow;tests.test_arch_html;tests.test_arch_module.TestGenerateModuleHtml;tests.test_arch_module.TestModuleKey;tests.test_arch_module.TestRollup;tests.test_bundle.TestArchitectureBundler;tests.test_bundle_conformance.TestBundleConformance;tests.test_bundle_conformance.TestTemplateSchemaDriven;tests.test_export.ExportTests;tests.test_report_conformance.TestReportConformance;tests.test_report_conformance.TestShippedPathIntegration;tests.test_solution_trace.TestResolveServiceSymbol;tests.test_solution_trace.TestSolutionAndTraceEngine
F15-06,F15,Trace analytics bundle và export,Solution inventory và steps,Role effort chỉ đề xuất heuristic không giả chứng minh,đã truy tìm nhánh và test liên quan chưa chứng minh toàn bộ tình huống,,tests.test_analytics.AnalyticsTests;tests.test_arch_flow;tests.test_arch_html;tests.test_arch_module.TestGenerateModuleHtml;tests.test_arch_module.TestModuleKey;tests.test_arch_module.TestRollup;tests.test_bundle.TestArchitectureBundler;tests.test_bundle_conformance.TestBundleConformance;tests.test_bundle_conformance.TestTemplateSchemaDriven;tests.test_export.ExportTests;tests.test_report_conformance.TestReportConformance;tests.test_report_conformance.TestShippedPathIntegration;tests.test_solution_trace.TestResolveServiceSymbol;tests.test_solution_trace.TestSolutionAndTraceEngine
F15-07,F15,Trace analytics bundle và export,Architecture flow target không tồn tại,Exit 2 và không ghi HTML giả,đã kiểm chứng bằng probe tương ứng,architecture-missing-flow,tests.test_analytics.AnalyticsTests;tests.test_arch_flow;tests.test_arch_html;tests.test_arch_module.TestGenerateModuleHtml;tests.test_arch_module.TestModuleKey;tests.test_arch_module.TestRollup;tests.test_bundle.TestArchitectureBundler;tests.test_bundle_conformance.TestBundleConformance;tests.test_bundle_conformance.TestTemplateSchemaDriven;tests.test_export.ExportTests;tests.test_report_conformance.TestReportConformance;tests.test_report_conformance.TestShippedPathIntegration;tests.test_solution_trace.TestResolveServiceSymbol;tests.test_solution_trace.TestSolutionAndTraceEngine
F15-08,F15,Trace analytics bundle và export,HTML metadata chứa script quote hoặc closing tag,Escape XSS và JSON an toàn,đã truy tìm nhánh và test liên quan chưa chứng minh toàn bộ tình huống,,tests.test_analytics.AnalyticsTests;tests.test_arch_flow;tests.test_arch_html;tests.test_arch_module.TestGenerateModuleHtml;tests.test_arch_module.TestModuleKey;tests.test_arch_module.TestRollup;tests.test_bundle.TestArchitectureBundler;tests.test_bundle_conformance.TestBundleConformance;tests.test_bundle_conformance.TestTemplateSchemaDriven;tests.test_export.ExportTests;tests.test_report_conformance.TestReportConformance;tests.test_report_conformance.TestShippedPathIntegration;tests.test_solution_trace.TestResolveServiceSymbol;tests.test_solution_trace.TestSolutionAndTraceEngine
F15-09,F15,Trace analytics bundle và export,GraphML JSON GraphRAG SCIP export,Output parse được và đúng relation identity,đã kiểm chứng bằng probe tương ứng,export-graphml,tests.test_analytics.AnalyticsTests;tests.test_arch_flow;tests.test_arch_html;tests.test_arch_module.TestGenerateModuleHtml;tests.test_arch_module.TestModuleKey;tests.test_arch_module.TestRollup;tests.test_bundle.TestArchitectureBundler;tests.test_bundle_conformance.TestBundleConformance;tests.test_bundle_conformance.TestTemplateSchemaDriven;tests.test_export.ExportTests;tests.test_report_conformance.TestReportConformance;tests.test_report_conformance.TestShippedPathIntegration;tests.test_solution_trace.TestResolveServiceSymbol;tests.test_solution_trace.TestSolutionAndTraceEngine
F15-10,F15,Trace analytics bundle và export,Obsidian filename collision Unicode reserved names,Không overwrite và link đúng,đã kiểm chứng bằng probe tương ứng,export-obsidian,tests.test_analytics.AnalyticsTests;tests.test_arch_flow;tests.test_arch_html;tests.test_arch_module.TestGenerateModuleHtml;tests.test_arch_module.TestModuleKey;tests.test_arch_module.TestRollup;tests.test_bundle.TestArchitectureBundler;tests.test_bundle_conformance.TestBundleConformance;tests.test_bundle_conformance.TestTemplateSchemaDriven;tests.test_export.ExportTests;tests.test_report_conformance.TestReportConformance;tests.test_report_conformance.TestShippedPathIntegration;tests.test_solution_trace.TestResolveServiceSymbol;tests.test_solution_trace.TestSolutionAndTraceEngine
F15-11,F15,Trace analytics bundle và export,Scope tests hoặc repo path filter,Facts và export dùng đúng universe,đã truy tìm nhánh và test liên quan chưa chứng minh toàn bộ tình huống,,tests.test_analytics.AnalyticsTests;tests.test_arch_flow;tests.test_arch_html;tests.test_arch_module.TestGenerateModuleHtml;tests.test_arch_module.TestModuleKey;tests.test_arch_module.TestRollup;tests.test_bundle.TestArchitectureBundler;tests.test_bundle_conformance.TestBundleConformance;tests.test_bundle_conformance.TestTemplateSchemaDriven;tests.test_export.ExportTests;tests.test_report_conformance.TestReportConformance;tests.test_report_conformance.TestShippedPathIntegration;tests.test_solution_trace.TestResolveServiceSymbol;tests.test_solution_trace.TestSolutionAndTraceEngine
F15-12,F15,Trace analytics bundle và export,Các bước integration dùng root checkout thật,Fixture temp root timeout không tạo artifact ngoài audit,lỗi hoặc contract cần cải thiện đã tái hiện,,tests.test_analytics.AnalyticsTests;tests.test_arch_flow;tests.test_arch_html;tests.test_arch_module.TestGenerateModuleHtml;tests.test_arch_module.TestModuleKey;tests.test_arch_module.TestRollup;tests.test_bundle.TestArchitectureBundler;tests.test_bundle_conformance.TestBundleConformance;tests.test_bundle_conformance.TestTemplateSchemaDriven;tests.test_export.ExportTests;tests.test_report_conformance.TestReportConformance;tests.test_report_conformance.TestShippedPathIntegration;tests.test_solution_trace.TestResolveServiceSymbol;tests.test_solution_trace.TestSolutionAndTraceEngine
